Entity,Code,Year,Mean female height (cm)
Afghanistan,AFG,1896,149.18774
Afghanistan,AFG,1897,149.32146
Afghanistan,AFG,1898,149.45549
Afghanistan,AFG,1899,149.58951
Afghanistan,AFG,1900,149.72359
Afghanistan,AFG,1901,149.85757
Afghanistan,AFG,1902,149.99094
Afghanistan,AFG,1903,150.12364
Afghanistan,AFG,1904,150.25514
Afghanistan,AFG,1905,150.3858
Afghanistan,AFG,1906,150.51567
Afghanistan,AFG,1907,150.64473
Afghanistan,AFG,1908,150.77312
Afghanistan,AFG,1909,150.90091
Afghanistan,AFG,1910,151.02913
Afghanistan,AFG,1911,151.15802
Afghanistan,AFG,1912,151.28764
Afghanistan,AFG,1913,151.41823
Afghanistan,AFG,1914,151.5495
Afghanistan,AFG,1915,151.68155
Afghanistan,AFG,1916,151.81436
Afghanistan,AFG,1917,151.94794
Afghanistan,AFG,1918,152.08186
Afghanistan,AFG,1919,152.21523
Afghanistan,AFG,1920,152.34839
Afghanistan,AFG,1921,152.48058
Afghanistan,AFG,1922,152.61163
Afghanistan,AFG,1923,152.74081
Afghanistan,AFG,1924,152.86862
Afghanistan,AFG,1925,152.99693
Afghanistan,AFG,1926,153.1261
Afghanistan,AFG,1927,153.25594
Afghanistan,AFG,1928,153.3862
Afghanistan,AFG,1929,153.51706
Afghanistan,AFG,1930,153.64792
Afghanistan,AFG,1931,153.77724
Afghanistan,AFG,1932,153.90492
Afghanistan,AFG,1933,154.03151
Afghanistan,AFG,1934,154.15742
Afghanistan,AFG,1935,154.28247
Afghanistan,AFG,1936,154.40701
Afghanistan,AFG,1937,154.53047
Afghanistan,AFG,1938,154.65178
Afghanistan,AFG,1939,154.77025
Afghanistan,AFG,1940,154.88445
Afghanistan,AFG,1941,154.99435
Afghanistan,AFG,1942,155.10002
Afghanistan,AFG,1943,155.20287
Afghanistan,AFG,1944,155.30278
Afghanistan,AFG,1945,155.39987
Afghanistan,AFG,1946,155.49445
Afghanistan,AFG,1947,155.58578
Afghanistan,AFG,1948,155.67381
Afghanistan,AFG,1949,155.75842
Afghanistan,AFG,1950,155.83998
Afghanistan,AFG,1951,155.9181
Afghanistan,AFG,1952,155.99117
Afghanistan,AFG,1953,156.05959
Afghanistan,AFG,1954,156.12288
Afghanistan,AFG,1955,156.18112
Afghanistan,AFG,1956,156.23419
Afghanistan,AFG,1957,156.28256
Afghanistan,AFG,1958,156.32692
Afghanistan,AFG,1959,156.3675
Afghanistan,AFG,1960,156.40425
Afghanistan,AFG,1961,156.43686
Afghanistan,AFG,1962,156.46487
Afghanistan,AFG,1963,156.48643
Afghanistan,AFG,1964,156.5002
Afghanistan,AFG,1965,156.50537
Afghanistan,AFG,1966,156.5027
Afghanistan,AFG,1967,156.49269
Afghanistan,AFG,1968,156.47575
Afghanistan,AFG,1969,156.45206
Afghanistan,AFG,1970,156.42195
Afghanistan,AFG,1971,156.38596
Afghanistan,AFG,1972,156.34517
Afghanistan,AFG,1973,156.30034
Afghanistan,AFG,1974,156.25273
Afghanistan,AFG,1975,156.202
Afghanistan,AFG,1976,156.14827
Afghanistan,AFG,1977,156.0918
Afghanistan,AFG,1978,156.03305
Afghanistan,AFG,1979,155.97322
Afghanistan,AFG,1980,155.91405
Afghanistan,AFG,1981,155.85646
Afghanistan,AFG,1982,155.80116
Afghanistan,AFG,1983,155.74858
Afghanistan,AFG,1984,155.69774
Afghanistan,AFG,1985,155.64787
Afghanistan,AFG,1986,155.59846
Afghanistan,AFG,1987,155.54839
Afghanistan,AFG,1988,155.4969
Afghanistan,AFG,1989,155.44478
Afghanistan,AFG,1990,155.39163
Afghanistan,AFG,1991,155.33879
Afghanistan,AFG,1992,155.28606
Afghanistan,AFG,1993,155.23366
Afghanistan,AFG,1994,155.18076
Afghanistan,AFG,1995,155.12794
Afghanistan,AFG,1996,155.07532
Albania,ALB,1896,150.19614
Albania,ALB,1897,150.41367
Albania,ALB,1898,150.63144
Albania,ALB,1899,150.84894
Albania,ALB,1900,151.06659
Albania,ALB,1901,151.28363
Albania,ALB,1902,151.50027
Albania,ALB,1903,151.71594
Albania,ALB,1904,151.93056
Albania,ALB,1905,152.14404
Albania,ALB,1906,152.35634
Albania,ALB,1907,152.56764
Albania,ALB,1908,152.77797
Albania,ALB,1909,152.9872
Albania,ALB,1910,153.19583
Albania,ALB,1911,153.40457
Albania,ALB,1912,153.61423
Albania,ALB,1913,153.82494
Albania,ALB,1914,154.03653
Albania,ALB,1915,154.24924
Albania,ALB,1916,154.46326
Albania,ALB,1917,154.67874
Albania,ALB,1918,154.89442
Albania,ALB,1919,155.1086
Albania,ALB,1920,155.32117
Albania,ALB,1921,155.53061
Albania,ALB,1922,155.73611
Albania,ALB,1923,155.93657
Albania,ALB,1924,156.1322
Albania,ALB,1925,156.32407
Albania,ALB,1926,156.51201
Albania,ALB,1927,156.69612
Albania,ALB,1928,156.87703
Albania,ALB,1929,157.05493
Albania,ALB,1930,157.23027
Albania,ALB,1931,157.40146
Albania,ALB,1932,157.56914
Albania,ALB,1933,157.73363
Albania,ALB,1934,157.89589
Albania,ALB,1935,158.0557
Albania,ALB,1936,158.21255
Albania,ALB,1937,158.3665
Albania,ALB,1938,158.517
Albania,ALB,1939,158.66322
Albania,ALB,1940,158.80487
Albania,ALB,1941,158.94093
Albania,ALB,1942,159.07166
Albania,ALB,1943,159.19746
Albania,ALB,1944,159.31938
Albania,ALB,1945,159.43802
Albania,ALB,1946,159.55397
Albania,ALB,1947,159.66666
Albania,ALB,1948,159.77591
Albania,ALB,1949,159.88222
Albania,ALB,1950,159.98657
Albania,ALB,1951,160.08986
Albania,ALB,1952,160.1915
Albania,ALB,1953,160.2919
Albania,ALB,1954,160.39096
Albania,ALB,1955,160.48938
Albania,ALB,1956,160.58696
Albania,ALB,1957,160.68433
Albania,ALB,1958,160.7825
Albania,ALB,1959,160.88173
Albania,ALB,1960,160.98154
Albania,ALB,1961,161.0817
Albania,ALB,1962,161.18117
Albania,ALB,1963,161.27728
Albania,ALB,1964,161.36816
Albania,ALB,1965,161.4527
Albania,ALB,1966,161.5309
Albania,ALB,1967,161.60321
Albania,ALB,1968,161.6698
Albania,ALB,1969,161.73083
Albania,ALB,1970,161.78583
Albania,ALB,1971,161.83511
Albania,ALB,1972,161.87817
Albania,ALB,1973,161.91576
Albania,ALB,1974,161.94768
Albania,ALB,1975,161.97398
Albania,ALB,1976,161.99442
Albania,ALB,1977,162.00835
Albania,ALB,1978,162.01593
Albania,ALB,1979,162.01814
Albania,ALB,1980,162.01692
Albania,ALB,1981,162.01312
Albania,ALB,1982,162.00798
Albania,ALB,1983,162.00232
Albania,ALB,1984,161.9953
Albania,ALB,1985,161.98642
Albania,ALB,1986,161.97513
Albania,ALB,1987,161.96071
Albania,ALB,1988,161.94284
Albania,ALB,1989,161.92265
Albania,ALB,1990,161.90065
Albania,ALB,1991,161.87836
Albania,ALB,1992,161.85597
Albania,ALB,1993,161.83398
Albania,ALB,1994,161.81235
Albania,ALB,1995,161.79108
Albania,ALB,1996,161.76985
Algeria,DZA,1896,151.86366
Algeria,DZA,1897,152.0006
Algeria,DZA,1898,152.13785
Algeria,DZA,1899,152.27524
Algeria,DZA,1900,152.4126
Algeria,DZA,1901,152.54935
Algeria,DZA,1902,152.68596
Algeria,DZA,1903,152.82175
Algeria,DZA,1904,152.95651
Algeria,DZA,1905,153.09058
Algeria,DZA,1906,153.22397
Algeria,DZA,1907,153.3566
Algeria,DZA,1908,153.48831
Algeria,DZA,1909,153.61948
Algeria,DZA,1910,153.75018
Algeria,DZA,1911,153.88107
Algeria,DZA,1912,154.01276
Algeria,DZA,1913,154.14568
Algeria,DZA,1914,154.27948
Algeria,DZA,1915,154.41464
Algeria,DZA,1916,154.55098
Algeria,DZA,1917,154.6885
Algeria,DZA,1918,154.82748
Algeria,DZA,1919,154.9668
Algeria,DZA,1920,155.10594
Algeria,DZA,1921,155.24413
Algeria,DZA,1922,155.38106
Algeria,DZA,1923,155.51537
Algeria,DZA,1924,155.64755
Algeria,DZA,1925,155.77837
Algeria,DZA,1926,155.90758
Algeria,DZA,1927,156.03542
Algeria,DZA,1928,156.16222
Algeria,DZA,1929,156.28886
Algeria,DZA,1930,156.4155
Algeria,DZA,1931,156.54095
Algeria,DZA,1932,156.66586
Algeria,DZA,1933,156.79086
Algeria,DZA,1934,156.916
Algeria,DZA,1935,157.04062
Algeria,DZA,1936,157.1642
Algeria,DZA,1937,157.28606
Algeria,DZA,1938,157.40477
Algeria,DZA,1939,157.52087
Algeria,DZA,1940,157.63399
Algeria,DZA,1941,157.7437
Algeria,DZA,1942,157.84975
Algeria,DZA,1943,157.95346
Algeria,DZA,1944,158.05557
Algeria,DZA,1945,158.15645
Algeria,DZA,1946,158.25601
Algeria,DZA,1947,158.35385
Algeria,DZA,1948,158.44896
Algeria,DZA,1949,158.54149
Algeria,DZA,1950,158.63171
Algeria,DZA,1951,158.71994
Algeria,DZA,1952,158.80505
Algeria,DZA,1953,158.88733
Algeria,DZA,1954,158.96635
Algeria,DZA,1955,159.0424
Algeria,DZA,1956,159.11455
Algeria,DZA,1957,159.1833
Algeria,DZA,1958,159.24913
Algeria,DZA,1959,159.31123
Algeria,DZA,1960,159.36995
Algeria,DZA,1961,159.4248
Algeria,DZA,1962,159.4749
Algeria,DZA,1963,159.51878
Algeria,DZA,1964,159.55582
Algeria,DZA,1965,159.5858
Algeria,DZA,1966,159.61026
Algeria,DZA,1967,159.6305
Algeria,DZA,1968,159.6464
Algeria,DZA,1969,159.65756
Algeria,DZA,1970,159.66328
Algeria,DZA,1971,159.6642
Algeria,DZA,1972,159.66068
Algeria,DZA,1973,159.65353
Algeria,DZA,1974,159.64474
Algeria,DZA,1975,159.63315
Algeria,DZA,1976,159.61942
Algeria,DZA,1977,159.60252
Algeria,DZA,1978,159.58269
Algeria,DZA,1979,159.56093
Algeria,DZA,1980,159.53871
Algeria,DZA,1981,159.51683
Algeria,DZA,1982,159.4964
Algeria,DZA,1983,159.47719
Algeria,DZA,1984,159.4586
Algeria,DZA,1985,159.43964
Algeria,DZA,1986,159.41939
Algeria,DZA,1987,159.39716
Algeria,DZA,1988,159.37148
Algeria,DZA,1989,159.34267
Algeria,DZA,1990,159.31041
Algeria,DZA,1991,159.27641
Algeria,DZA,1992,159.24097
Algeria,DZA,1993,159.20471
Algeria,DZA,1994,159.16672
Algeria,DZA,1995,159.12811
Algeria,DZA,1996,159.08961
American Samoa,ASM,1896,158.19739
American Samoa,ASM,1897,158.29146
American Samoa,ASM,1898,158.38593
American Samoa,ASM,1899,158.48015
American Samoa,ASM,1900,158.57399
American Samoa,ASM,1901,158.66695
American Samoa,ASM,1902,158.7588
American Samoa,ASM,1903,158.84843
American Samoa,ASM,1904,158.93596
American Samoa,ASM,1905,159.0212
American Samoa,ASM,1906,159.10365
American Samoa,ASM,1907,159.18336
American Samoa,ASM,1908,159.26068
American Samoa,ASM,1909,159.33572
American Samoa,ASM,1910,159.4088
American Samoa,ASM,1911,159.48038
American Samoa,ASM,1912,159.55121
American Samoa,ASM,1913,159.62093
American Samoa,ASM,1914,159.69014
American Samoa,ASM,1915,159.75896
American Samoa,ASM,1916,159.82793
American Samoa,ASM,1917,159.89677
American Samoa,ASM,1918,159.96567
American Samoa,ASM,1919,160.03397
American Samoa,ASM,1920,160.10207
American Samoa,ASM,1921,160.16951
American Samoa,ASM,1922,160.23572
American Samoa,ASM,1923,160.30054
American Samoa,ASM,1924,160.36438
American Samoa,ASM,1925,160.42851
American Samoa,ASM,1926,160.4935
American Samoa,ASM,1927,160.55913
American Samoa,ASM,1928,160.62497
American Samoa,ASM,1929,160.69086
American Samoa,ASM,1930,160.75648
American Samoa,ASM,1931,160.82071
American Samoa,ASM,1932,160.88318
American Samoa,ASM,1933,160.94484
American Samoa,ASM,1934,161.00682
American Samoa,ASM,1935,161.0696
American Samoa,ASM,1936,161.13374
American Samoa,ASM,1937,161.19908
American Samoa,ASM,1938,161.26588
American Samoa,ASM,1939,161.33434
American Samoa,ASM,1940,161.40439
American Samoa,ASM,1941,161.4763
American Samoa,ASM,1942,161.55104
American Samoa,ASM,1943,161.62996
American Samoa,ASM,1944,161.71307
American Samoa,ASM,1945,161.80049
American Samoa,ASM,1946,161.89264
American Samoa,ASM,1947,161.98897
American Samoa,ASM,1948,162.08806
American Samoa,ASM,1949,162.19002
American Samoa,ASM,1950,162.29472
American Samoa,ASM,1951,162.40236
American Samoa,ASM,1952,162.51164
American Samoa,ASM,1953,162.62256
American Samoa,ASM,1954,162.73459
American Samoa,ASM,1955,162.84752
American Samoa,ASM,1956,162.9611
American Samoa,ASM,1957,163.0755
American Samoa,ASM,1958,163.19064
American Samoa,ASM,1959,163.30597
American Samoa,ASM,1960,163.42119
American Samoa,ASM,1961,163.5357
American Samoa,ASM,1962,163.64804
American Samoa,ASM,1963,163.75647
American Samoa,ASM,1964,163.85953
American Samoa,ASM,1965,163.95671
American Samoa,ASM,1966,164.04744
American Samoa,ASM,1967,164.13242
American Samoa,ASM,1968,164.21123
American Samoa,ASM,1969,164.28403
American Samoa,ASM,1970,164.35052
American Samoa,ASM,1971,164.41066
American Samoa,ASM,1972,164.46422
American Samoa,ASM,1973,164.51167
American Samoa,ASM,1974,164.55293
American Samoa,ASM,1975,164.58783
American Samoa,ASM,1976,164.61615
American Samoa,ASM,1977,164.63712
American Samoa,ASM,1978,164.65167
American Samoa,ASM,1979,164.66046
American Samoa,ASM,1980,164.66522
American Samoa,ASM,1981,164.66699
American Samoa,ASM,1982,164.6667
American Samoa,ASM,1983,164.66527
American Samoa,ASM,1984,164.66243
American Samoa,ASM,1985,164.6582
American Samoa,ASM,1986,164.65196
American Samoa,ASM,1987,164.64323
American Samoa,ASM,1988,164.6321
American Samoa,ASM,1989,164.61938
American Samoa,ASM,1990,164.60564
American Samoa,ASM,1991,164.5917
American Samoa,ASM,1992,164.57776
American Samoa,ASM,1993,164.56384
American Samoa,ASM,1994,164.54962
American Samoa,ASM,1995,164.53539
American Samoa,ASM,1996,164.52136
Andorra,AND,1896,152.43881
Andorra,AND,1897,152.52512
Andorra,AND,1898,152.6119
Andorra,AND,1899,152.69876
Andorra,AND,1900,152.78609
Andorra,AND,1901,152.87346
Andorra,AND,1902,152.96117
Andorra,AND,1903,153.04865
Andorra,AND,1904,153.1356
Andorra,AND,1905,153.22267
Andorra,AND,1906,153.31032
Andorra,AND,1907,153.39926
Andorra,AND,1908,153.4901
Andorra,AND,1909,153.58409
Andorra,AND,1910,153.6827
Andorra,AND,1911,153.7876
Andorra,AND,1912,153.89984
Andorra,AND,1913,154.01941
Andorra,AND,1914,154.14679
Andorra,AND,1915,154.2819
Andorra,AND,1916,154.4242
Andorra,AND,1917,154.5727
Andorra,AND,1918,154.72607
Andorra,AND,1919,154.88298
Andorra,AND,1920,155.04247
Andorra,AND,1921,155.20354
Andorra,AND,1922,155.3654
Andorra,AND,1923,155.52602
Andorra,AND,1924,155.68561
Andorra,AND,1925,155.8455
Andorra,AND,1926,156.00526
Andorra,AND,1927,156.16405
Andorra,AND,1928,156.32141
Andorra,AND,1929,156.47737
Andorra,AND,1930,156.63121
Andorra,AND,1931,156.78123
Andorra,AND,1932,156.9279
Andorra,AND,1933,157.07301
Andorra,AND,1934,157.21817
Andorra,AND,1935,157.36342
Andorra,AND,1936,157.50865
Andorra,AND,1937,157.65259
Andorra,AND,1938,157.79361
Andorra,AND,1939,157.92992
Andorra,AND,1940,158.05974
Andorra,AND,1941,158.18217
Andorra,AND,1942,158.29819
Andorra,AND,1943,158.40952
Andorra,AND,1944,158.5185
Andorra,AND,1945,158.62614
Andorra,AND,1946,158.73378
Andorra,AND,1947,158.84282
Andorra,AND,1948,158.95355
Andorra,AND,1949,159.06628
Andorra,AND,1950,159.18228
Andorra,AND,1951,159.30148
Andorra,AND,1952,159.42415
Andorra,AND,1953,159.55077
Andorra,AND,1954,159.68135
Andorra,AND,1955,159.81618
Andorra,AND,1956,159.95456
Andorra,AND,1957,160.09647
Andorra,AND,1958,160.24147
Andorra,AND,1959,160.3882
Andorra,AND,1960,160.53627
Andorra,AND,1961,160.68451
Andorra,AND,1962,160.83095
Andorra,AND,1963,160.97258
Andorra,AND,1964,161.10663
Andorra,AND,1965,161.23149
Andorra,AND,1966,161.34712
Andorra,AND,1967,161.45526
Andorra,AND,1968,161.55646
Andorra,AND,1969,161.65242
Andorra,AND,1970,161.74313
Andorra,AND,1971,161.8292
Andorra,AND,1972,161.91046
Andorra,AND,1973,161.98676
Andorra,AND,1974,162.0578
Andorra,AND,1975,162.1229
Andorra,AND,1976,162.18176
Andorra,AND,1977,162.23439
Andorra,AND,1978,162.28117
Andorra,AND,1979,162.32338
Andorra,AND,1980,162.36293
Andorra,AND,1981,162.40138
Andorra,AND,1982,162.43994
Andorra,AND,1983,162.4792
Andorra,AND,1984,162.51855
Andorra,AND,1985,162.55757
Andorra,AND,1986,162.59543
Andorra,AND,1987,162.63173
Andorra,AND,1988,162.6657
Andorra,AND,1989,162.69765
Andorra,AND,1990,162.72766
Andorra,AND,1991,162.75739
Andorra,AND,1992,162.78685
Andorra,AND,1993,162.81659
Andorra,AND,1994,162.84586
Andorra,AND,1995,162.8753
Andorra,AND,1996,162.90488
Angola,AGO,1896,152.60158
Angola,AGO,1897,152.70644
Angola,AGO,1898,152.81165
Angola,AGO,1899,152.91718
Angola,AGO,1900,153.02225
Angola,AGO,1901,153.12686
Angola,AGO,1902,153.23149
Angola,AGO,1903,153.3353
Angola,AGO,1904,153.43791
Angola,AGO,1905,153.5395
Angola,AGO,1906,153.64005
Angola,AGO,1907,153.73944
Angola,AGO,1908,153.83757
Angola,AGO,1909,153.93488
Angola,AGO,1910,154.03227
Angola,AGO,1911,154.13037
Angola,AGO,1912,154.2297
Angola,AGO,1913,154.33047
Angola,AGO,1914,154.43288
Angola,AGO,1915,154.537
Angola,AGO,1916,154.64285
Angola,AGO,1917,154.75066
Angola,AGO,1918,154.85997
Angola,AGO,1919,154.97049
Angola,AGO,1920,155.08226
Angola,AGO,1921,155.19435
Angola,AGO,1922,155.30629
Angola,AGO,1923,155.41725
Angola,AGO,1924,155.5277
Angola,AGO,1925,155.63963
Angola,AGO,1926,155.75311
Angola,AGO,1927,155.8682
Angola,AGO,1928,155.98506
Angola,AGO,1929,156.10402
Angola,AGO,1930,156.22464
Angola,AGO,1931,156.34612
Angola,AGO,1932,156.46886
Angola,AGO,1933,156.59319
Angola,AGO,1934,156.71957
Angola,AGO,1935,156.848
Angola,AGO,1936,156.97806
Angola,AGO,1937,157.10916
Angola,AGO,1938,157.23994
Angola,AGO,1939,157.37003
Angola,AGO,1940,157.49834
Angola,AGO,1941,157.62466
Angola,AGO,1942,157.74898
Angola,AGO,1943,157.87213
Angola,AGO,1944,157.99403
Angola,AGO,1945,158.11427
Angola,AGO,1946,158.2321
Angola,AGO,1947,158.34767
Angola,AGO,1948,158.45958
Angola,AGO,1949,158.56729
Angola,AGO,1950,158.67093
Angola,AGO,1951,158.76944
Angola,AGO,1952,158.86092
Angola,AGO,1953,158.94487
Angola,AGO,1954,159.0204
Angola,AGO,1955,159.08737
Angola,AGO,1956,159.1455
Angola,AGO,1957,159.19565
Angola,AGO,1958,159.239
Angola,AGO,1959,159.2754
Angola,AGO,1960,159.30566
Angola,AGO,1961,159.3295
Angola,AGO,1962,159.34683
Angola,AGO,1963,159.35666
Angola,AGO,1964,159.35788
Angola,AGO,1965,159.3508
Angola,AGO,1966,159.33655
Angola,AGO,1967,159.31616
Angola,AGO,1968,159.29
Angola,AGO,1969,159.25816
Angola,AGO,1970,159.22044
Angola,AGO,1971,159.17665
Angola,AGO,1972,159.12714
Angola,AGO,1973,159.07225
Angola,AGO,1974,159.01328
Angola,AGO,1975,158.9499
Angola,AGO,1976,158.88196
Angola,AGO,1977,158.80907
Angola,AGO,1978,158.73183
Angola,AGO,1979,158.65074
Angola,AGO,1980,158.56834
Angola,AGO,1981,158.48605
Angola,AGO,1982,158.40533
Angola,AGO,1983,158.32678
Angola,AGO,1984,158.24986
Angola,AGO,1985,158.17381
Angola,AGO,1986,158.09776
Angola,AGO,1987,158.02078
Angola,AGO,1988,157.94214
Angola,AGO,1989,157.86275
Angola,AGO,1990,157.78268
Angola,AGO,1991,157.7032
Angola,AGO,1992,157.62395
Angola,AGO,1993,157.54439
Angola,AGO,1994,157.4644
Angola,AGO,1995,157.3848
Angola,AGO,1996,157.3052
Antigua and Barbuda,ATG,1896,150.60608
Antigua and Barbuda,ATG,1897,150.79755
Antigua and Barbuda,ATG,1898,150.98962
Antigua and Barbuda,ATG,1899,151.18158
Antigua and Barbuda,ATG,1900,151.37337
Antigua and Barbuda,ATG,1901,151.5648
Antigua and Barbuda,ATG,1902,151.7558
Antigua and Barbuda,ATG,1903,151.94606
Antigua and Barbuda,ATG,1904,152.13486
Antigua and Barbuda,ATG,1905,152.32265
Antigua and Barbuda,ATG,1906,152.50911
Antigua and Barbuda,ATG,1907,152.69453
Antigua and Barbuda,ATG,1908,152.87917
Antigua and Barbuda,ATG,1909,153.0629
Antigua and Barbuda,ATG,1910,153.24644
Antigua and Barbuda,ATG,1911,153.43031
Antigua and Barbuda,ATG,1912,153.61494
Antigua and Barbuda,ATG,1913,153.80109
Antigua and Barbuda,ATG,1914,153.98851
Antigua and Barbuda,ATG,1915,154.17764
Antigua and Barbuda,ATG,1916,154.3682
Antigua and Barbuda,ATG,1917,154.5603
Antigua and Barbuda,ATG,1918,154.75351
Antigua and Barbuda,ATG,1919,154.94713
Antigua and Barbuda,ATG,1920,155.141
Antigua and Barbuda,ATG,1921,155.33339
Antigua and Barbuda,ATG,1922,155.52373
Antigua and Barbuda,ATG,1923,155.71118
Antigua and Barbuda,ATG,1924,155.89513
Antigua and Barbuda,ATG,1925,156.07692
Antigua and Barbuda,ATG,1926,156.2563
Antigua and Barbuda,ATG,1927,156.43387
Antigua and Barbuda,ATG,1928,156.60918
Antigua and Barbuda,ATG,1929,156.7823
Antigua and Barbuda,ATG,1930,156.95229
Antigua and Barbuda,ATG,1931,157.11792
Antigua and Barbuda,ATG,1932,157.27837
Antigua and Barbuda,ATG,1933,157.43498
Antigua and Barbuda,ATG,1934,157.58864
Antigua and Barbuda,ATG,1935,157.74023
Antigua and Barbuda,ATG,1936,157.89014
Antigua and Barbuda,ATG,1937,158.03743
Antigua and Barbuda,ATG,1938,158.18216
Antigua and Barbuda,ATG,1939,158.32275
Antigua and Barbuda,ATG,1940,158.45921
Antigua and Barbuda,ATG,1941,158.59138
Antigua and Barbuda,ATG,1942,158.71907
Antigua and Barbuda,ATG,1943,158.8446
Antigua and Barbuda,ATG,1944,158.96774
Antigua and Barbuda,ATG,1945,159.08897
Antigua and Barbuda,ATG,1946,159.20883
Antigua and Barbuda,ATG,1947,159.32675
Antigua and Barbuda,ATG,1948,159.44244
Antigua and Barbuda,ATG,1949,159.55534
Antigua and Barbuda,ATG,1950,159.66472
Antigua and Barbuda,ATG,1951,159.77016
Antigua and Barbuda,ATG,1952,159.87048
Antigua and Barbuda,ATG,1953,159.96548
Antigua and Barbuda,ATG,1954,160.05501
Antigua and Barbuda,ATG,1955,160.13963
Antigua and Barbuda,ATG,1956,160.21947
Antigua and Barbuda,ATG,1957,160.29477
Antigua and Barbuda,ATG,1958,160.36636
Antigua and Barbuda,ATG,1959,160.43388
Antigua and Barbuda,ATG,1960,160.49721
Antigua and Barbuda,ATG,1961,160.55637
Antigua and Barbuda,ATG,1962,160.6111
Antigua and Barbuda,ATG,1963,160.66016
Antigua and Barbuda,ATG,1964,160.70209
Antigua and Barbuda,ATG,1965,160.73656
Antigua and Barbuda,ATG,1966,160.76389
Antigua and Barbuda,ATG,1967,160.78458
Antigua and Barbuda,ATG,1968,160.79971
Antigua and Barbuda,ATG,1969,160.81047
Antigua and Barbuda,ATG,1970,160.81781
Antigua and Barbuda,ATG,1971,160.8232
Antigua and Barbuda,ATG,1972,160.82733
Antigua and Barbuda,ATG,1973,160.83054
Antigua and Barbuda,ATG,1974,160.83388
Antigua and Barbuda,ATG,1975,160.8361
Antigua and Barbuda,ATG,1976,160.83633
Antigua and Barbuda,ATG,1977,160.83441
Antigua and Barbuda,ATG,1978,160.83092
Antigua and Barbuda,ATG,1979,160.82646
Antigua and Barbuda,ATG,1980,160.8225
Antigua and Barbuda,ATG,1981,160.81949
Antigua and Barbuda,ATG,1982,160.81758
Antigua and Barbuda,ATG,1983,160.81674
Antigua and Barbuda,ATG,1984,160.81606
Antigua and Barbuda,ATG,1985,160.81438
Antigua and Barbuda,ATG,1986,160.81035
Antigua and Barbuda,ATG,1987,160.80324
Antigua and Barbuda,ATG,1988,160.7922
Antigua and Barbuda,ATG,1989,160.77812
Antigua and Barbuda,ATG,1990,160.76154
Antigua and Barbuda,ATG,1991,160.74353
Antigua and Barbuda,ATG,1992,160.72531
Antigua and Barbuda,ATG,1993,160.707
Antigua and Barbuda,ATG,1994,160.68883
Antigua and Barbuda,ATG,1995,160.67078
Antigua and Barbuda,ATG,1996,160.65265
Argentina,ARG,1896,150.59026
Argentina,ARG,1897,150.74242
Argentina,ARG,1898,150.89479
Argentina,ARG,1899,151.04683
Argentina,ARG,1900,151.19875
Argentina,ARG,1901,151.3504
Argentina,ARG,1902,151.50179
Argentina,ARG,1903,151.65237
Argentina,ARG,1904,151.80193
Argentina,ARG,1905,151.95029
Argentina,ARG,1906,152.09775
Argentina,ARG,1907,152.24438
Argentina,ARG,1908,152.39032
Argentina,ARG,1909,152.53522
Argentina,ARG,1910,152.68011
Argentina,ARG,1911,152.82559
Argentina,ARG,1912,152.97246
Argentina,ARG,1913,153.12102
Argentina,ARG,1914,153.27153
Argentina,ARG,1915,153.4241
Argentina,ARG,1916,153.57895
Argentina,ARG,1917,153.73677
Argentina,ARG,1918,153.89653
Argentina,ARG,1919,154.05746
Argentina,ARG,1920,154.22002
Argentina,ARG,1921,154.38297
Argentina,ARG,1922,154.54488
Argentina,ARG,1923,154.7048
Argentina,ARG,1924,154.86299
Argentina,ARG,1925,155.02039
Argentina,ARG,1926,155.17644
Argentina,ARG,1927,155.33191
Argentina,ARG,1928,155.48647
Argentina,ARG,1929,155.63997
Argentina,ARG,1930,155.79132
Argentina,ARG,1931,155.93846
Argentina,ARG,1932,156.08098
Argentina,ARG,1933,156.21959
Argentina,ARG,1934,156.35527
Argentina,ARG,1935,156.48853
Argentina,ARG,1936,156.6201
Argentina,ARG,1937,156.74968
Argentina,ARG,1938,156.87657
Argentina,ARG,1939,156.99977
Argentina,ARG,1940,157.11848
Argentina,ARG,1941,157.2327
Argentina,ARG,1942,157.34268
Argentina,ARG,1943,157.44989
Argentina,ARG,1944,157.55493
Argentina,ARG,1945,157.6577
Argentina,ARG,1946,157.75922
Argentina,ARG,1947,157.86017
Argentina,ARG,1948,157.96054
Argentina,ARG,1949,158.06035
Argentina,ARG,1950,158.15921
Argentina,ARG,1951,158.25673
Argentina,ARG,1952,158.35179
Argentina,ARG,1953,158.4449
Argentina,ARG,1954,158.5353
Argentina,ARG,1955,158.6241
Argentina,ARG,1956,158.71092
Argentina,ARG,1957,158.79625
Argentina,ARG,1958,158.88033
Argentina,ARG,1959,158.96275
Argentina,ARG,1960,159.0436
Argentina,ARG,1961,159.12198
Argentina,ARG,1962,159.1975
Argentina,ARG,1963,159.26778
Argentina,ARG,1964,159.33067
Argentina,ARG,1965,159.38553
Argentina,ARG,1966,159.43202
Argentina,ARG,1967,159.47069
Argentina,ARG,1968,159.50221
Argentina,ARG,1969,159.52754
Argentina,ARG,1970,159.54694
Argentina,ARG,1971,159.56224
Argentina,ARG,1972,159.57402
Argentina,ARG,1973,159.58272
Argentina,ARG,1974,159.5881
Argentina,ARG,1975,159.58907
Argentina,ARG,1976,159.5848
Argentina,ARG,1977,159.57558
Argentina,ARG,1978,159.56209
Argentina,ARG,1979,159.54515
Argentina,ARG,1980,159.52684
Argentina,ARG,1981,159.50822
Argentina,ARG,1982,159.49042
Argentina,ARG,1983,159.47351
Argentina,ARG,1984,159.45714
Argentina,ARG,1985,159.44061
Argentina,ARG,1986,159.42259
Argentina,ARG,1987,159.40259
Argentina,ARG,1988,159.3796
Argentina,ARG,1989,159.35468
Argentina,ARG,1990,159.32837
Argentina,ARG,1991,159.30219
Argentina,ARG,1992,159.27649
Argentina,ARG,1993,159.25188
Argentina,ARG,1994,159.22739
Argentina,ARG,1995,159.20325
Argentina,ARG,1996,159.1792
Armenia,ARM,1896,149.63153
Armenia,ARM,1897,149.78299
Armenia,ARM,1898,149.93471
Armenia,ARM,1899,150.08675
Armenia,ARM,1900,150.23885
Armenia,ARM,1901,150.39052
Armenia,ARM,1902,150.54152
Armenia,ARM,1903,150.69164
Armenia,ARM,1904,150.84073
Armenia,ARM,1905,150.98914
Armenia,ARM,1906,151.13684
Armenia,ARM,1907,151.28351
Armenia,ARM,1908,151.42947
Armenia,ARM,1909,151.57458
Armenia,ARM,1910,151.7199
Armenia,ARM,1911,151.86543
Armenia,ARM,1912,152.01172
Armenia,ARM,1913,152.15889
Armenia,ARM,1914,152.30705
Armenia,ARM,1915,152.45638
Armenia,ARM,1916,152.60664
Armenia,ARM,1917,152.75822
Armenia,ARM,1918,152.91058
Armenia,ARM,1919,153.06299
Armenia,ARM,1920,153.21548
Armenia,ARM,1921,153.36705
Armenia,ARM,1922,153.51752
Armenia,ARM,1923,153.66634
Armenia,ARM,1924,153.81358
Armenia,ARM,1925,153.96014
Armenia,ARM,1926,154.10608
Armenia,ARM,1927,154.25157
Armenia,ARM,1928,154.39673
Armenia,ARM,1929,154.5416
Armenia,ARM,1930,154.68616
Armenia,ARM,1931,154.82944
Armenia,ARM,1932,154.97185
Armenia,ARM,1933,155.11348
Armenia,ARM,1934,155.25504
Armenia,ARM,1935,155.3964
Armenia,ARM,1936,155.53712
Armenia,ARM,1937,155.67625
Armenia,ARM,1938,155.81339
Armenia,ARM,1939,155.9476
Armenia,ARM,1940,156.0782
Armenia,ARM,1941,156.20505
Armenia,ARM,1942,156.32805
Armenia,ARM,1943,156.44858
Armenia,ARM,1944,156.56671
Armenia,ARM,1945,156.68306
Armenia,ARM,1946,156.7972
Armenia,ARM,1947,156.90897
Armenia,ARM,1948,157.01767
Armenia,ARM,1949,157.12277
Armenia,ARM,1950,157.2245
Armenia,ARM,1951,157.32271
Armenia,ARM,1952,157.41644
Armenia,ARM,1953,157.50635
Armenia,ARM,1954,157.5918
Armenia,ARM,1955,157.67336
Armenia,ARM,1956,157.75049
Armenia,ARM,1957,157.82378
Armenia,ARM,1958,157.89424
Armenia,ARM,1959,157.96147
Armenia,ARM,1960,158.02637
Armenia,ARM,1961,158.0885
Armenia,ARM,1962,158.1468
Armenia,ARM,1963,158.20062
Armenia,ARM,1964,158.249
Armenia,ARM,1965,158.29106
Armenia,ARM,1966,158.32736
Armenia,ARM,1967,158.35893
Armenia,ARM,1968,158.38559
Armenia,ARM,1969,158.40709
Armenia,ARM,1970,158.42389
Armenia,ARM,1971,158.43642
Armenia,ARM,1972,158.44528
Armenia,ARM,1973,158.45135
Armenia,ARM,1974,158.45576
Armenia,ARM,1975,158.458
Armenia,ARM,1976,158.45763
Armenia,ARM,1977,158.45404
Armenia,ARM,1978,158.4475
Armenia,ARM,1979,158.43837
Armenia,ARM,1980,158.4285
Armenia,ARM,1981,158.41843
Armenia,ARM,1982,158.40906
Armenia,ARM,1983,158.40028
Armenia,ARM,1984,158.39156
Armenia,ARM,1985,158.38167
Armenia,ARM,1986,158.3693
Armenia,ARM,1987,158.35428
Armenia,ARM,1988,158.3355
Armenia,ARM,1989,158.31299
Armenia,ARM,1990,158.28625
Armenia,ARM,1991,158.25694
Armenia,ARM,1992,158.22556
Armenia,ARM,1993,158.19276
Armenia,ARM,1994,158.15866
Armenia,ARM,1995,158.12396
Armenia,ARM,1996,158.0892
Australia,AUS,1896,155.49208
Australia,AUS,1897,155.63434
Australia,AUS,1898,155.77693
Australia,AUS,1899,155.91948
Australia,AUS,1900,156.0623
Australia,AUS,1901,156.20514
Australia,AUS,1902,156.348
Australia,AUS,1903,156.49086
Australia,AUS,1904,156.63321
Australia,AUS,1905,156.77531
Australia,AUS,1906,156.91748
Australia,AUS,1907,157.06026
Australia,AUS,1908,157.2037
Australia,AUS,1909,157.34802
Australia,AUS,1910,157.49492
Australia,AUS,1911,157.64574
Australia,AUS,1912,157.80124
Australia,AUS,1913,157.96146
Australia,AUS,1914,158.12584
Australia,AUS,1915,158.2937
Australia,AUS,1916,158.46375
Australia,AUS,1917,158.6348
Australia,AUS,1918,158.80511
Australia,AUS,1919,158.97284
Australia,AUS,1920,159.13832
Australia,AUS,1921,159.30121
Australia,AUS,1922,159.46176
Australia,AUS,1923,159.61977
Australia,AUS,1924,159.77576
Australia,AUS,1925,159.93265
Australia,AUS,1926,160.09102
Australia,AUS,1927,160.25099
Australia,AUS,1928,160.41304
Australia,AUS,1929,160.5773
Australia,AUS,1930,160.7423
Australia,AUS,1931,160.90483
Australia,AUS,1932,161.0634
Australia,AUS,1933,161.21881
Australia,AUS,1934,161.37141
Australia,AUS,1935,161.52164
Australia,AUS,1936,161.66895
Australia,AUS,1937,161.81242
Australia,AUS,1938,161.95027
Australia,AUS,1939,162.0804
Australia,AUS,1940,162.20038
Australia,AUS,1941,162.30862
Australia,AUS,1942,162.40544
Australia,AUS,1943,162.4925
Australia,AUS,1944,162.5713
Australia,AUS,1945,162.6435
Australia,AUS,1946,162.7117
Australia,AUS,1947,162.77682
Australia,AUS,1948,162.83987
Australia,AUS,1949,162.90257
Australia,AUS,1950,162.96692
Australia,AUS,1951,163.03378
Australia,AUS,1952,163.10329
Australia,AUS,1953,163.17708
Australia,AUS,1954,163.25542
Australia,AUS,1955,163.33801
Australia,AUS,1956,163.42361
Australia,AUS,1957,163.51334
Australia,AUS,1958,163.60672
Australia,AUS,1959,163.70276
Australia,AUS,1960,163.8018
Australia,AUS,1961,163.9031
Australia,AUS,1962,164.00528
Australia,AUS,1963,164.10599
Australia,AUS,1964,164.20213
Australia,AUS,1965,164.2918
Australia,AUS,1966,164.37387
Australia,AUS,1967,164.44943
Australia,AUS,1968,164.51884
Australia,AUS,1969,164.58385
Australia,AUS,1970,164.64455
Australia,AUS,1971,164.70181
Australia,AUS,1972,164.7565
Australia,AUS,1973,164.80855
Australia,AUS,1974,164.85774
Australia,AUS,1975,164.90312
Australia,AUS,1976,164.9446
Australia,AUS,1977,164.98196
Australia,AUS,1978,165.01556
Australia,AUS,1979,165.04663
Australia,AUS,1980,165.07834
Australia,AUS,1981,165.1121
Australia,AUS,1982,165.14969
Australia,AUS,1983,165.19278
Australia,AUS,1984,165.2402
Australia,AUS,1985,165.2902
Australia,AUS,1986,165.34181
Australia,AUS,1987,165.3941
Australia,AUS,1988,165.44568
Australia,AUS,1989,165.49695
Australia,AUS,1990,165.54756
Australia,AUS,1991,165.5989
Australia,AUS,1992,165.65085
Australia,AUS,1993,165.70308
Australia,AUS,1994,165.75479
Australia,AUS,1995,165.80638
Australia,AUS,1996,165.85818
Austria,AUT,1896,157.5529
Austria,AUT,1897,157.66982
Austria,AUT,1898,157.78685
Austria,AUT,1899,157.90387
Austria,AUT,1900,158.0211
Austria,AUT,1901,158.13846
Austria,AUT,1902,158.25597
Austria,AUT,1903,158.37259
Austria,AUT,1904,158.48804
Austria,AUT,1905,158.60292
Austria,AUT,1906,158.71753
Austria,AUT,1907,158.83199
Austria,AUT,1908,158.9464
Austria,AUT,1909,159.06125
Austria,AUT,1910,159.17825
Austria,AUT,1911,159.29933
Austria,AUT,1912,159.4255
Austria,AUT,1913,159.55672
Austria,AUT,1914,159.69302
Austria,AUT,1915,159.83386
Austria,AUT,1916,159.97731
Austria,AUT,1917,160.12239
Austria,AUT,1918,160.26723
Austria,AUT,1919,160.41008
Austria,AUT,1920,160.55037
Austria,AUT,1921,160.68817
Austria,AUT,1922,160.82317
Austria,AUT,1923,160.95428
Austria,AUT,1924,161.0822
Austria,AUT,1925,161.20908
Austria,AUT,1926,161.33524
Austria,AUT,1927,161.46123
Austria,AUT,1928,161.58742
Austria,AUT,1929,161.7137
Austria,AUT,1930,161.83992
Austria,AUT,1931,161.96382
Austria,AUT,1932,162.08696
Austria,AUT,1933,162.21193
Austria,AUT,1934,162.33965
Austria,AUT,1935,162.4695
Austria,AUT,1936,162.59978
Austria,AUT,1937,162.72726
Austria,AUT,1938,162.84929
Austria,AUT,1939,162.96332
Austria,AUT,1940,163.0663
Austria,AUT,1941,163.157
Austria,AUT,1942,163.23659
Austria,AUT,1943,163.30695
Austria,AUT,1944,163.3708
Austria,AUT,1945,163.43063
Austria,AUT,1946,163.48901
Austria,AUT,1947,163.54785
Austria,AUT,1948,163.60852
Austria,AUT,1949,163.67229
Austria,AUT,1950,163.74095
Austria,AUT,1951,163.81361
Austria,AUT,1952,163.89026
Austria,AUT,1953,163.97125
Austria,AUT,1954,164.05722
Austria,AUT,1955,164.14873
Austria,AUT,1956,164.24498
Austria,AUT,1957,164.3464
Austria,AUT,1958,164.45216
Austria,AUT,1959,164.56003
Austria,AUT,1960,164.66844
Austria,AUT,1961,164.77628
Austria,AUT,1962,164.8805
Austria,AUT,1963,164.97754
Austria,AUT,1964,165.06407
Austria,AUT,1965,165.13866
Austria,AUT,1966,165.20102
Austria,AUT,1967,165.25279
Austria,AUT,1968,165.29407
Austria,AUT,1969,165.32677
Austria,AUT,1970,165.3504
Austria,AUT,1971,165.36597
Austria,AUT,1972,165.37396
Austria,AUT,1973,165.37477
Austria,AUT,1974,165.3686
Austria,AUT,1975,165.35522
Austria,AUT,1976,165.33466
Austria,AUT,1977,165.30687
Austria,AUT,1978,165.27267
Austria,AUT,1979,165.23291
Austria,AUT,1980,165.19125
Austria,AUT,1981,165.1493
Austria,AUT,1982,165.10939
Austria,AUT,1983,165.07324
Austria,AUT,1984,165.03929
Austria,AUT,1985,165.007
Austria,AUT,1986,164.97504
Austria,AUT,1987,164.94246
Austria,AUT,1988,164.90845
Austria,AUT,1989,164.87354
Austria,AUT,1990,164.83733
Austria,AUT,1991,164.80136
Austria,AUT,1992,164.76558
Austria,AUT,1993,164.72974
Austria,AUT,1994,164.69363
Austria,AUT,1995,164.65742
Austria,AUT,1996,164.62094
Azerbaijan,AZE,1896,149.93323
Azerbaijan,AZE,1897,150.08835
Azerbaijan,AZE,1898,150.24405
Azerbaijan,AZE,1899,150.39978
Azerbaijan,AZE,1900,150.55548
Azerbaijan,AZE,1901,150.71071
Azerbaijan,AZE,1902,150.86559
Azerbaijan,AZE,1903,151.01965
Azerbaijan,AZE,1904,151.17307
Azerbaijan,AZE,1905,151.32547
Azerbaijan,AZE,1906,151.47707
Azerbaijan,AZE,1907,151.62746
Azerbaijan,AZE,1908,151.77713
Azerbaijan,AZE,1909,151.92593
Azerbaijan,AZE,1910,152.07478
Azerbaijan,AZE,1911,152.2239
Azerbaijan,AZE,1912,152.37396
Azerbaijan,AZE,1913,152.52505
Azerbaijan,AZE,1914,152.67688
Azerbaijan,AZE,1915,152.82973
Azerbaijan,AZE,1916,152.98363
Azerbaijan,AZE,1917,153.13855
Azerbaijan,AZE,1918,153.29485
Azerbaijan,AZE,1919,153.45126
Azerbaijan,AZE,1920,153.60774
Azerbaijan,AZE,1921,153.76318
Azerbaijan,AZE,1922,153.91788
Azerbaijan,AZE,1923,154.07089
Azerbaijan,AZE,1924,154.22229
Azerbaijan,AZE,1925,154.37276
Azerbaijan,AZE,1926,154.52261
Azerbaijan,AZE,1927,154.67184
Azerbaijan,AZE,1928,154.82086
Azerbaijan,AZE,1929,154.9694
Azerbaijan,AZE,1930,155.11786
Azerbaijan,AZE,1931,155.26495
Azerbaijan,AZE,1932,155.41069
Azerbaijan,AZE,1933,155.55559
Azerbaijan,AZE,1934,155.70026
Azerbaijan,AZE,1935,155.84477
Azerbaijan,AZE,1936,155.98862
Azerbaijan,AZE,1937,156.1307
Azerbaijan,AZE,1938,156.27063
Azerbaijan,AZE,1939,156.40742
Azerbaijan,AZE,1940,156.54065
Azerbaijan,AZE,1941,156.66994
Azerbaijan,AZE,1942,156.79555
Azerbaijan,AZE,1943,156.91843
Azerbaijan,AZE,1944,157.03946
Azerbaijan,AZE,1945,157.1589
Azerbaijan,AZE,1946,157.27646
Azerbaijan,AZE,1947,157.39154
Azerbaijan,AZE,1948,157.50319
Azerbaijan,AZE,1949,157.6116
Azerbaijan,AZE,1950,157.7166
Azerbaijan,AZE,1951,157.81833
Azerbaijan,AZE,1952,157.91554
Azerbaijan,AZE,1953,158.00885
Azerbaijan,AZE,1954,158.09772
Azerbaijan,AZE,1955,158.18239
Azerbaijan,AZE,1956,158.26271
Azerbaijan,AZE,1957,158.33882
Azerbaijan,AZE,1958,158.41174
Azerbaijan,AZE,1959,158.4814
Azerbaijan,AZE,1960,158.54799
Azerbaijan,AZE,1961,158.61107
Azerbaijan,AZE,1962,158.6698
Azerbaijan,AZE,1963,158.72305
Azerbaijan,AZE,1964,158.76982
Azerbaijan,AZE,1965,158.80942
Azerbaijan,AZE,1966,158.84239
Azerbaijan,AZE,1967,158.86996
Azerbaijan,AZE,1968,158.89153
Azerbaijan,AZE,1969,158.9073
Azerbaijan,AZE,1970,158.91765
Azerbaijan,AZE,1971,158.92296
Azerbaijan,AZE,1972,158.92404
Azerbaijan,AZE,1973,158.92126
Azerbaijan,AZE,1974,158.91617
Azerbaijan,AZE,1975,158.90805
Azerbaijan,AZE,1976,158.8967
Azerbaijan,AZE,1977,158.8816
Azerbaijan,AZE,1978,158.86307
Azerbaijan,AZE,1979,158.84169
Azerbaijan,AZE,1980,158.81903
Azerbaijan,AZE,1981,158.79591
Azerbaijan,AZE,1982,158.77321
Azerbaijan,AZE,1983,158.75075
Azerbaijan,AZE,1984,158.72803
Azerbaijan,AZE,1985,158.70412
Azerbaijan,AZE,1986,158.67789
Azerbaijan,AZE,1987,158.6489
Azerbaijan,AZE,1988,158.6158
Azerbaijan,AZE,1989,158.57884
Azerbaijan,AZE,1990,158.53758
Azerbaijan,AZE,1991,158.49379
Azerbaijan,AZE,1992,158.44797
Azerbaijan,AZE,1993,158.40076
Azerbaijan,AZE,1994,158.3517
Azerbaijan,AZE,1995,158.3021
Azerbaijan,AZE,1996,158.25241
Bahamas,BHS,1896,150.56148
Bahamas,BHS,1897,150.75343
Bahamas,BHS,1898,150.94576
Bahamas,BHS,1899,151.13814
Bahamas,BHS,1900,151.33044
Bahamas,BHS,1901,151.52238
Bahamas,BHS,1902,151.7139
Bahamas,BHS,1903,151.90457
Bahamas,BHS,1904,152.09413
Bahamas,BHS,1905,152.2825
Bahamas,BHS,1906,152.46962
Bahamas,BHS,1907,152.65538
Bahamas,BHS,1908,152.8405
Bahamas,BHS,1909,153.02464
Bahamas,BHS,1910,153.20848
Bahamas,BHS,1911,153.39233
Bahamas,BHS,1912,153.57701
Bahamas,BHS,1913,153.76332
Bahamas,BHS,1914,153.95058
Bahamas,BHS,1915,154.13916
Bahamas,BHS,1916,154.32922
Bahamas,BHS,1917,154.52106
Bahamas,BHS,1918,154.71362
Bahamas,BHS,1919,154.90674
Bahamas,BHS,1920,155.10019
Bahamas,BHS,1921,155.29268
Bahamas,BHS,1922,155.48299
Bahamas,BHS,1923,155.67044
Bahamas,BHS,1924,155.855
Bahamas,BHS,1925,156.03758
Bahamas,BHS,1926,156.21788
Bahamas,BHS,1927,156.39609
Bahamas,BHS,1928,156.57204
Bahamas,BHS,1929,156.74588
Bahamas,BHS,1930,156.91658
Bahamas,BHS,1931,157.08247
Bahamas,BHS,1932,157.24326
Bahamas,BHS,1933,157.40012
Bahamas,BHS,1934,157.55457
Bahamas,BHS,1935,157.70685
Bahamas,BHS,1936,157.85738
Bahamas,BHS,1937,158.00548
Bahamas,BHS,1938,158.15099
Bahamas,BHS,1939,158.29265
Bahamas,BHS,1940,158.43034
Bahamas,BHS,1941,158.56354
Bahamas,BHS,1942,158.69246
Bahamas,BHS,1943,158.81902
Bahamas,BHS,1944,158.94356
Bahamas,BHS,1945,159.06627
Bahamas,BHS,1946,159.18733
Bahamas,BHS,1947,159.30644
Bahamas,BHS,1948,159.42336
Bahamas,BHS,1949,159.53743
Bahamas,BHS,1950,159.64818
Bahamas,BHS,1951,159.75468
Bahamas,BHS,1952,159.85616
Bahamas,BHS,1953,159.95222
Bahamas,BHS,1954,160.04254
Bahamas,BHS,1955,160.12778
Bahamas,BHS,1956,160.20837
Bahamas,BHS,1957,160.2843
Bahamas,BHS,1958,160.35593
Bahamas,BHS,1959,160.42389
Bahamas,BHS,1960,160.48785
Bahamas,BHS,1961,160.54768
Bahamas,BHS,1962,160.6031
Bahamas,BHS,1963,160.65271
Bahamas,BHS,1964,160.6952
Bahamas,BHS,1965,160.73007
Bahamas,BHS,1966,160.7576
Bahamas,BHS,1967,160.77872
Bahamas,BHS,1968,160.7944
Bahamas,BHS,1969,160.80566
Bahamas,BHS,1970,160.81367
Bahamas,BHS,1971,160.81989
Bahamas,BHS,1972,160.82484
Bahamas,BHS,1973,160.8289
Bahamas,BHS,1974,160.83295
Bahamas,BHS,1975,160.83615
Bahamas,BHS,1976,160.83757
Bahamas,BHS,1977,160.83688
Bahamas,BHS,1978,160.83461
Bahamas,BHS,1979,160.83125
Bahamas,BHS,1980,160.8285
Bahamas,BHS,1981,160.82684
Bahamas,BHS,1982,160.82643
Bahamas,BHS,1983,160.82713
Bahamas,BHS,1984,160.82768
Bahamas,BHS,1985,160.82716
Bahamas,BHS,1986,160.82426
Bahamas,BHS,1987,160.81818
Bahamas,BHS,1988,160.80833
Bahamas,BHS,1989,160.79553
Bahamas,BHS,1990,160.7801
Bahamas,BHS,1991,160.76358
Bahamas,BHS,1992,160.74684
Bahamas,BHS,1993,160.73006
Bahamas,BHS,1994,160.71324
Bahamas,BHS,1995,160.69669
Bahamas,BHS,1996,160.68036
Bahrain,BHR,1896,149.66077
Bahrain,BHR,1897,149.79611
Bahrain,BHR,1898,149.93149
Bahrain,BHR,1899,150.06662
Bahrain,BHR,1900,150.20168
Bahrain,BHR,1901,150.3364
Bahrain,BHR,1902,150.47081
Bahrain,BHR,1903,150.60426
Bahrain,BHR,1904,150.73631
Bahrain,BHR,1905,150.86746
Bahrain,BHR,1906,150.99779
Bahrain,BHR,1907,151.1267
Bahrain,BHR,1908,151.25479
Bahrain,BHR,1909,151.38214
Bahrain,BHR,1910,151.50905
Bahrain,BHR,1911,151.6361
Bahrain,BHR,1912,151.76372
Bahrain,BHR,1913,151.8923
Bahrain,BHR,1914,152.02147
Bahrain,BHR,1915,152.1515
Bahrain,BHR,1916,152.28291
Bahrain,BHR,1917,152.41557
Bahrain,BHR,1918,152.54932
Bahrain,BHR,1919,152.68353
Bahrain,BHR,1920,152.81767
Bahrain,BHR,1921,152.95071
Bahrain,BHR,1922,153.08205
Bahrain,BHR,1923,153.21065
Bahrain,BHR,1924,153.33685
Bahrain,BHR,1925,153.46156
Bahrain,BHR,1926,153.58499
Bahrain,BHR,1927,153.7074
Bahrain,BHR,1928,153.82883
Bahrain,BHR,1929,153.95021
Bahrain,BHR,1930,154.07199
Bahrain,BHR,1931,154.19313
Bahrain,BHR,1932,154.31401
Bahrain,BHR,1933,154.43495
Bahrain,BHR,1934,154.55673
Bahrain,BHR,1935,154.67845
Bahrain,BHR,1936,154.79993
Bahrain,BHR,1937,154.92007
Bahrain,BHR,1938,155.03784
Bahrain,BHR,1939,155.15367
Bahrain,BHR,1940,155.2669
Bahrain,BHR,1941,155.37723
Bahrain,BHR,1942,155.4846
Bahrain,BHR,1943,155.59041
Bahrain,BHR,1944,155.69487
Bahrain,BHR,1945,155.79836
Bahrain,BHR,1946,155.90062
Bahrain,BHR,1947,156.00095
Bahrain,BHR,1948,156.09837
Bahrain,BHR,1949,156.1932
Bahrain,BHR,1950,156.28546
Bahrain,BHR,1951,156.37543
Bahrain,BHR,1952,156.46191
Bahrain,BHR,1953,156.54485
Bahrain,BHR,1954,156.62386
Bahrain,BHR,1955,156.69917
Bahrain,BHR,1956,156.7698
Bahrain,BHR,1957,156.83661
Bahrain,BHR,1958,156.90002
Bahrain,BHR,1959,156.959
Bahrain,BHR,1960,157.01389
Bahrain,BHR,1961,157.06458
Bahrain,BHR,1962,157.11014
Bahrain,BHR,1963,157.14929
Bahrain,BHR,1964,157.18153
Bahrain,BHR,1965,157.20673
Bahrain,BHR,1966,157.2264
Bahrain,BHR,1967,157.24217
Bahrain,BHR,1968,157.25392
Bahrain,BHR,1969,157.26117
Bahrain,BHR,1970,157.26369
Bahrain,BHR,1971,157.26202
Bahrain,BHR,1972,157.25664
Bahrain,BHR,1973,157.24786
Bahrain,BHR,1974,157.23773
Bahrain,BHR,1975,157.22543
Bahrain,BHR,1976,157.21138
Bahrain,BHR,1977,157.19434
Bahrain,BHR,1978,157.17459
Bahrain,BHR,1979,157.15288
Bahrain,BHR,1980,157.13089
Bahrain,BHR,1981,157.10922
Bahrain,BHR,1982,157.08936
Bahrain,BHR,1983,157.07103
Bahrain,BHR,1984,157.05338
Bahrain,BHR,1985,157.03519
Bahrain,BHR,1986,157.01558
Bahrain,BHR,1987,156.99391
Bahrain,BHR,1988,156.96904
Bahrain,BHR,1989,156.941
Bahrain,BHR,1990,156.9093
Bahrain,BHR,1991,156.87592
Bahrain,BHR,1992,156.8408
Bahrain,BHR,1993,156.8049
Bahrain,BHR,1994,156.76733
Bahrain,BHR,1995,156.72945
Bahrain,BHR,1996,156.6917
Bangladesh,BGD,1896,141.48222
Bangladesh,BGD,1897,141.65031
Bangladesh,BGD,1898,141.81868
Bangladesh,BGD,1899,141.98694
Bangladesh,BGD,1900,142.15503
Bangladesh,BGD,1901,142.32272
Bangladesh,BGD,1902,142.48962
Bangladesh,BGD,1903,142.65582
Bangladesh,BGD,1904,142.82071
Bangladesh,BGD,1905,142.98518
Bangladesh,BGD,1906,143.14903
Bangladesh,BGD,1907,143.312
Bangladesh,BGD,1908,143.47458
Bangladesh,BGD,1909,143.63686
Bangladesh,BGD,1910,143.79947
Bangladesh,BGD,1911,143.96347
Bangladesh,BGD,1912,144.12852
Bangladesh,BGD,1913,144.29482
Bangladesh,BGD,1914,144.46236
Bangladesh,BGD,1915,144.63127
Bangladesh,BGD,1916,144.80165
Bangladesh,BGD,1917,144.97334
Bangladesh,BGD,1918,145.14624
Bangladesh,BGD,1919,145.31924
Bangladesh,BGD,1920,145.49258
Bangladesh,BGD,1921,145.66588
Bangladesh,BGD,1922,145.83873
Bangladesh,BGD,1923,146.01053
Bangladesh,BGD,1924,146.18217
Bangladesh,BGD,1925,146.35509
Bangladesh,BGD,1926,146.53006
Bangladesh,BGD,1927,146.70677
Bangladesh,BGD,1928,146.88513
Bangladesh,BGD,1929,147.06543
Bangladesh,BGD,1930,147.24693
Bangladesh,BGD,1931,147.42816
Bangladesh,BGD,1932,147.60864
Bangladesh,BGD,1933,147.78896
Bangladesh,BGD,1934,147.9696
Bangladesh,BGD,1935,148.1504
Bangladesh,BGD,1936,148.33112
Bangladesh,BGD,1937,148.51103
Bangladesh,BGD,1938,148.68932
Bangladesh,BGD,1939,148.86476
Bangladesh,BGD,1940,149.03647
Bangladesh,BGD,1941,149.20409
Bangladesh,BGD,1942,149.36708
Bangladesh,BGD,1943,149.52657
Bangladesh,BGD,1944,149.68198
Bangladesh,BGD,1945,149.83328
Bangladesh,BGD,1946,149.98041
Bangladesh,BGD,1947,150.12282
Bangladesh,BGD,1948,150.25955
Bangladesh,BGD,1949,150.39053
Bangladesh,BGD,1950,150.51605
Bangladesh,BGD,1951,150.63524
Bangladesh,BGD,1952,150.74725
Bangladesh,BGD,1953,150.85175
Bangladesh,BGD,1954,150.94847
Bangladesh,BGD,1955,151.03752
Bangladesh,BGD,1956,151.11832
Bangladesh,BGD,1957,151.19159
Bangladesh,BGD,1958,151.25778
Bangladesh,BGD,1959,151.31721
Bangladesh,BGD,1960,151.37033
Bangladesh,BGD,1961,151.4169
Bangladesh,BGD,1962,151.45662
Bangladesh,BGD,1963,151.48813
Bangladesh,BGD,1964,151.51039
Bangladesh,BGD,1965,151.52309
Bangladesh,BGD,1966,151.52711
Bangladesh,BGD,1967,151.52342
Bangladesh,BGD,1968,151.51244
Bangladesh,BGD,1969,151.49454
Bangladesh,BGD,1970,151.47067
Bangladesh,BGD,1971,151.4418
Bangladesh,BGD,1972,151.40898
Bangladesh,BGD,1973,151.37274
Bangladesh,BGD,1974,151.33488
Bangladesh,BGD,1975,151.29533
Bangladesh,BGD,1976,151.2543
Bangladesh,BGD,1977,151.2116
Bangladesh,BGD,1978,151.16844
Bangladesh,BGD,1979,151.126
Bangladesh,BGD,1980,151.08592
Bangladesh,BGD,1981,151.04944
Bangladesh,BGD,1982,151.01758
Bangladesh,BGD,1983,150.99043
Bangladesh,BGD,1984,150.96745
Bangladesh,BGD,1985,150.94777
Bangladesh,BGD,1986,150.9303
Bangladesh,BGD,1987,150.91377
Bangladesh,BGD,1988,150.89735
Bangladesh,BGD,1989,150.88165
Bangladesh,BGD,1990,150.86655
Bangladesh,BGD,1991,150.85268
Bangladesh,BGD,1992,150.83969
Bangladesh,BGD,1993,150.82703
Bangladesh,BGD,1994,150.8142
Bangladesh,BGD,1995,150.80157
Bangladesh,BGD,1996,150.78885
Barbados,BRB,1896,152.05963
Barbados,BRB,1897,152.25125
Barbados,BRB,1898,152.44308
Barbados,BRB,1899,152.63518
Barbados,BRB,1900,152.82695
Barbados,BRB,1901,153.01866
Barbados,BRB,1902,153.21005
Barbados,BRB,1903,153.40086
Barbados,BRB,1904,153.5903
Barbados,BRB,1905,153.7788
Barbados,BRB,1906,153.966
Barbados,BRB,1907,154.15213
Barbados,BRB,1908,154.33792
Barbados,BRB,1909,154.52283
Barbados,BRB,1910,154.70766
Barbados,BRB,1911,154.89299
Barbados,BRB,1912,155.0794
Barbados,BRB,1913,155.26738
Barbados,BRB,1914,155.45695
Barbados,BRB,1915,155.6481
Barbados,BRB,1916,155.84132
Barbados,BRB,1917,156.03668
Barbados,BRB,1918,156.23341
Barbados,BRB,1919,156.43094
Barbados,BRB,1920,156.6293
Barbados,BRB,1921,156.82718
Barbados,BRB,1922,157.02327
Barbados,BRB,1923,157.21686
Barbados,BRB,1924,157.40741
Barbados,BRB,1925,157.59622
Barbados,BRB,1926,157.78313
Barbados,BRB,1927,157.96854
Barbados,BRB,1928,158.15236
Barbados,BRB,1929,158.33481
Barbados,BRB,1930,158.51488
Barbados,BRB,1931,158.69162
Barbados,BRB,1932,158.86429
Barbados,BRB,1933,159.0346
Barbados,BRB,1934,159.20369
Barbados,BRB,1935,159.372
Barbados,BRB,1936,159.54012
Barbados,BRB,1937,159.70758
Barbados,BRB,1938,159.87424
Barbados,BRB,1939,160.03865
Barbados,BRB,1940,160.20059
Barbados,BRB,1941,160.3599
Barbados,BRB,1942,160.51674
Barbados,BRB,1943,160.67287
Barbados,BRB,1944,160.82861
Barbados,BRB,1945,160.98412
Barbados,BRB,1946,161.13985
Barbados,BRB,1947,161.2955
Barbados,BRB,1948,161.45076
Barbados,BRB,1949,161.60506
Barbados,BRB,1950,161.7574
Barbados,BRB,1951,161.90733
Barbados,BRB,1952,162.0534
Barbados,BRB,1953,162.19548
Barbados,BRB,1954,162.3333
Barbados,BRB,1955,162.46742
Barbados,BRB,1956,162.59776
Barbados,BRB,1957,162.72443
Barbados,BRB,1958,162.8482
Barbados,BRB,1959,162.96924
Barbados,BRB,1960,163.0871
Barbados,BRB,1961,163.20142
Barbados,BRB,1962,163.31183
Barbados,BRB,1963,163.41711
Barbados,BRB,1964,163.51572
Barbados,BRB,1965,163.60678
Barbados,BRB,1966,163.69095
Barbados,BRB,1967,163.76889
Barbados,BRB,1968,163.84119
Barbados,BRB,1969,163.90942
Barbados,BRB,1970,163.9741
Barbados,BRB,1971,164.03682
Barbados,BRB,1972,164.09848
Barbados,BRB,1973,164.15927
Barbados,BRB,1974,164.22002
Barbados,BRB,1975,164.27982
Barbados,BRB,1976,164.33766
Barbados,BRB,1977,164.39326
Barbados,BRB,1978,164.44688
Barbados,BRB,1979,164.4994
Barbados,BRB,1980,164.55235
Barbados,BRB,1981,164.60605
Barbados,BRB,1982,164.66089
Barbados,BRB,1983,164.71667
Barbados,BRB,1984,164.77252
Barbados,BRB,1985,164.82716
Barbados,BRB,1986,164.87897
Barbados,BRB,1987,164.92754
Barbados,BRB,1988,164.97217
Barbados,BRB,1989,165.01355
Barbados,BRB,1990,165.0523
Barbados,BRB,1991,165.08974
Barbados,BRB,1992,165.127
Barbados,BRB,1993,165.16412
Barbados,BRB,1994,165.20149
Barbados,BRB,1995,165.23921
Barbados,BRB,1996,165.27701
Belarus,BLR,1896,153.96765
Belarus,BLR,1897,154.14748
Belarus,BLR,1898,154.32748
Belarus,BLR,1899,154.50764
Belarus,BLR,1900,154.68738
Belarus,BLR,1901,154.86668
Belarus,BLR,1902,155.04535
Belarus,BLR,1903,155.22311
Belarus,BLR,1904,155.3996
Belarus,BLR,1905,155.57487
Belarus,BLR,1906,155.74927
Belarus,BLR,1907,155.92241
Belarus,BLR,1908,156.09442
Belarus,BLR,1909,156.26526
Belarus,BLR,1910,156.4357
Belarus,BLR,1911,156.6063
Belarus,BLR,1912,156.7785
Belarus,BLR,1913,156.95291
Belarus,BLR,1914,157.12917
Belarus,BLR,1915,157.30768
Belarus,BLR,1916,157.48817
Belarus,BLR,1917,157.67065
Belarus,BLR,1918,157.85359
Belarus,BLR,1919,158.03499
Belarus,BLR,1920,158.21457
Belarus,BLR,1921,158.39105
Belarus,BLR,1922,158.56418
Belarus,BLR,1923,158.73257
Belarus,BLR,1924,158.89583
Belarus,BLR,1925,159.05553
Belarus,BLR,1926,159.21262
Belarus,BLR,1927,159.36716
Belarus,BLR,1928,159.51996
Belarus,BLR,1929,159.67155
Belarus,BLR,1930,159.82326
Belarus,BLR,1931,159.97386
Belarus,BLR,1932,160.12433
Belarus,BLR,1933,160.27489
Belarus,BLR,1934,160.4265
Belarus,BLR,1935,160.57928
Belarus,BLR,1936,160.73315
Belarus,BLR,1937,160.88716
Belarus,BLR,1938,161.0407
Belarus,BLR,1939,161.19305
Belarus,BLR,1940,161.3438
Belarus,BLR,1941,161.49248
Belarus,BLR,1942,161.63887
Belarus,BLR,1943,161.78291
Belarus,BLR,1944,161.92543
Belarus,BLR,1945,162.06662
Belarus,BLR,1946,162.20613
Belarus,BLR,1947,162.34378
Belarus,BLR,1948,162.4792
Belarus,BLR,1949,162.61288
Belarus,BLR,1950,162.74536
Belarus,BLR,1951,162.87729
Belarus,BLR,1952,163.00824
Belarus,BLR,1953,163.13895
Belarus,BLR,1954,163.26872
Belarus,BLR,1955,163.39748
Belarus,BLR,1956,163.52538
Belarus,BLR,1957,163.65282
Belarus,BLR,1958,163.78046
Belarus,BLR,1959,163.90826
Belarus,BLR,1960,164.03566
Belarus,BLR,1961,164.16168
Belarus,BLR,1962,164.2853
Belarus,BLR,1963,164.40381
Belarus,BLR,1964,164.51537
Belarus,BLR,1965,164.6191
Belarus,BLR,1966,164.71518
Belarus,BLR,1967,164.80421
Belarus,BLR,1968,164.8863
Belarus,BLR,1969,164.96219
Belarus,BLR,1970,165.03189
Belarus,BLR,1971,165.09654
Belarus,BLR,1972,165.15634
Belarus,BLR,1973,165.21245
Belarus,BLR,1974,165.26598
Belarus,BLR,1975,165.3171
Belarus,BLR,1976,165.36595
Belarus,BLR,1977,165.4121
Belarus,BLR,1978,165.45625
Belarus,BLR,1979,165.49916
Belarus,BLR,1980,165.54306
Belarus,BLR,1981,165.58862
Belarus,BLR,1982,165.63658
Belarus,BLR,1983,165.68724
Belarus,BLR,1984,165.73976
Belarus,BLR,1985,165.79335
Belarus,BLR,1986,165.8468
Belarus,BLR,1987,165.89932
Belarus,BLR,1988,165.95036
Belarus,BLR,1989,166.00009
Belarus,BLR,1990,166.04865
Belarus,BLR,1991,166.09726
Belarus,BLR,1992,166.14651
Belarus,BLR,1993,166.19638
Belarus,BLR,1994,166.24634
Belarus,BLR,1995,166.29655
Belarus,BLR,1996,166.34656
Belgium,BEL,1896,155.42155
Belgium,BEL,1897,155.54613
Belgium,BEL,1898,155.67113
Belgium,BEL,1899,155.79623
Belgium,BEL,1900,155.92148
Belgium,BEL,1901,156.0468
Belgium,BEL,1902,156.17215
Belgium,BEL,1903,156.29692
Belgium,BEL,1904,156.42108
Belgium,BEL,1905,156.54456
Belgium,BEL,1906,156.66785
Belgium,BEL,1907,156.79088
Belgium,BEL,1908,156.91406
Belgium,BEL,1909,157.03755
Belgium,BEL,1910,157.16313
Belgium,BEL,1911,157.29297
Belgium,BEL,1912,157.4283
Belgium,BEL,1913,157.56914
Belgium,BEL,1914,157.7157
Belgium,BEL,1915,157.86714
Belgium,BEL,1916,158.02184
Belgium,BEL,1917,158.1785
Belgium,BEL,1918,158.33542
Belgium,BEL,1919,158.49016
Belgium,BEL,1920,158.64198
Belgium,BEL,1921,158.79039
Belgium,BEL,1922,158.93494
Belgium,BEL,1923,159.0743
Belgium,BEL,1924,159.2091
Belgium,BEL,1925,159.34138
Belgium,BEL,1926,159.4714
Belgium,BEL,1927,159.59958
Belgium,BEL,1928,159.7265
Belgium,BEL,1929,159.85234
Belgium,BEL,1930,159.97713
Belgium,BEL,1931,160.09874
Belgium,BEL,1932,160.21922
Belgium,BEL,1933,160.3414
Belgium,BEL,1934,160.46666
Belgium,BEL,1935,160.59508
Belgium,BEL,1936,160.72563
Belgium,BEL,1937,160.8555
Belgium,BEL,1938,160.98253
Belgium,BEL,1939,161.10414
Belgium,BEL,1940,161.21796
Belgium,BEL,1941,161.32253
Belgium,BEL,1942,161.41937
Belgium,BEL,1943,161.5105
Belgium,BEL,1944,161.59898
Belgium,BEL,1945,161.68715
Belgium,BEL,1946,161.77751
Belgium,BEL,1947,161.87119
Belgium,BEL,1948,161.96957
Belgium,BEL,1949,162.07364
Belgium,BEL,1950,162.18492
Belgium,BEL,1951,162.3034
Belgium,BEL,1952,162.42828
Belgium,BEL,1953,162.55997
Belgium,BEL,1954,162.69865
Belgium,BEL,1955,162.84471
Belgium,BEL,1956,162.99753
Belgium,BEL,1957,163.15723
Belgium,BEL,1958,163.3223
Belgium,BEL,1959,163.49054
Belgium,BEL,1960,163.6605
Belgium,BEL,1961,163.8307
Belgium,BEL,1962,163.99802
Belgium,BEL,1963,164.15884
Belgium,BEL,1964,164.30998
Belgium,BEL,1965,164.44969
Belgium,BEL,1966,164.57687
Belgium,BEL,1967,164.69254
Belgium,BEL,1968,164.79663
Belgium,BEL,1969,164.89085
Belgium,BEL,1970,164.97461
Belgium,BEL,1971,165.04901
Belgium,BEL,1972,165.11433
Belgium,BEL,1973,165.17047
Belgium,BEL,1974,165.2178
Belgium,BEL,1975,165.2562
Belgium,BEL,1976,165.28546
Belgium,BEL,1977,165.30562
Belgium,BEL,1978,165.31754
Belgium,BEL,1979,165.32281
Belgium,BEL,1980,165.32506
Belgium,BEL,1981,165.32669
Belgium,BEL,1982,165.33052
Belgium,BEL,1983,165.33893
Belgium,BEL,1984,165.35028
Belgium,BEL,1985,165.36386
Belgium,BEL,1986,165.37852
Belgium,BEL,1987,165.39343
Belgium,BEL,1988,165.40714
Belgium,BEL,1989,165.41954
Belgium,BEL,1990,165.43022
Belgium,BEL,1991,165.44095
Belgium,BEL,1992,165.45154
Belgium,BEL,1993,165.46196
Belgium,BEL,1994,165.47185
Belgium,BEL,1995,165.48154
Belgium,BEL,1996,165.49113
Belize,BLZ,1896,146.18068
Belize,BLZ,1897,146.36952
Belize,BLZ,1898,146.55873
Belize,BLZ,1899,146.74802
Belize,BLZ,1900,146.93726
Belize,BLZ,1901,147.12616
Belize,BLZ,1902,147.3145
Belize,BLZ,1903,147.50203
Belize,BLZ,1904,147.68822
Belize,BLZ,1905,147.87334
Belize,BLZ,1906,148.05713
Belize,BLZ,1907,148.23949
Belize,BLZ,1908,148.42102
Belize,BLZ,1909,148.60178
Belize,BLZ,1910,148.78207
Belize,BLZ,1911,148.96275
Belize,BLZ,1912,149.14429
Belize,BLZ,1913,149.32747
Belize,BLZ,1914,149.51181
Belize,BLZ,1915,149.69775
Belize,BLZ,1916,149.88547
Belize,BLZ,1917,150.07507
Belize,BLZ,1918,150.26582
Belize,BLZ,1919,150.45708
Belize,BLZ,1920,150.64902
Belize,BLZ,1921,150.84009
Belize,BLZ,1922,151.02948
Belize,BLZ,1923,151.2162
Belize,BLZ,1924,151.4002
Belize,BLZ,1925,151.58209
Belize,BLZ,1926,151.76173
Belize,BLZ,1927,151.93962
Belize,BLZ,1928,152.11555
Belize,BLZ,1929,152.2895
Belize,BLZ,1930,152.46042
Belize,BLZ,1931,152.6271
Belize,BLZ,1932,152.78894
Belize,BLZ,1933,152.94702
Belize,BLZ,1934,153.10268
Belize,BLZ,1935,153.25633
Belize,BLZ,1936,153.4086
Belize,BLZ,1937,153.55847
Belize,BLZ,1938,153.70596
Belize,BLZ,1939,153.84987
Belize,BLZ,1940,153.98978
Belize,BLZ,1941,154.12564
Belize,BLZ,1942,154.25739
Belize,BLZ,1943,154.38715
Belize,BLZ,1944,154.51501
Belize,BLZ,1945,154.6411
Belize,BLZ,1946,154.76605
Belize,BLZ,1947,154.88925
Belize,BLZ,1948,155.00998
Belize,BLZ,1949,155.12817
Belize,BLZ,1950,155.24298
Belize,BLZ,1951,155.35406
Belize,BLZ,1952,155.4601
Belize,BLZ,1953,155.56113
Belize,BLZ,1954,155.65683
Belize,BLZ,1955,155.74799
Belize,BLZ,1956,155.83484
Belize,BLZ,1957,155.91753
Belize,BLZ,1958,155.99669
Belize,BLZ,1959,156.07245
Belize,BLZ,1960,156.14465
Belize,BLZ,1961,156.21297
Belize,BLZ,1962,156.27747
Belize,BLZ,1963,156.33684
Belize,BLZ,1964,156.38977
Belize,BLZ,1965,156.4355
Belize,BLZ,1966,156.47449
Belize,BLZ,1967,156.5078
Belize,BLZ,1968,156.53607
Belize,BLZ,1969,156.5607
Belize,BLZ,1970,156.58247
Belize,BLZ,1971,156.60257
Belize,BLZ,1972,156.62206
Belize,BLZ,1973,156.641
Belize,BLZ,1974,156.66039
Belize,BLZ,1975,156.6792
Belize,BLZ,1976,156.69624
Belize,BLZ,1977,156.71156
Belize,BLZ,1978,156.7255
Belize,BLZ,1979,156.73837
Belize,BLZ,1980,156.75163
Belize,BLZ,1981,156.76607
Belize,BLZ,1982,156.7819
Belize,BLZ,1983,156.79932
Belize,BLZ,1984,156.81703
Belize,BLZ,1985,156.83401
Belize,BLZ,1986,156.84836
Belize,BLZ,1987,156.85977
Belize,BLZ,1988,156.86702
Belize,BLZ,1989,156.87126
Belize,BLZ,1990,156.87288
Belize,BLZ,1991,156.87318
Belize,BLZ,1992,156.87335
Belize,BLZ,1993,156.87369
Belize,BLZ,1994,156.87411
Belize,BLZ,1995,156.87495
Belize,BLZ,1996,156.87587
Benin,BEN,1896,153.1606
Benin,BEN,1897,153.27963
Benin,BEN,1898,153.3986
Benin,BEN,1899,153.51726
Benin,BEN,1900,153.63622
Benin,BEN,1901,153.75484
Benin,BEN,1902,153.87302
Benin,BEN,1903,153.99011
Benin,BEN,1904,154.10565
Benin,BEN,1905,154.22008
Benin,BEN,1906,154.33339
Benin,BEN,1907,154.44568
Benin,BEN,1908,154.55722
Benin,BEN,1909,154.66803
Benin,BEN,1910,154.77882
Benin,BEN,1911,154.88998
Benin,BEN,1912,155.00233
Benin,BEN,1913,155.11557
Benin,BEN,1914,155.22975
Benin,BEN,1915,155.34508
Benin,BEN,1916,155.46144
Benin,BEN,1917,155.5793
Benin,BEN,1918,155.69827
Benin,BEN,1919,155.81781
Benin,BEN,1920,155.93794
Benin,BEN,1921,156.058
Benin,BEN,1922,156.17743
Benin,BEN,1923,156.29526
Benin,BEN,1924,156.41193
Benin,BEN,1925,156.52896
Benin,BEN,1926,156.64687
Benin,BEN,1927,156.76588
Benin,BEN,1928,156.88678
Benin,BEN,1929,157.00995
Benin,BEN,1930,157.13554
Benin,BEN,1931,157.26228
Benin,BEN,1932,157.3906
Benin,BEN,1933,157.52109
Benin,BEN,1934,157.65451
Benin,BEN,1935,157.7905
Benin,BEN,1936,157.92897
Benin,BEN,1937,158.06952
Benin,BEN,1938,158.2114
Benin,BEN,1939,158.35408
Benin,BEN,1940,158.49667
Benin,BEN,1941,158.63872
Benin,BEN,1942,158.77974
Benin,BEN,1943,158.92058
Benin,BEN,1944,159.06102
Benin,BEN,1945,159.20079
Benin,BEN,1946,159.33914
Benin,BEN,1947,159.47557
Benin,BEN,1948,159.60785
Benin,BEN,1949,159.73465
Benin,BEN,1950,159.85516
Benin,BEN,1951,159.96815
Benin,BEN,1952,160.07089
Benin,BEN,1953,160.16248
Benin,BEN,1954,160.24171
Benin,BEN,1955,160.30858
Benin,BEN,1956,160.36334
Benin,BEN,1957,160.40707
Benin,BEN,1958,160.44159
Benin,BEN,1959,160.46721
Benin,BEN,1960,160.48418
Benin,BEN,1961,160.49283
Benin,BEN,1962,160.49316
Benin,BEN,1963,160.48378
Benin,BEN,1964,160.4634
Benin,BEN,1965,160.43199
Benin,BEN,1966,160.38998
Benin,BEN,1967,160.3383
Benin,BEN,1968,160.27696
Benin,BEN,1969,160.20598
Benin,BEN,1970,160.12473
Benin,BEN,1971,160.0331
Benin,BEN,1972,159.9315
Benin,BEN,1973,159.82068
Benin,BEN,1974,159.70241
Benin,BEN,1975,159.57726
Benin,BEN,1976,159.44516
Benin,BEN,1977,159.30617
Benin,BEN,1978,159.16002
Benin,BEN,1979,159.00708
Benin,BEN,1980,158.8502
Benin,BEN,1981,158.69087
Benin,BEN,1982,158.53029
Benin,BEN,1983,158.36862
Benin,BEN,1984,158.20639
Benin,BEN,1985,158.04298
Benin,BEN,1986,157.87828
Benin,BEN,1987,157.71118
Benin,BEN,1988,157.54178
Benin,BEN,1989,157.37091
Benin,BEN,1990,157.19856
Benin,BEN,1991,157.02647
Benin,BEN,1992,156.85396
Benin,BEN,1993,156.68059
Benin,BEN,1994,156.50597
Benin,BEN,1995,156.33113
Benin,BEN,1996,156.15598
Bermuda,BMU,1896,150.51869
Bermuda,BMU,1897,150.71288
Bermuda,BMU,1898,150.90756
Bermuda,BMU,1899,151.10233
Bermuda,BMU,1900,151.2969
Bermuda,BMU,1901,151.49118
Bermuda,BMU,1902,151.68504
Bermuda,BMU,1903,151.8781
Bermuda,BMU,1904,152.06969
Bermuda,BMU,1905,152.26012
Bermuda,BMU,1906,152.44914
Bermuda,BMU,1907,152.63704
Bermuda,BMU,1908,152.82411
Bermuda,BMU,1909,153.01025
Bermuda,BMU,1910,153.19576
Bermuda,BMU,1911,153.38167
Bermuda,BMU,1912,153.56842
Bermuda,BMU,1913,153.7567
Bermuda,BMU,1914,153.94571
Bermuda,BMU,1915,154.13617
Bermuda,BMU,1916,154.32791
Bermuda,BMU,1917,154.52115
Bermuda,BMU,1918,154.71497
Bermuda,BMU,1919,154.9091
Bermuda,BMU,1920,155.10338
Bermuda,BMU,1921,155.29684
Bermuda,BMU,1922,155.48802
Bermuda,BMU,1923,155.67627
Bermuda,BMU,1924,155.86118
Bermuda,BMU,1925,156.04385
Bermuda,BMU,1926,156.22397
Bermuda,BMU,1927,156.40204
Bermuda,BMU,1928,156.57779
Bermuda,BMU,1929,156.75128
Bermuda,BMU,1930,156.92152
Bermuda,BMU,1931,157.08759
Bermuda,BMU,1932,157.2484
Bermuda,BMU,1933,157.40543
Bermuda,BMU,1934,157.5599
Bermuda,BMU,1935,157.71219
Bermuda,BMU,1936,157.86275
Bermuda,BMU,1937,158.01088
Bermuda,BMU,1938,158.15656
Bermuda,BMU,1939,158.29839
Bermuda,BMU,1940,158.43623
Bermuda,BMU,1941,158.56953
Bermuda,BMU,1942,158.69891
Bermuda,BMU,1943,158.82594
Bermuda,BMU,1944,158.95058
Bermuda,BMU,1945,159.07336
Bermuda,BMU,1946,159.19478
Bermuda,BMU,1947,159.3142
Bermuda,BMU,1948,159.43106
Bermuda,BMU,1949,159.54521
Bermuda,BMU,1950,159.6558
Bermuda,BMU,1951,159.76236
Bermuda,BMU,1952,159.8635
Bermuda,BMU,1953,159.95947
Bermuda,BMU,1954,160.04976
Bermuda,BMU,1955,160.1352
Bermuda,BMU,1956,160.21587
Bermuda,BMU,1957,160.29185
Bermuda,BMU,1958,160.3639
Bermuda,BMU,1959,160.43198
Bermuda,BMU,1960,160.49582
Bermuda,BMU,1961,160.55539
Bermuda,BMU,1962,160.61038
Bermuda,BMU,1963,160.65965
Bermuda,BMU,1964,160.70195
Bermuda,BMU,1965,160.73648
Bermuda,BMU,1966,160.76396
Bermuda,BMU,1967,160.78511
Bermuda,BMU,1968,160.80057
Bermuda,BMU,1969,160.81194
Bermuda,BMU,1970,160.81981
Bermuda,BMU,1971,160.82582
Bermuda,BMU,1972,160.8308
Bermuda,BMU,1973,160.83505
Bermuda,BMU,1974,160.83951
Bermuda,BMU,1975,160.84335
Bermuda,BMU,1976,160.84512
Bermuda,BMU,1977,160.8449
Bermuda,BMU,1978,160.84303
Bermuda,BMU,1979,160.83995
Bermuda,BMU,1980,160.83725
Bermuda,BMU,1981,160.8354
Bermuda,BMU,1982,160.83484
Bermuda,BMU,1983,160.83565
Bermuda,BMU,1984,160.83675
Bermuda,BMU,1985,160.83672
Bermuda,BMU,1986,160.83429
Bermuda,BMU,1987,160.82854
Bermuda,BMU,1988,160.81882
Bermuda,BMU,1989,160.80585
Bermuda,BMU,1990,160.7904
Bermuda,BMU,1991,160.77364
Bermuda,BMU,1992,160.75653
Bermuda,BMU,1993,160.73909
Bermuda,BMU,1994,160.72192
Bermuda,BMU,1995,160.70476
Bermuda,BMU,1996,160.6877
Bhutan,BTN,1896,146.97032
Bhutan,BTN,1897,147.09761
Bhutan,BTN,1898,147.2251
Bhutan,BTN,1899,147.35263
Bhutan,BTN,1900,147.48027
Bhutan,BTN,1901,147.60715
Bhutan,BTN,1902,147.73344
Bhutan,BTN,1903,147.8591
Bhutan,BTN,1904,147.98375
Bhutan,BTN,1905,148.10793
Bhutan,BTN,1906,148.23148
Bhutan,BTN,1907,148.35405
Bhutan,BTN,1908,148.47623
Bhutan,BTN,1909,148.5979
Bhutan,BTN,1910,148.71986
Bhutan,BTN,1911,148.8428
Bhutan,BTN,1912,148.96657
Bhutan,BTN,1913,149.09137
Bhutan,BTN,1914,149.21678
Bhutan,BTN,1915,149.34308
Bhutan,BTN,1916,149.47018
Bhutan,BTN,1917,149.59814
Bhutan,BTN,1918,149.72684
Bhutan,BTN,1919,149.85521
Bhutan,BTN,1920,149.98341
Bhutan,BTN,1921,150.11072
Bhutan,BTN,1922,150.23694
Bhutan,BTN,1923,150.3613
Bhutan,BTN,1924,150.48477
Bhutan,BTN,1925,150.60886
Bhutan,BTN,1926,150.73389
Bhutan,BTN,1927,150.8598
Bhutan,BTN,1928,150.98634
Bhutan,BTN,1929,151.11406
Bhutan,BTN,1930,151.24188
Bhutan,BTN,1931,151.3686
Bhutan,BTN,1932,151.49403
Bhutan,BTN,1933,151.61879
Bhutan,BTN,1934,151.7434
Bhutan,BTN,1935,151.86758
Bhutan,BTN,1936,151.99164
Bhutan,BTN,1937,152.11453
Bhutan,BTN,1938,152.23547
Bhutan,BTN,1939,152.35368
Bhutan,BTN,1940,152.4678
Bhutan,BTN,1941,152.57771
Bhutan,BTN,1942,152.68344
Bhutan,BTN,1943,152.78592
Bhutan,BTN,1944,152.88535
Bhutan,BTN,1945,152.98137
Bhutan,BTN,1946,153.07442
Bhutan,BTN,1947,153.1645
Bhutan,BTN,1948,153.25061
Bhutan,BTN,1949,153.33328
Bhutan,BTN,1950,153.4125
Bhutan,BTN,1951,153.48798
Bhutan,BTN,1952,153.55792
Bhutan,BTN,1953,153.62268
Bhutan,BTN,1954,153.68205
Bhutan,BTN,1955,153.7363
Bhutan,BTN,1956,153.78554
Bhutan,BTN,1957,153.83064
Bhutan,BTN,1958,153.87206
Bhutan,BTN,1959,153.91011
Bhutan,BTN,1960,153.94498
Bhutan,BTN,1961,153.97675
Bhutan,BTN,1962,154.00487
Bhutan,BTN,1963,154.02785
Bhutan,BTN,1964,154.04445
Bhutan,BTN,1965,154.05406
Bhutan,BTN,1966,154.05748
Bhutan,BTN,1967,154.05542
Bhutan,BTN,1968,154.04823
Bhutan,BTN,1969,154.036
Bhutan,BTN,1970,154.01932
Bhutan,BTN,1971,153.9988
Bhutan,BTN,1972,153.9754
Bhutan,BTN,1973,153.94995
Bhutan,BTN,1974,153.92393
Bhutan,BTN,1975,153.897
Bhutan,BTN,1976,153.86902
Bhutan,BTN,1977,153.84032
Bhutan,BTN,1978,153.81142
Bhutan,BTN,1979,153.78333
Bhutan,BTN,1980,153.75764
Bhutan,BTN,1981,153.73538
Bhutan,BTN,1982,153.717
Bhutan,BTN,1983,153.70282
Bhutan,BTN,1984,153.69228
Bhutan,BTN,1985,153.68404
Bhutan,BTN,1986,153.67744
Bhutan,BTN,1987,153.6713
Bhutan,BTN,1988,153.665
Bhutan,BTN,1989,153.65868
Bhutan,BTN,1990,153.65285
Bhutan,BTN,1991,153.64793
Bhutan,BTN,1992,153.64377
Bhutan,BTN,1993,153.64008
Bhutan,BTN,1994,153.63625
Bhutan,BTN,1995,153.63277
Bhutan,BTN,1996,153.62946
Bolivia,BOL,1896,143.19481
Bolivia,BOL,1897,143.35992
Bolivia,BOL,1898,143.52542
Bolivia,BOL,1899,143.69095
Bolivia,BOL,1900,143.85648
Bolivia,BOL,1901,144.02188
Bolivia,BOL,1902,144.18668
Bolivia,BOL,1903,144.35062
Bolivia,BOL,1904,144.51341
Bolivia,BOL,1905,144.67526
Bolivia,BOL,1906,144.83617
Bolivia,BOL,1907,144.99637
Bolivia,BOL,1908,145.1558
Bolivia,BOL,1909,145.31442
Bolivia,BOL,1910,145.47273
Bolivia,BOL,1911,145.63158
Bolivia,BOL,1912,145.79153
Bolivia,BOL,1913,145.95305
Bolivia,BOL,1914,146.11623
Bolivia,BOL,1915,146.28114
Bolivia,BOL,1916,146.448
Bolivia,BOL,1917,146.6165
Bolivia,BOL,1918,146.7864
Bolivia,BOL,1919,146.9574
Bolivia,BOL,1920,147.12903
Bolivia,BOL,1921,147.30026
Bolivia,BOL,1922,147.47025
Bolivia,BOL,1923,147.63792
Bolivia,BOL,1924,147.80333
Bolivia,BOL,1925,147.96747
Bolivia,BOL,1926,148.1303
Bolivia,BOL,1927,148.29233
Bolivia,BOL,1928,148.45354
Bolivia,BOL,1929,148.6135
Bolivia,BOL,1930,148.77107
Bolivia,BOL,1931,148.9247
Bolivia,BOL,1932,149.07393
Bolivia,BOL,1933,149.21985
Bolivia,BOL,1934,149.36404
Bolivia,BOL,1935,149.50641
Bolivia,BOL,1936,149.64755
Bolivia,BOL,1937,149.78714
Bolivia,BOL,1938,149.92421
Bolivia,BOL,1939,150.05759
Bolivia,BOL,1940,150.18665
Bolivia,BOL,1941,150.31087
Bolivia,BOL,1942,150.43005
Bolivia,BOL,1943,150.54576
Bolivia,BOL,1944,150.65842
Bolivia,BOL,1945,150.76836
Bolivia,BOL,1946,150.87608
Bolivia,BOL,1947,150.98137
Bolivia,BOL,1948,151.08337
Bolivia,BOL,1949,151.18193
Bolivia,BOL,1950,151.27658
Bolivia,BOL,1951,151.36646
Bolivia,BOL,1952,151.45041
Bolivia,BOL,1953,151.52855
Bolivia,BOL,1954,151.60056
Bolivia,BOL,1955,151.66765
Bolivia,BOL,1956,151.72984
Bolivia,BOL,1957,151.7878
Bolivia,BOL,1958,151.84212
Bolivia,BOL,1959,151.8932
Bolivia,BOL,1960,151.94106
Bolivia,BOL,1961,151.98586
Bolivia,BOL,1962,152.02742
Bolivia,BOL,1963,152.06491
Bolivia,BOL,1964,152.09723
Bolivia,BOL,1965,152.12437
Bolivia,BOL,1966,152.14719
Bolivia,BOL,1967,152.16692
Bolivia,BOL,1968,152.18423
Bolivia,BOL,1969,152.20117
Bolivia,BOL,1970,152.21826
Bolivia,BOL,1971,152.23749
Bolivia,BOL,1972,152.2599
Bolivia,BOL,1973,152.28676
Bolivia,BOL,1974,152.31894
Bolivia,BOL,1975,152.35556
Bolivia,BOL,1976,152.39607
Bolivia,BOL,1977,152.441
Bolivia,BOL,1978,152.49042
Bolivia,BOL,1979,152.54489
Bolivia,BOL,1980,152.60596
Bolivia,BOL,1981,152.67381
Bolivia,BOL,1982,152.74805
Bolivia,BOL,1983,152.82771
Bolivia,BOL,1984,152.91104
Bolivia,BOL,1985,152.99637
Bolivia,BOL,1986,153.0815
Bolivia,BOL,1987,153.16583
Bolivia,BOL,1988,153.24832
Bolivia,BOL,1989,153.32915
Bolivia,BOL,1990,153.40872
Bolivia,BOL,1991,153.48817
Bolivia,BOL,1992,153.56798
Bolivia,BOL,1993,153.64784
Bolivia,BOL,1994,153.72778
Bolivia,BOL,1995,153.80806
Bolivia,BOL,1996,153.88838
Bosnia and Herzegovina,BIH,1896,153.84457
Bosnia and Herzegovina,BIH,1897,154.09494
Bosnia and Herzegovina,BIH,1898,154.34543
Bosnia and Herzegovina,BIH,1899,154.59583
Bosnia and Herzegovina,BIH,1900,154.84639
Bosnia and Herzegovina,BIH,1901,155.09628
Bosnia and Herzegovina,BIH,1902,155.34567
Bosnia and Herzegovina,BIH,1903,155.59416
Bosnia and Herzegovina,BIH,1904,155.84117
Bosnia and Herzegovina,BIH,1905,156.08702
Bosnia and Herzegovina,BIH,1906,156.33171
Bosnia and Herzegovina,BIH,1907,156.5756
Bosnia and Herzegovina,BIH,1908,156.81845
Bosnia and Herzegovina,BIH,1909,157.06013
Bosnia and Herzegovina,BIH,1910,157.30151
Bosnia and Herzegovina,BIH,1911,157.54288
Bosnia and Herzegovina,BIH,1912,157.78539
Bosnia and Herzegovina,BIH,1913,158.02911
Bosnia and Herzegovina,BIH,1914,158.27388
Bosnia and Herzegovina,BIH,1915,158.52037
Bosnia and Herzegovina,BIH,1916,158.76807
Bosnia and Herzegovina,BIH,1917,159.01717
Bosnia and Herzegovina,BIH,1918,159.2664
Bosnia and Herzegovina,BIH,1919,159.51418
Bosnia and Herzegovina,BIH,1920,159.76024
Bosnia and Herzegovina,BIH,1921,160.00305
Bosnia and Herzegovina,BIH,1922,160.24207
Bosnia and Herzegovina,BIH,1923,160.47588
Bosnia and Herzegovina,BIH,1924,160.70505
Bosnia and Herzegovina,BIH,1925,160.93063
Bosnia and Herzegovina,BIH,1926,161.15254
Bosnia and Herzegovina,BIH,1927,161.37059
Bosnia and Herzegovina,BIH,1928,161.58562
Bosnia and Herzegovina,BIH,1929,161.79773
Bosnia and Herzegovina,BIH,1930,162.00728
Bosnia and Herzegovina,BIH,1931,162.21265
Bosnia and Herzegovina,BIH,1932,162.41444
Bosnia and Herzegovina,BIH,1933,162.61295
Bosnia and Herzegovina,BIH,1934,162.80891
Bosnia and Herzegovina,BIH,1935,163.00217
Bosnia and Herzegovina,BIH,1936,163.19272
Bosnia and Herzegovina,BIH,1937,163.38019
Bosnia and Herzegovina,BIH,1938,163.56403
Bosnia and Herzegovina,BIH,1939,163.74345
Bosnia and Herzegovina,BIH,1940,163.91766
Bosnia and Herzegovina,BIH,1941,164.0857
Bosnia and Herzegovina,BIH,1942,164.24776
Bosnia and Herzegovina,BIH,1943,164.40399
Bosnia and Herzegovina,BIH,1944,164.55534
Bosnia and Herzegovina,BIH,1945,164.7021
Bosnia and Herzegovina,BIH,1946,164.845
Bosnia and Herzegovina,BIH,1947,164.98347
Bosnia and Herzegovina,BIH,1948,165.11711
Bosnia and Herzegovina,BIH,1949,165.24666
Bosnia and Herzegovina,BIH,1950,165.37297
Bosnia and Herzegovina,BIH,1951,165.4968
Bosnia and Herzegovina,BIH,1952,165.6175
Bosnia and Herzegovina,BIH,1953,165.73567
Bosnia and Herzegovina,BIH,1954,165.85106
Bosnia and Herzegovina,BIH,1955,165.96436
Bosnia and Herzegovina,BIH,1956,166.07549
Bosnia and Herzegovina,BIH,1957,166.18547
Bosnia and Herzegovina,BIH,1958,166.29489
Bosnia and Herzegovina,BIH,1959,166.40392
Bosnia and Herzegovina,BIH,1960,166.51237
Bosnia and Herzegovina,BIH,1961,166.61958
Bosnia and Herzegovina,BIH,1962,166.72403
Bosnia and Herzegovina,BIH,1963,166.8233
Bosnia and Herzegovina,BIH,1964,166.91522
Bosnia and Herzegovina,BIH,1965,166.99869
Bosnia and Herzegovina,BIH,1966,167.07382
Bosnia and Herzegovina,BIH,1967,167.14075
Bosnia and Herzegovina,BIH,1968,167.19925
Bosnia and Herzegovina,BIH,1969,167.24953
Bosnia and Herzegovina,BIH,1970,167.29062
Bosnia and Herzegovina,BIH,1971,167.323
Bosnia and Herzegovina,BIH,1972,167.34618
Bosnia and Herzegovina,BIH,1973,167.36017
Bosnia and Herzegovina,BIH,1974,167.36488
Bosnia and Herzegovina,BIH,1975,167.36017
Bosnia and Herzegovina,BIH,1976,167.3454
Bosnia and Herzegovina,BIH,1977,167.31996
Bosnia and Herzegovina,BIH,1978,167.28392
Bosnia and Herzegovina,BIH,1979,167.23851
Bosnia and Herzegovina,BIH,1980,167.18614
Bosnia and Herzegovina,BIH,1981,167.12813
Bosnia and Herzegovina,BIH,1982,167.06578
Bosnia and Herzegovina,BIH,1983,167.00027
Bosnia and Herzegovina,BIH,1984,166.93115
Bosnia and Herzegovina,BIH,1985,166.85788
Bosnia and Herzegovina,BIH,1986,166.77995
Bosnia and Herzegovina,BIH,1987,166.69681
Bosnia and Herzegovina,BIH,1988,166.60855
Bosnia and Herzegovina,BIH,1989,166.51694
Bosnia and Herzegovina,BIH,1990,166.42247
Bosnia and Herzegovina,BIH,1991,166.32661
Bosnia and Herzegovina,BIH,1992,166.2302
Bosnia and Herzegovina,BIH,1993,166.13387
Bosnia and Herzegovina,BIH,1994,166.03847
Bosnia and Herzegovina,BIH,1995,165.94327
Bosnia and Herzegovina,BIH,1996,165.84831
Botswana,BWA,1896,156.03358
Botswana,BWA,1897,156.14587
Botswana,BWA,1898,156.25854
Botswana,BWA,1899,156.37143
Botswana,BWA,1900,156.48405
Botswana,BWA,1901,156.59654
Botswana,BWA,1902,156.70862
Botswana,BWA,1903,156.81944
Botswana,BWA,1904,156.92857
Botswana,BWA,1905,157.03635
Botswana,BWA,1906,157.14293
Botswana,BWA,1907,157.24866
Botswana,BWA,1908,157.35307
Botswana,BWA,1909,157.45712
Botswana,BWA,1910,157.56087
Botswana,BWA,1911,157.6651
Botswana,BWA,1912,157.77039
Botswana,BWA,1913,157.87639
Botswana,BWA,1914,157.98322
Botswana,BWA,1915,158.09128
Botswana,BWA,1916,158.20004
Botswana,BWA,1917,158.3099
Botswana,BWA,1918,158.42046
Botswana,BWA,1919,158.53091
Botswana,BWA,1920,158.64136
Botswana,BWA,1921,158.751
Botswana,BWA,1922,158.85936
Botswana,BWA,1923,158.96542
Botswana,BWA,1924,159.06967
Botswana,BWA,1925,159.17354
Botswana,BWA,1926,159.27768
Botswana,BWA,1927,159.38188
Botswana,BWA,1928,159.48645
Botswana,BWA,1929,159.59152
Botswana,BWA,1930,159.69673
Botswana,BWA,1931,159.80078
Botswana,BWA,1932,159.9042
Botswana,BWA,1933,160.00777
Botswana,BWA,1934,160.11198
Botswana,BWA,1935,160.21695
Botswana,BWA,1936,160.3227
Botswana,BWA,1937,160.42856
Botswana,BWA,1938,160.53407
Botswana,BWA,1939,160.63855
Botswana,BWA,1940,160.7416
Botswana,BWA,1941,160.8426
Botswana,BWA,1942,160.94142
Botswana,BWA,1943,161.03955
Botswana,BWA,1944,161.13698
Botswana,BWA,1945,161.23318
Botswana,BWA,1946,161.32802
Botswana,BWA,1947,161.42122
Botswana,BWA,1948,161.51212
Botswana,BWA,1949,161.6007
Botswana,BWA,1950,161.68796
Botswana,BWA,1951,161.77336
Botswana,BWA,1952,161.85507
Botswana,BWA,1953,161.93268
Botswana,BWA,1954,162.00539
Botswana,BWA,1955,162.07304
Botswana,BWA,1956,162.13554
Botswana,BWA,1957,162.1936
Botswana,BWA,1958,162.24866
Botswana,BWA,1959,162.30113
Botswana,BWA,1960,162.35085
Botswana,BWA,1961,162.39821
Botswana,BWA,1962,162.44269
Botswana,BWA,1963,162.48274
Botswana,BWA,1964,162.51718
Botswana,BWA,1965,162.54555
Botswana,BWA,1966,162.56897
Botswana,BWA,1967,162.58798
Botswana,BWA,1968,162.60207
Botswana,BWA,1969,162.61089
Botswana,BWA,1970,162.61403
Botswana,BWA,1971,162.61082
Botswana,BWA,1972,162.60141
Botswana,BWA,1973,162.58597
Botswana,BWA,1974,162.56592
Botswana,BWA,1975,162.54036
Botswana,BWA,1976,162.50912
Botswana,BWA,1977,162.47156
Botswana,BWA,1978,162.42796
Botswana,BWA,1979,162.37846
Botswana,BWA,1980,162.32509
Botswana,BWA,1981,162.27007
Botswana,BWA,1982,162.21521
Botswana,BWA,1983,162.16052
Botswana,BWA,1984,162.10605
Botswana,BWA,1985,162.05087
Botswana,BWA,1986,161.99472
Botswana,BWA,1987,161.93657
Botswana,BWA,1988,161.87628
Botswana,BWA,1989,161.815
Botswana,BWA,1990,161.75287
Botswana,BWA,1991,161.69084
Botswana,BWA,1992,161.62921
Botswana,BWA,1993,161.56729
Botswana,BWA,1994,161.5051
Botswana,BWA,1995,161.44316
Botswana,BWA,1996,161.38127
Brazil,BRA,1896,150.16753
Brazil,BRA,1897,150.28308
Brazil,BRA,1898,150.3987
Brazil,BRA,1899,150.51434
Brazil,BRA,1900,150.62978
Brazil,BRA,1901,150.74506
Brazil,BRA,1902,150.86018
Brazil,BRA,1903,150.9747
Brazil,BRA,1904,151.0881
Brazil,BRA,1905,151.20067
Brazil,BRA,1906,151.3126
Brazil,BRA,1907,151.42387
Brazil,BRA,1908,151.53448
Brazil,BRA,1909,151.64473
Brazil,BRA,1910,151.75533
Brazil,BRA,1911,151.86711
Brazil,BRA,1912,151.98053
Brazil,BRA,1913,152.0965
Brazil,BRA,1914,152.21501
Brazil,BRA,1915,152.33655
Brazil,BRA,1916,152.4614
Brazil,BRA,1917,152.59016
Brazil,BRA,1918,152.72203
Brazil,BRA,1919,152.85641
Brazil,BRA,1920,152.99355
Brazil,BRA,1921,153.13222
Brazil,BRA,1922,153.27081
Brazil,BRA,1923,153.40881
Brazil,BRA,1924,153.54643
Brazil,BRA,1925,153.68488
Brazil,BRA,1926,153.82405
Brazil,BRA,1927,153.96457
Brazil,BRA,1928,154.10577
Brazil,BRA,1929,154.24739
Brazil,BRA,1930,154.38803
Brazil,BRA,1931,154.52536
Brazil,BRA,1932,154.65878
Brazil,BRA,1933,154.78891
Brazil,BRA,1934,154.9165
Brazil,BRA,1935,155.04237
Brazil,BRA,1936,155.1669
Brazil,BRA,1937,155.29025
Brazil,BRA,1938,155.41194
Brazil,BRA,1939,155.53061
Brazil,BRA,1940,155.64572
Brazil,BRA,1941,155.75694
Brazil,BRA,1942,155.86441
Brazil,BRA,1943,155.96964
Brazil,BRA,1944,156.07297
Brazil,BRA,1945,156.17407
Brazil,BRA,1946,156.27394
Brazil,BRA,1947,156.37305
Brazil,BRA,1948,156.47147
Brazil,BRA,1949,156.569
Brazil,BRA,1950,156.66544
Brazil,BRA,1951,156.76045
Brazil,BRA,1952,156.85301
Brazil,BRA,1953,156.94328
Brazil,BRA,1954,157.03085
Brazil,BRA,1955,157.11769
Brazil,BRA,1956,157.20338
Brazil,BRA,1957,157.2886
Brazil,BRA,1958,157.37411
Brazil,BRA,1959,157.45993
Brazil,BRA,1960,157.54607
Brazil,BRA,1961,157.63245
Brazil,BRA,1962,157.71884
Brazil,BRA,1963,157.8032
Brazil,BRA,1964,157.88397
Brazil,BRA,1965,157.9608
Brazil,BRA,1966,158.03375
Brazil,BRA,1967,158.10358
Brazil,BRA,1968,158.17123
Brazil,BRA,1969,158.23799
Brazil,BRA,1970,158.30484
Brazil,BRA,1971,158.37422
Brazil,BRA,1972,158.44664
Brazil,BRA,1973,158.5228
Brazil,BRA,1974,158.6023
Brazil,BRA,1975,158.68367
Brazil,BRA,1976,158.76596
Brazil,BRA,1977,158.84892
Brazil,BRA,1978,158.93271
Brazil,BRA,1979,159.01819
Brazil,BRA,1980,159.10667
Brazil,BRA,1981,159.19897
Brazil,BRA,1982,159.29572
Brazil,BRA,1983,159.39706
Brazil,BRA,1984,159.50226
Brazil,BRA,1985,159.61029
Brazil,BRA,1986,159.72011
Brazil,BRA,1987,159.83093
Brazil,BRA,1988,159.94147
Brazil,BRA,1989,160.05222
Brazil,BRA,1990,160.16356
Brazil,BRA,1991,160.27672
Brazil,BRA,1992,160.39183
Brazil,BRA,1993,160.50894
Brazil,BRA,1994,160.62682
Brazil,BRA,1995,160.74518
Brazil,BRA,1996,160.86354
Brunei,BRN,1896,145.74239
Brunei,BRN,1897,145.84792
Brunei,BRN,1898,145.95372
Brunei,BRN,1899,146.0596
Brunei,BRN,1900,146.16518
Brunei,BRN,1901,146.27032
Brunei,BRN,1902,146.37491
Brunei,BRN,1903,146.47801
Brunei,BRN,1904,146.5796
Brunei,BRN,1905,146.67938
Brunei,BRN,1906,146.77771
Brunei,BRN,1907,146.87445
Brunei,BRN,1908,146.96985
Brunei,BRN,1909,147.064
Brunei,BRN,1910,147.15735
Brunei,BRN,1911,147.2504
Brunei,BRN,1912,147.34424
Brunei,BRN,1913,147.43867
Brunei,BRN,1914,147.53418
Brunei,BRN,1915,147.63097
Brunei,BRN,1916,147.72998
Brunei,BRN,1917,147.83165
Brunei,BRN,1918,147.936
Brunei,BRN,1919,148.04314
Brunei,BRN,1920,148.15373
Brunei,BRN,1921,148.26804
Brunei,BRN,1922,148.38615
Brunei,BRN,1923,148.5079
Brunei,BRN,1924,148.63351
Brunei,BRN,1925,148.7654
Brunei,BRN,1926,148.90349
Brunei,BRN,1927,149.04631
Brunei,BRN,1928,149.19287
Brunei,BRN,1929,149.34212
Brunei,BRN,1930,149.49252
Brunei,BRN,1931,149.64299
Brunei,BRN,1932,149.79393
Brunei,BRN,1933,149.94647
Brunei,BRN,1934,150.10121
Brunei,BRN,1935,150.2578
Brunei,BRN,1936,150.41489
Brunei,BRN,1937,150.57121
Brunei,BRN,1938,150.72505
Brunei,BRN,1939,150.87482
Brunei,BRN,1940,151.01958
Brunei,BRN,1941,151.15958
Brunei,BRN,1942,151.29605
Brunei,BRN,1943,151.43024
Brunei,BRN,1944,151.56367
Brunei,BRN,1945,151.69547
Brunei,BRN,1946,151.8255
Brunei,BRN,1947,151.95222
Brunei,BRN,1948,152.07472
Brunei,BRN,1949,152.19211
Brunei,BRN,1950,152.30328
Brunei,BRN,1951,152.40733
Brunei,BRN,1952,152.50298
Brunei,BRN,1953,152.58977
Brunei,BRN,1954,152.66713
Brunei,BRN,1955,152.73541
Brunei,BRN,1956,152.795
Brunei,BRN,1957,152.84708
Brunei,BRN,1958,152.8928
Brunei,BRN,1959,152.93307
Brunei,BRN,1960,152.96909
Brunei,BRN,1961,153.00119
Brunei,BRN,1962,153.0296
Brunei,BRN,1963,153.05376
Brunei,BRN,1964,153.0734
Brunei,BRN,1965,153.08928
Brunei,BRN,1966,153.10352
Brunei,BRN,1967,153.1177
Brunei,BRN,1968,153.13182
Brunei,BRN,1969,153.14557
Brunei,BRN,1970,153.15875
Brunei,BRN,1971,153.17186
Brunei,BRN,1972,153.18498
Brunei,BRN,1973,153.19894
Brunei,BRN,1974,153.21452
Brunei,BRN,1975,153.23105
Brunei,BRN,1976,153.24878
Brunei,BRN,1977,153.26729
Brunei,BRN,1978,153.28673
Brunei,BRN,1979,153.3077
Brunei,BRN,1980,153.33125
Brunei,BRN,1981,153.35808
Brunei,BRN,1982,153.38824
Brunei,BRN,1983,153.42168
Brunei,BRN,1984,153.45807
Brunei,BRN,1985,153.49648
Brunei,BRN,1986,153.53627
Brunei,BRN,1987,153.57666
Brunei,BRN,1988,153.61769
Brunei,BRN,1989,153.65959
Brunei,BRN,1990,153.70233
Brunei,BRN,1991,153.7464
Brunei,BRN,1992,153.79184
Brunei,BRN,1993,153.83871
Brunei,BRN,1994,153.88646
Brunei,BRN,1995,153.93434
Brunei,BRN,1996,153.98248
Bulgaria,BGR,1896,152.18991
Bulgaria,BGR,1897,152.4066
Bulgaria,BGR,1898,152.62355
Bulgaria,BGR,1899,152.84007
Bulgaria,BGR,1900,153.05661
Bulgaria,BGR,1901,153.27264
Bulgaria,BGR,1902,153.48808
Bulgaria,BGR,1903,153.70264
Bulgaria,BGR,1904,153.91602
Bulgaria,BGR,1905,154.12816
Bulgaria,BGR,1906,154.33939
Bulgaria,BGR,1907,154.5498
Bulgaria,BGR,1908,154.75919
Bulgaria,BGR,1909,154.96745
Bulgaria,BGR,1910,155.17531
Bulgaria,BGR,1911,155.38351
Bulgaria,BGR,1912,155.59258
Bulgaria,BGR,1913,155.8028
Bulgaria,BGR,1914,156.01399
Bulgaria,BGR,1915,156.22661
Bulgaria,BGR,1916,156.44052
Bulgaria,BGR,1917,156.65633
Bulgaria,BGR,1918,156.87257
Bulgaria,BGR,1919,157.08755
Bulgaria,BGR,1920,157.30116
Bulgaria,BGR,1921,157.5118
Bulgaria,BGR,1922,157.71912
Bulgaria,BGR,1923,157.92116
Bulgaria,BGR,1924,158.11853
Bulgaria,BGR,1925,158.31244
Bulgaria,BGR,1926,158.50288
Bulgaria,BGR,1927,158.68967
Bulgaria,BGR,1928,158.87367
Bulgaria,BGR,1929,159.05495
Bulgaria,BGR,1930,159.23357
Bulgaria,BGR,1931,159.40808
Bulgaria,BGR,1932,159.5793
Bulgaria,BGR,1933,159.7477
Bulgaria,BGR,1934,159.91417
Bulgaria,BGR,1935,160.07846
Bulgaria,BGR,1936,160.24077
Bulgaria,BGR,1937,160.40048
Bulgaria,BGR,1938,160.55693
Bulgaria,BGR,1939,160.70999
Bulgaria,BGR,1940,160.85892
Bulgaria,BGR,1941,161.0027
Bulgaria,BGR,1942,161.14127
Bulgaria,BGR,1943,161.27534
Bulgaria,BGR,1944,161.4061
Bulgaria,BGR,1945,161.53404
Bulgaria,BGR,1946,161.6596
Bulgaria,BGR,1947,161.78278
Bulgaria,BGR,1948,161.90295
Bulgaria,BGR,1949,162.02081
Bulgaria,BGR,1950,162.13722
Bulgaria,BGR,1951,162.25291
Bulgaria,BGR,1952,162.3675
Bulgaria,BGR,1953,162.4813
Bulgaria,BGR,1954,162.59413
Bulgaria,BGR,1955,162.70654
Bulgaria,BGR,1956,162.81844
Bulgaria,BGR,1957,162.93074
Bulgaria,BGR,1958,163.04436
Bulgaria,BGR,1959,163.15953
Bulgaria,BGR,1960,163.27599
Bulgaria,BGR,1961,163.39336
Bulgaria,BGR,1962,163.5103
Bulgaria,BGR,1963,163.62419
Bulgaria,BGR,1964,163.7332
Bulgaria,BGR,1965,163.83649
Bulgaria,BGR,1966,163.93388
Bulgaria,BGR,1967,164.02563
Bulgaria,BGR,1968,164.11176
Bulgaria,BGR,1969,164.19225
Bulgaria,BGR,1970,164.26685
Bulgaria,BGR,1971,164.33604
Bulgaria,BGR,1972,164.399
Bulgaria,BGR,1973,164.4564
Bulgaria,BGR,1974,164.50827
Bulgaria,BGR,1975,164.55453
Bulgaria,BGR,1976,164.59467
Bulgaria,BGR,1977,164.62843
Bulgaria,BGR,1978,164.6558
Bulgaria,BGR,1979,164.67766
Bulgaria,BGR,1980,164.69614
Bulgaria,BGR,1981,164.71257
Bulgaria,BGR,1982,164.72812
Bulgaria,BGR,1983,164.74315
Bulgaria,BGR,1984,164.75696
Bulgaria,BGR,1985,164.76917
Bulgaria,BGR,1986,164.7793
Bulgaria,BGR,1987,164.78642
Bulgaria,BGR,1988,164.79034
Bulgaria,BGR,1989,164.79228
Bulgaria,BGR,1990,164.79242
Bulgaria,BGR,1991,164.79205
Bulgaria,BGR,1992,164.79169
Bulgaria,BGR,1993,164.79187
Bulgaria,BGR,1994,164.79271
Bulgaria,BGR,1995,164.79395
Bulgaria,BGR,1996,164.79536
Burkina Faso,BFA,1896,156.16869
Burkina Faso,BFA,1897,156.27333
Burkina Faso,BFA,1898,156.37793
Burkina Faso,BFA,1899,156.48254
Burkina Faso,BFA,1900,156.58719
Burkina Faso,BFA,1901,156.69145
Burkina Faso,BFA,1902,156.79556
Burkina Faso,BFA,1903,156.89882
Burkina Faso,BFA,1904,157.0009
Burkina Faso,BFA,1905,157.10217
Burkina Faso,BFA,1906,157.20274
Burkina Faso,BFA,1907,157.30232
Burkina Faso,BFA,1908,157.4009
Burkina Faso,BFA,1909,157.49884
Burkina Faso,BFA,1910,157.59694
Burkina Faso,BFA,1911,157.69576
Burkina Faso,BFA,1912,157.79561
Burkina Faso,BFA,1913,157.89616
Burkina Faso,BFA,1914,157.99779
Burkina Faso,BFA,1915,158.101
Burkina Faso,BFA,1916,158.20503
Burkina Faso,BFA,1917,158.31047
Burkina Faso,BFA,1918,158.41748
Burkina Faso,BFA,1919,158.52457
Burkina Faso,BFA,1920,158.63222
Burkina Faso,BFA,1921,158.73943
Burkina Faso,BFA,1922,158.84566
Burkina Faso,BFA,1923,158.95003
Burkina Faso,BFA,1924,159.05347
Burkina Faso,BFA,1925,159.15736
Burkina Faso,BFA,1926,159.26202
Burkina Faso,BFA,1927,159.36813
Burkina Faso,BFA,1928,159.47595
Burkina Faso,BFA,1929,159.5856
Burkina Faso,BFA,1930,159.69705
Burkina Faso,BFA,1931,159.80956
Burkina Faso,BFA,1932,159.92343
Burkina Faso,BFA,1933,160.03912
Burkina Faso,BFA,1934,160.1576
Burkina Faso,BFA,1935,160.2786
Burkina Faso,BFA,1936,160.40208
Burkina Faso,BFA,1937,160.52747
Burkina Faso,BFA,1938,160.65408
Burkina Faso,BFA,1939,160.78165
Burkina Faso,BFA,1940,160.90895
Burkina Faso,BFA,1941,161.03532
Burkina Faso,BFA,1942,161.16061
Burkina Faso,BFA,1943,161.28523
Burkina Faso,BFA,1944,161.40958
Burkina Faso,BFA,1945,161.5329
Burkina Faso,BFA,1946,161.65474
Burkina Faso,BFA,1947,161.77463
Burkina Faso,BFA,1948,161.89044
Burkina Faso,BFA,1949,162.00076
Burkina Faso,BFA,1950,162.1056
Burkina Faso,BFA,1951,162.20409
Burkina Faso,BFA,1952,162.29356
Burkina Faso,BFA,1953,162.37315
Burkina Faso,BFA,1954,162.44212
Burkina Faso,BFA,1955,162.50046
Burkina Faso,BFA,1956,162.54916
Burkina Faso,BFA,1957,162.58943
Burkina Faso,BFA,1958,162.62286
Burkina Faso,BFA,1959,162.6498
Burkina Faso,BFA,1960,162.67125
Burkina Faso,BFA,1961,162.68755
Burkina Faso,BFA,1962,162.69882
Burkina Faso,BFA,1963,162.70367
Burkina Faso,BFA,1964,162.7007
Burkina Faso,BFA,1965,162.69028
Burkina Faso,BFA,1966,162.6732
Burkina Faso,BFA,1967,162.64993
Burkina Faso,BFA,1968,162.62059
Burkina Faso,BFA,1969,162.58534
Burkina Faso,BFA,1970,162.54353
Burkina Faso,BFA,1971,162.49474
Burkina Faso,BFA,1972,162.43912
Burkina Faso,BFA,1973,162.37752
Burkina Faso,BFA,1974,162.31165
Burkina Faso,BFA,1975,162.24141
Burkina Faso,BFA,1976,162.16621
Burkina Faso,BFA,1977,162.08575
Burkina Faso,BFA,1978,161.99965
Burkina Faso,BFA,1979,161.90791
Burkina Faso,BFA,1980,161.81319
Burkina Faso,BFA,1981,161.71706
Burkina Faso,BFA,1982,161.62099
Burkina Faso,BFA,1983,161.52489
Burkina Faso,BFA,1984,161.42894
Burkina Faso,BFA,1985,161.33221
Burkina Faso,BFA,1986,161.23422
Burkina Faso,BFA,1987,161.13388
Burkina Faso,BFA,1988,161.03111
Burkina Faso,BFA,1989,160.92688
Burkina Faso,BFA,1990,160.82149
Burkina Faso,BFA,1991,160.7165
Burkina Faso,BFA,1992,160.61171
Burkina Faso,BFA,1993,160.50626
Burkina Faso,BFA,1994,160.39978
Burkina Faso,BFA,1995,160.29283
Burkina Faso,BFA,1996,160.18575
Burundi,BDI,1896,151.1353
Burundi,BDI,1897,151.24991
Burundi,BDI,1898,151.36493
Burundi,BDI,1899,151.47989
Burundi,BDI,1900,151.59444
Burundi,BDI,1901,151.70857
Burundi,BDI,1902,151.82176
Burundi,BDI,1903,151.93402
Burundi,BDI,1904,152.04504
Burundi,BDI,1905,152.15477
Burundi,BDI,1906,152.26274
Burundi,BDI,1907,152.36946
Burundi,BDI,1908,152.47496
Burundi,BDI,1909,152.5798
Burundi,BDI,1910,152.68437
Burundi,BDI,1911,152.78934
Burundi,BDI,1912,152.89508
Burundi,BDI,1913,153.00134
Burundi,BDI,1914,153.10828
Burundi,BDI,1915,153.2161
Burundi,BDI,1916,153.32454
Burundi,BDI,1917,153.43408
Burundi,BDI,1918,153.54402
Burundi,BDI,1919,153.65396
Burundi,BDI,1920,153.76334
Burundi,BDI,1921,153.87192
Burundi,BDI,1922,153.97899
Burundi,BDI,1923,154.08347
Burundi,BDI,1924,154.18611
Burundi,BDI,1925,154.2884
Burundi,BDI,1926,154.39043
Burundi,BDI,1927,154.49228
Burundi,BDI,1928,154.5947
Burundi,BDI,1929,154.69814
Burundi,BDI,1930,154.80171
Burundi,BDI,1931,154.90437
Burundi,BDI,1932,155.00655
Burundi,BDI,1933,155.10887
Burundi,BDI,1934,155.21227
Burundi,BDI,1935,155.31635
Burundi,BDI,1936,155.42062
Burundi,BDI,1937,155.52455
Burundi,BDI,1938,155.62703
Burundi,BDI,1939,155.72798
Burundi,BDI,1940,155.82613
Burundi,BDI,1941,155.92145
Burundi,BDI,1942,156.01373
Burundi,BDI,1943,156.10411
Burundi,BDI,1944,156.19286
Burundi,BDI,1945,156.27956
Burundi,BDI,1946,156.36441
Burundi,BDI,1947,156.44771
Burundi,BDI,1948,156.52823
Burundi,BDI,1949,156.60614
Burundi,BDI,1950,156.6824
Burundi,BDI,1951,156.75578
Burundi,BDI,1952,156.8244
Burundi,BDI,1953,156.88737
Burundi,BDI,1954,156.94348
Burundi,BDI,1955,156.99258
Burundi,BDI,1956,157.03398
Burundi,BDI,1957,157.06833
Burundi,BDI,1958,157.09619
Burundi,BDI,1959,157.11713
Burundi,BDI,1960,157.13034
Burundi,BDI,1961,157.1361
Burundi,BDI,1962,157.13374
Burundi,BDI,1963,157.12201
Burundi,BDI,1964,157.09966
Burundi,BDI,1965,157.06691
Burundi,BDI,1966,157.02486
Burundi,BDI,1967,156.97444
Burundi,BDI,1968,156.91594
Burundi,BDI,1969,156.8497
Burundi,BDI,1970,156.77606
Burundi,BDI,1971,156.69543
Burundi,BDI,1972,156.60869
Burundi,BDI,1973,156.51714
Burundi,BDI,1974,156.42204
Burundi,BDI,1975,156.32306
Burundi,BDI,1976,156.21967
Burundi,BDI,1977,156.11203
Burundi,BDI,1978,156.00098
Burundi,BDI,1979,155.88686
Burundi,BDI,1980,155.77168
Burundi,BDI,1981,155.65703
Burundi,BDI,1982,155.54436
Burundi,BDI,1983,155.43391
Burundi,BDI,1984,155.32526
Burundi,BDI,1985,155.2174
Burundi,BDI,1986,155.11005
Burundi,BDI,1987,155.00183
Burundi,BDI,1988,154.89272
Burundi,BDI,1989,154.78337
Burundi,BDI,1990,154.67363
Burundi,BDI,1991,154.56508
Burundi,BDI,1992,154.45691
Burundi,BDI,1993,154.3488
Burundi,BDI,1994,154.24028
Burundi,BDI,1995,154.13194
Burundi,BDI,1996,154.02333
Cambodia,KHM,1896,146.23302
Cambodia,KHM,1897,146.34846
Cambodia,KHM,1898,146.46423
Cambodia,KHM,1899,146.57999
Cambodia,KHM,1900,146.69531
Cambodia,KHM,1901,146.81029
Cambodia,KHM,1902,146.92464
Cambodia,KHM,1903,147.03766
Cambodia,KHM,1904,147.14896
Cambodia,KHM,1905,147.25871
Cambodia,KHM,1906,147.36693
Cambodia,KHM,1907,147.47337
Cambodia,KHM,1908,147.57828
Cambodia,KHM,1909,147.6815
Cambodia,KHM,1910,147.78426
Cambodia,KHM,1911,147.88698
Cambodia,KHM,1912,147.99014
Cambodia,KHM,1913,148.09386
Cambodia,KHM,1914,148.19879
Cambodia,KHM,1915,148.30502
Cambodia,KHM,1916,148.41335
Cambodia,KHM,1917,148.52386
Cambodia,KHM,1918,148.6368
Cambodia,KHM,1919,148.75203
Cambodia,KHM,1920,148.8707
Cambodia,KHM,1921,148.9926
Cambodia,KHM,1922,149.11798
Cambodia,KHM,1923,149.24649
Cambodia,KHM,1924,149.37894
Cambodia,KHM,1925,149.51718
Cambodia,KHM,1926,149.66142
Cambodia,KHM,1927,149.81004
Cambodia,KHM,1928,149.96193
Cambodia,KHM,1929,150.11595
Cambodia,KHM,1930,150.27069
Cambodia,KHM,1931,150.42511
Cambodia,KHM,1932,150.5792
Cambodia,KHM,1933,150.73427
Cambodia,KHM,1934,150.89088
Cambodia,KHM,1935,151.0488
Cambodia,KHM,1936,151.20676
Cambodia,KHM,1937,151.36317
Cambodia,KHM,1938,151.5165
Cambodia,KHM,1939,151.66498
Cambodia,KHM,1940,151.80759
Cambodia,KHM,1941,151.94502
Cambodia,KHM,1942,152.07794
Cambodia,KHM,1943,152.20798
Cambodia,KHM,1944,152.33656
Cambodia,KHM,1945,152.46254
Cambodia,KHM,1946,152.58577
Cambodia,KHM,1947,152.70477
Cambodia,KHM,1948,152.8184
Cambodia,KHM,1949,152.92586
Cambodia,KHM,1950,153.02582
Cambodia,KHM,1951,153.11769
Cambodia,KHM,1952,153.19992
Cambodia,KHM,1953,153.27228
Cambodia,KHM,1954,153.33427
Cambodia,KHM,1955,153.38644
Cambodia,KHM,1956,153.42911
Cambodia,KHM,1957,153.46303
Cambodia,KHM,1958,153.48926
Cambodia,KHM,1959,153.50845
Cambodia,KHM,1960,153.52156
Cambodia,KHM,1961,153.52907
Cambodia,KHM,1962,153.53136
Cambodia,KHM,1963,153.52763
Cambodia,KHM,1964,153.51791
Cambodia,KHM,1965,153.50276
Cambodia,KHM,1966,153.48405
Cambodia,KHM,1967,153.46344
Cambodia,KHM,1968,153.44084
Cambodia,KHM,1969,153.41586
Cambodia,KHM,1970,153.3881
Cambodia,KHM,1971,153.3583
Cambodia,KHM,1972,153.32677
Cambodia,KHM,1973,153.29451
Cambodia,KHM,1974,153.2625
Cambodia,KHM,1975,153.23036
Cambodia,KHM,1976,153.19812
Cambodia,KHM,1977,153.16571
Cambodia,KHM,1978,153.13348
Cambodia,KHM,1979,153.10251
Cambodia,KHM,1980,153.07439
Cambodia,KHM,1981,153.0493
Cambodia,KHM,1982,153.02766
Cambodia,KHM,1983,153.00975
Cambodia,KHM,1984,152.99466
Cambodia,KHM,1985,152.9815
Cambodia,KHM,1986,152.96982
Cambodia,KHM,1987,152.95903
Cambodia,KHM,1988,152.94899
Cambodia,KHM,1989,152.93996
Cambodia,KHM,1990,152.93181
Cambodia,KHM,1991,152.92508
Cambodia,KHM,1992,152.91951
Cambodia,KHM,1993,152.91536
Cambodia,KHM,1994,152.91191
Cambodia,KHM,1995,152.90852
Cambodia,KHM,1996,152.90553
Cameroon,CMR,1896,153.79779
Cameroon,CMR,1897,153.91231
Cameroon,CMR,1898,154.02686
Cameroon,CMR,1899,154.14111
Cameroon,CMR,1900,154.25533
Cameroon,CMR,1901,154.36916
Cameroon,CMR,1902,154.48285
Cameroon,CMR,1903,154.59584
Cameroon,CMR,1904,154.70773
Cameroon,CMR,1905,154.81865
Cameroon,CMR,1906,154.92833
Cameroon,CMR,1907,155.03706
Cameroon,CMR,1908,155.14436
Cameroon,CMR,1909,155.25093
Cameroon,CMR,1910,155.3573
Cameroon,CMR,1911,155.46425
Cameroon,CMR,1912,155.57274
Cameroon,CMR,1913,155.68245
Cameroon,CMR,1914,155.79341
Cameroon,CMR,1915,155.90598
Cameroon,CMR,1916,156.01979
Cameroon,CMR,1917,156.1352
Cameroon,CMR,1918,156.252
Cameroon,CMR,1919,156.36975
Cameroon,CMR,1920,156.48865
Cameroon,CMR,1921,156.60777
Cameroon,CMR,1922,156.72653
Cameroon,CMR,1923,156.84428
Cameroon,CMR,1924,156.96135
Cameroon,CMR,1925,157.0793
Cameroon,CMR,1926,157.19844
Cameroon,CMR,1927,157.31955
Cameroon,CMR,1928,157.44322
Cameroon,CMR,1929,157.56996
Cameroon,CMR,1930,157.69972
Cameroon,CMR,1931,157.83159
Cameroon,CMR,1932,157.96593
Cameroon,CMR,1933,158.10355
Cameroon,CMR,1934,158.24533
Cameroon,CMR,1935,158.39053
Cameroon,CMR,1936,158.53908
Cameroon,CMR,1937,158.69075
Cameroon,CMR,1938,158.8449
Cameroon,CMR,1939,159.00076
Cameroon,CMR,1940,159.15742
Cameroon,CMR,1941,159.31433
Cameroon,CMR,1942,159.47093
Cameroon,CMR,1943,159.62747
Cameroon,CMR,1944,159.78397
Cameroon,CMR,1945,159.93983
Cameroon,CMR,1946,160.09418
Cameroon,CMR,1947,160.24585
Cameroon,CMR,1948,160.39272
Cameroon,CMR,1949,160.53322
Cameroon,CMR,1950,160.667
Cameroon,CMR,1951,160.79279
Cameroon,CMR,1952,160.90802
Cameroon,CMR,1953,161.01207
Cameroon,CMR,1954,161.10384
Cameroon,CMR,1955,161.1831
Cameroon,CMR,1956,161.25024
Cameroon,CMR,1957,161.30687
Cameroon,CMR,1958,161.35437
Cameroon,CMR,1959,161.39314
Cameroon,CMR,1960,161.42386
Cameroon,CMR,1961,161.4472
Cameroon,CMR,1962,161.4631
Cameroon,CMR,1963,161.47052
Cameroon,CMR,1964,161.4686
Cameroon,CMR,1965,161.4575
Cameroon,CMR,1966,161.43825
Cameroon,CMR,1967,161.41136
Cameroon,CMR,1968,161.37697
Cameroon,CMR,1969,161.3348
Cameroon,CMR,1970,161.2844
Cameroon,CMR,1971,161.22551
Cameroon,CMR,1972,161.15854
Cameroon,CMR,1973,161.08458
Cameroon,CMR,1974,161.0052
Cameroon,CMR,1975,160.92078
Cameroon,CMR,1976,160.83168
Cameroon,CMR,1977,160.73798
Cameroon,CMR,1978,160.63951
Cameroon,CMR,1979,160.53687
Cameroon,CMR,1980,160.43289
Cameroon,CMR,1981,160.32927
Cameroon,CMR,1982,160.22713
Cameroon,CMR,1983,160.12634
Cameroon,CMR,1984,160.02727
Cameroon,CMR,1985,159.92871
Cameroon,CMR,1986,159.83037
Cameroon,CMR,1987,159.73114
Cameroon,CMR,1988,159.63078
Cameroon,CMR,1989,159.52977
Cameroon,CMR,1990,159.42802
Cameroon,CMR,1991,159.32686
Cameroon,CMR,1992,159.2258
Cameroon,CMR,1993,159.12437
Cameroon,CMR,1994,159.02194
Cameroon,CMR,1995,158.91895
Cameroon,CMR,1996,158.81583
Canada,CAN,1896,157.61446
Canada,CAN,1897,157.68729
Canada,CAN,1898,157.7604
Canada,CAN,1899,157.83353
Canada,CAN,1900,157.90671
Canada,CAN,1901,157.9798
Canada,CAN,1902,158.0532
Canada,CAN,1903,158.12662
Canada,CAN,1904,158.19968
Canada,CAN,1905,158.2728
Canada,CAN,1906,158.3462
Canada,CAN,1907,158.42036
Canada,CAN,1908,158.49501
Canada,CAN,1909,158.57051
Canada,CAN,1910,158.64883
Canada,CAN,1911,158.73148
Canada,CAN,1912,158.8196
Canada,CAN,1913,158.91339
Canada,CAN,1914,159.0123
Canada,CAN,1915,159.11635
Canada,CAN,1916,159.22481
Canada,CAN,1917,159.33656
Canada,CAN,1918,159.44955
Canada,CAN,1919,159.56221
Canada,CAN,1920,159.67488
Canada,CAN,1921,159.78714
Canada,CAN,1922,159.89891
Canada,CAN,1923,160.00919
Canada,CAN,1924,160.1185
Canada,CAN,1925,160.22932
Canada,CAN,1926,160.3414
Canada,CAN,1927,160.45425
Canada,CAN,1928,160.56769
Canada,CAN,1929,160.68181
Canada,CAN,1930,160.79547
Canada,CAN,1931,160.905
Canada,CAN,1932,161.00945
Canada,CAN,1933,161.10934
Canada,CAN,1934,161.20601
Canada,CAN,1935,161.29974
Canada,CAN,1936,161.39072
Canada,CAN,1937,161.47786
Canada,CAN,1938,161.55945
Canada,CAN,1939,161.63356
Canada,CAN,1940,161.69826
Canada,CAN,1941,161.75224
Canada,CAN,1942,161.79639
Canada,CAN,1943,161.83284
Canada,CAN,1944,161.86316
Canada,CAN,1945,161.8898
Canada,CAN,1946,161.91484
Canada,CAN,1947,161.93936
Canada,CAN,1948,161.9643
Canada,CAN,1949,161.99052
Canada,CAN,1950,162.02043
Canada,CAN,1951,162.0543
Canada,CAN,1952,162.09201
Canada,CAN,1953,162.13463
Canada,CAN,1954,162.18195
Canada,CAN,1955,162.2332
Canada,CAN,1956,162.28745
Canada,CAN,1957,162.34543
Canada,CAN,1958,162.40712
Canada,CAN,1959,162.47154
Canada,CAN,1960,162.53851
Canada,CAN,1961,162.60825
Canada,CAN,1962,162.67902
Canada,CAN,1963,162.74843
Canada,CAN,1964,162.81306
Canada,CAN,1965,162.87125
Canada,CAN,1966,162.92249
Canada,CAN,1967,162.96849
Canada,CAN,1968,163.00989
Canada,CAN,1969,163.04842
Canada,CAN,1970,163.08444
Canada,CAN,1971,163.11893
Canada,CAN,1972,163.1521
Canada,CAN,1973,163.18416
Canada,CAN,1974,163.2152
Canada,CAN,1975,163.24377
Canada,CAN,1976,163.26956
Canada,CAN,1977,163.29225
Canada,CAN,1978,163.31174
Canada,CAN,1979,163.32951
Canada,CAN,1980,163.34807
Canada,CAN,1981,163.36905
Canada,CAN,1982,163.39413
Canada,CAN,1983,163.42458
Canada,CAN,1984,163.45903
Canada,CAN,1985,163.4962
Canada,CAN,1986,163.53502
Canada,CAN,1987,163.5746
Canada,CAN,1988,163.61328
Canada,CAN,1989,163.65111
Canada,CAN,1990,163.68811
Canada,CAN,1991,163.72568
Canada,CAN,1992,163.76317
Canada,CAN,1993,163.80061
Canada,CAN,1994,163.8378
Canada,CAN,1995,163.8749
Canada,CAN,1996,163.91228
Cape Verde,CPV,1896,154.64078
Cape Verde,CPV,1897,154.73933
Cape Verde,CPV,1898,154.83795
Cape Verde,CPV,1899,154.93658
Cape Verde,CPV,1900,155.03555
Cape Verde,CPV,1901,155.13419
Cape Verde,CPV,1902,155.23247
Cape Verde,CPV,1903,155.33
Cape Verde,CPV,1904,155.42654
Cape Verde,CPV,1905,155.5222
Cape Verde,CPV,1906,155.61673
Cape Verde,CPV,1907,155.71063
Cape Verde,CPV,1908,155.8038
Cape Verde,CPV,1909,155.89651
Cape Verde,CPV,1910,155.98933
Cape Verde,CPV,1911,156.08258
Cape Verde,CPV,1912,156.17671
Cape Verde,CPV,1913,156.27222
Cape Verde,CPV,1914,156.36897
Cape Verde,CPV,1915,156.46751
Cape Verde,CPV,1916,156.56732
Cape Verde,CPV,1917,156.66916
Cape Verde,CPV,1918,156.77269
Cape Verde,CPV,1919,156.87715
Cape Verde,CPV,1920,156.98277
Cape Verde,CPV,1921,157.08888
Cape Verde,CPV,1922,157.19498
Cape Verde,CPV,1923,157.30011
Cape Verde,CPV,1924,157.40498
Cape Verde,CPV,1925,157.51123
Cape Verde,CPV,1926,157.6194
Cape Verde,CPV,1927,157.72954
Cape Verde,CPV,1928,157.84248
Cape Verde,CPV,1929,157.95831
Cape Verde,CPV,1930,158.07726
Cape Verde,CPV,1931,158.19853
Cape Verde,CPV,1932,158.32262
Cape Verde,CPV,1933,158.4498
Cape Verde,CPV,1934,158.58138
Cape Verde,CPV,1935,158.71667
Cape Verde,CPV,1936,158.85583
Cape Verde,CPV,1937,158.99854
Cape Verde,CPV,1938,159.14389
Cape Verde,CPV,1939,159.29149
Cape Verde,CPV,1940,159.4404
Cape Verde,CPV,1941,159.59016
Cape Verde,CPV,1942,159.74057
Cape Verde,CPV,1943,159.89244
Cape Verde,CPV,1944,160.04585
Cape Verde,CPV,1945,160.20029
Cape Verde,CPV,1946,160.35522
Cape Verde,CPV,1947,160.51007
Cape Verde,CPV,1948,160.66289
Cape Verde,CPV,1949,160.81232
Cape Verde,CPV,1950,160.95801
Cape Verde,CPV,1951,161.09851
Cape Verde,CPV,1952,161.23145
Cape Verde,CPV,1953,161.3561
Cape Verde,CPV,1954,161.47136
Cape Verde,CPV,1955,161.5771
Cape Verde,CPV,1956,161.67433
Cape Verde,CPV,1957,161.76413
Cape Verde,CPV,1958,161.84785
Cape Verde,CPV,1959,161.92598
Cape Verde,CPV,1960,161.99931
Cape Verde,CPV,1961,162.06822
Cape Verde,CPV,1962,162.13235
Cape Verde,CPV,1963,162.19054
Cape Verde,CPV,1964,162.24121
Cape Verde,CPV,1965,162.28488
Cape Verde,CPV,1966,162.32207
Cape Verde,CPV,1967,162.35352
Cape Verde,CPV,1968,162.37881
Cape Verde,CPV,1969,162.39827
Cape Verde,CPV,1970,162.41098
Cape Verde,CPV,1971,162.41669
Cape Verde,CPV,1972,162.41576
Cape Verde,CPV,1973,162.4087
Cape Verde,CPV,1974,162.39719
Cape Verde,CPV,1975,162.38136
Cape Verde,CPV,1976,162.36119
Cape Verde,CPV,1977,162.33656
Cape Verde,CPV,1978,162.30759
Cape Verde,CPV,1979,162.27414
Cape Verde,CPV,1980,162.23895
Cape Verde,CPV,1981,162.20323
Cape Verde,CPV,1982,162.16829
Cape Verde,CPV,1983,162.13385
Cape Verde,CPV,1984,162.10028
Cape Verde,CPV,1985,162.06699
Cape Verde,CPV,1986,162.03345
Cape Verde,CPV,1987,161.99818
Cape Verde,CPV,1988,161.96129
Cape Verde,CPV,1989,161.92326
Cape Verde,CPV,1990,161.88455
Cape Verde,CPV,1991,161.84639
Cape Verde,CPV,1992,161.80847
Cape Verde,CPV,1993,161.76979
Cape Verde,CPV,1994,161.73013
Cape Verde,CPV,1995,161.69005
Cape Verde,CPV,1996,161.64954
Central African Republic,CAF,1896,152.10144
Central African Republic,CAF,1897,152.2096
Central African Republic,CAF,1898,152.31763
Central African Republic,CAF,1899,152.42586
Central African Republic,CAF,1900,152.5335
Central African Republic,CAF,1901,152.64067
Central African Republic,CAF,1902,152.74777
Central African Republic,CAF,1903,152.854
Central African Republic,CAF,1904,152.95892
Central African Republic,CAF,1905,153.06279
Central African Republic,CAF,1906,153.16595
Central African Republic,CAF,1907,153.26796
Central African Republic,CAF,1908,153.3686
Central African Republic,CAF,1909,153.46864
Central African Republic,CAF,1910,153.56888
Central African Republic,CAF,1911,153.66986
Central African Republic,CAF,1912,153.77216
Central African Republic,CAF,1913,153.87589
Central African Republic,CAF,1914,153.98132
Central African Republic,CAF,1915,154.08868
Central African Republic,CAF,1916,154.19785
Central African Republic,CAF,1917,154.30962
Central African Republic,CAF,1918,154.42308
Central African Republic,CAF,1919,154.53795
Central African Republic,CAF,1920,154.6542
Central African Republic,CAF,1921,154.77126
Central African Republic,CAF,1922,154.88861
Central African Republic,CAF,1923,155.00539
Central African Republic,CAF,1924,155.12196
Central African Republic,CAF,1925,155.24014
Central African Republic,CAF,1926,155.36018
Central African Republic,CAF,1927,155.4821
Central African Republic,CAF,1928,155.6065
Central African Republic,CAF,1929,155.73361
Central African Republic,CAF,1930,155.86304
Central African Republic,CAF,1931,155.99364
Central African Republic,CAF,1932,156.12593
Central African Republic,CAF,1933,156.2603
Central African Republic,CAF,1934,156.39717
Central African Republic,CAF,1935,156.5366
Central African Republic,CAF,1936,156.67804
Central African Republic,CAF,1937,156.82156
Central African Republic,CAF,1938,156.96548
Central African Republic,CAF,1939,157.10971
Central African Republic,CAF,1940,157.2533
Central African Republic,CAF,1941,157.39569
Central African Republic,CAF,1942,157.53683
Central African Republic,CAF,1943,157.67767
Central African Republic,CAF,1944,157.818
Central African Republic,CAF,1945,157.95712
Central African Republic,CAF,1946,158.09464
Central African Republic,CAF,1947,158.23048
Central African Republic,CAF,1948,158.36353
Central African Republic,CAF,1949,158.49335
Central African Republic,CAF,1950,158.61992
Central African Republic,CAF,1951,158.74194
Central African Republic,CAF,1952,158.85745
Central African Republic,CAF,1953,158.9659
Central African Republic,CAF,1954,159.06601
Central African Republic,CAF,1955,159.15747
Central African Republic,CAF,1956,159.24054
Central African Republic,CAF,1957,159.31543
Central African Republic,CAF,1958,159.3833
Central African Republic,CAF,1959,159.44374
Central African Republic,CAF,1960,159.49724
Central African Republic,CAF,1961,159.54382
Central African Republic,CAF,1962,159.58342
Central African Republic,CAF,1963,159.61436
Central African Republic,CAF,1964,159.63626
Central African Republic,CAF,1965,159.6491
Central African Republic,CAF,1966,159.65367
Central African Republic,CAF,1967,159.65112
Central African Republic,CAF,1968,159.64232
Central African Republic,CAF,1969,159.62727
Central African Republic,CAF,1970,159.60577
Central African Republic,CAF,1971,159.57767
Central African Republic,CAF,1972,159.54318
Central African Republic,CAF,1973,159.5032
Central African Republic,CAF,1974,159.45853
Central African Republic,CAF,1975,159.40912
Central African Republic,CAF,1976,159.35506
Central African Republic,CAF,1977,159.2959
Central African Republic,CAF,1978,159.23236
Central African Republic,CAF,1979,159.16486
Central African Republic,CAF,1980,159.09593
Central African Republic,CAF,1981,159.02707
Central African Republic,CAF,1982,158.95978
Central African Republic,CAF,1983,158.89458
Central African Republic,CAF,1984,158.83122
Central African Republic,CAF,1985,158.76823
Central African Republic,CAF,1986,158.70528
Central African Republic,CAF,1987,158.64119
Central African Republic,CAF,1988,158.57545
Central African Republic,CAF,1989,158.50876
Central African Republic,CAF,1990,158.44118
Central African Republic,CAF,1991,158.37424
Central African Republic,CAF,1992,158.30745
Central African Republic,CAF,1993,158.24036
Central African Republic,CAF,1994,158.17265
Central African Republic,CAF,1995,158.10533
Central African Republic,CAF,1996,158.0376
Chad,TCD,1896,156.69266
Chad,TCD,1897,156.80913
Chad,TCD,1898,156.92578
Chad,TCD,1899,157.04231
Chad,TCD,1900,157.15875
Chad,TCD,1901,157.27513
Chad,TCD,1902,157.39116
Chad,TCD,1903,157.50636
Chad,TCD,1904,157.62033
Chad,TCD,1905,157.73322
Chad,TCD,1906,157.8449
Chad,TCD,1907,157.95529
Chad,TCD,1908,158.0646
Chad,TCD,1909,158.17326
Chad,TCD,1910,158.28162
Chad,TCD,1911,158.39055
Chad,TCD,1912,158.5004
Chad,TCD,1913,158.61139
Chad,TCD,1914,158.7235
Chad,TCD,1915,158.83705
Chad,TCD,1916,158.95134
Chad,TCD,1917,159.06697
Chad,TCD,1918,159.18379
Chad,TCD,1919,159.301
Chad,TCD,1920,159.41878
Chad,TCD,1921,159.53613
Chad,TCD,1922,159.65279
Chad,TCD,1923,159.76761
Chad,TCD,1924,159.88127
Chad,TCD,1925,159.99513
Chad,TCD,1926,160.10965
Chad,TCD,1927,160.22531
Chad,TCD,1928,160.34267
Chad,TCD,1929,160.4619
Chad,TCD,1930,160.58316
Chad,TCD,1931,160.70552
Chad,TCD,1932,160.8288
Chad,TCD,1933,160.95377
Chad,TCD,1934,161.0814
Chad,TCD,1935,161.2111
Chad,TCD,1936,161.34279
Chad,TCD,1937,161.47646
Chad,TCD,1938,161.6113
Chad,TCD,1939,161.74673
Chad,TCD,1940,161.88185
Chad,TCD,1941,162.01595
Chad,TCD,1942,162.14827
Chad,TCD,1943,162.27983
Chad,TCD,1944,162.41058
Chad,TCD,1945,162.53995
Chad,TCD,1946,162.66724
Chad,TCD,1947,162.79233
Chad,TCD,1948,162.91293
Chad,TCD,1949,163.02788
Chad,TCD,1950,163.13652
Chad,TCD,1951,163.23772
Chad,TCD,1952,163.32835
Chad,TCD,1953,163.40796
Chad,TCD,1954,163.47525
Chad,TCD,1955,163.5305
Chad,TCD,1956,163.57402
Chad,TCD,1957,163.60744
Chad,TCD,1958,163.63203
Chad,TCD,1959,163.64839
Chad,TCD,1960,163.65701
Chad,TCD,1961,163.65814
Chad,TCD,1962,163.65204
Chad,TCD,1963,163.63739
Chad,TCD,1964,163.61307
Chad,TCD,1965,163.57954
Chad,TCD,1966,163.5377
Chad,TCD,1967,163.48811
Chad,TCD,1968,163.4308
Chad,TCD,1969,163.36597
Chad,TCD,1970,163.29338
Chad,TCD,1971,163.21243
Chad,TCD,1972,163.12347
Chad,TCD,1973,163.02766
Chad,TCD,1974,162.92694
Chad,TCD,1975,162.82141
Chad,TCD,1976,162.71092
Chad,TCD,1977,162.5954
Chad,TCD,1978,162.4748
Chad,TCD,1979,162.34933
Chad,TCD,1980,162.22205
Chad,TCD,1981,162.09395
Chad,TCD,1982,161.96663
Chad,TCD,1983,161.8402
Chad,TCD,1984,161.71484
Chad,TCD,1985,161.58981
Chad,TCD,1986,161.46465
Chad,TCD,1987,161.33809
Chad,TCD,1988,161.21
Chad,TCD,1989,161.08105
Chad,TCD,1990,160.95135
Chad,TCD,1991,160.82219
Chad,TCD,1992,160.6931
Chad,TCD,1993,160.56335
Chad,TCD,1994,160.43248
Chad,TCD,1995,160.30139
Chad,TCD,1996,160.17012
Chile,CHL,1896,147.59407
Chile,CHL,1897,147.7305
Chile,CHL,1898,147.86705
Chile,CHL,1899,148.00333
Chile,CHL,1900,148.13943
Chile,CHL,1901,148.27522
Chile,CHL,1902,148.41064
Chile,CHL,1903,148.54527
Chile,CHL,1904,148.6787
Chile,CHL,1905,148.81097
Chile,CHL,1906,148.94226
Chile,CHL,1907,149.0728
Chile,CHL,1908,149.20271
Chile,CHL,1909,149.33205
Chile,CHL,1910,149.4616
Chile,CHL,1911,149.59242
Chile,CHL,1912,149.72469
Chile,CHL,1913,149.8591
Chile,CHL,1914,149.9958
Chile,CHL,1915,150.13503
Chile,CHL,1916,150.27681
Chile,CHL,1917,150.42215
Chile,CHL,1918,150.57033
Chile,CHL,1919,150.72057
Chile,CHL,1920,150.8733
Chile,CHL,1921,151.02715
Chile,CHL,1922,151.18071
Chile,CHL,1923,151.33345
Chile,CHL,1924,151.48532
Chile,CHL,1925,151.63705
Chile,CHL,1926,151.78877
Chile,CHL,1927,151.9409
Chile,CHL,1928,152.09329
Chile,CHL,1929,152.24588
Chile,CHL,1930,152.39743
Chile,CHL,1931,152.54617
Chile,CHL,1932,152.69144
Chile,CHL,1933,152.83401
Chile,CHL,1934,152.97453
Chile,CHL,1935,153.11371
Chile,CHL,1936,153.25201
Chile,CHL,1937,153.38908
Chile,CHL,1938,153.52417
Chile,CHL,1939,153.65645
Chile,CHL,1940,153.7854
Chile,CHL,1941,153.91101
Chile,CHL,1942,154.03346
Chile,CHL,1943,154.1545
Chile,CHL,1944,154.27441
Chile,CHL,1945,154.39355
Chile,CHL,1946,154.51245
Chile,CHL,1947,154.63153
Chile,CHL,1948,154.75075
Chile,CHL,1949,154.87021
Chile,CHL,1950,154.98979
Chile,CHL,1951,155.10895
Chile,CHL,1952,155.22678
Chile,CHL,1953,155.34335
Chile,CHL,1954,155.45836
Chile,CHL,1955,155.57353
Chile,CHL,1956,155.68825
Chile,CHL,1957,155.80307
Chile,CHL,1958,155.91829
Chile,CHL,1959,156.03372
Chile,CHL,1960,156.1496
Chile,CHL,1961,156.26547
Chile,CHL,1962,156.38089
Chile,CHL,1963,156.49355
Chile,CHL,1964,156.60161
Chile,CHL,1965,156.70488
Chile,CHL,1966,156.80293
Chile,CHL,1967,156.89658
Chile,CHL,1968,156.9865
Chile,CHL,1969,157.0743
Chile,CHL,1970,157.16
Chile,CHL,1971,157.24524
Chile,CHL,1972,157.33072
Chile,CHL,1973,157.41676
Chile,CHL,1974,157.50331
Chile,CHL,1975,157.58928
Chile,CHL,1976,157.67357
Chile,CHL,1977,157.75623
Chile,CHL,1978,157.83757
Chile,CHL,1979,157.91801
Chile,CHL,1980,157.99913
Chile,CHL,1981,158.08179
Chile,CHL,1982,158.16661
Chile,CHL,1983,158.25388
Chile,CHL,1984,158.34256
Chile,CHL,1985,158.43185
Chile,CHL,1986,158.52007
Chile,CHL,1987,158.60672
Chile,CHL,1988,158.69115
Chile,CHL,1989,158.77406
Chile,CHL,1990,158.85625
Chile,CHL,1991,158.93904
Chile,CHL,1992,159.02267
Chile,CHL,1993,159.1074
Chile,CHL,1994,159.1924
Chile,CHL,1995,159.278
Chile,CHL,1996,159.36366
China,CHN,1896,150.1553
China,CHN,1897,150.26704
China,CHN,1898,150.37906
China,CHN,1899,150.49165
China,CHN,1900,150.60396
China,CHN,1901,150.71587
China,CHN,1902,150.82709
China,CHN,1903,150.93661
China,CHN,1904,151.0442
China,CHN,1905,151.14967
China,CHN,1906,151.25272
China,CHN,1907,151.35318
China,CHN,1908,151.4523
China,CHN,1909,151.55
China,CHN,1910,151.6468
China,CHN,1911,151.74355
China,CHN,1912,151.84093
China,CHN,1913,151.93956
China,CHN,1914,152.04008
China,CHN,1915,152.14282
China,CHN,1916,152.24883
China,CHN,1917,152.35875
China,CHN,1918,152.47217
China,CHN,1919,152.58987
China,CHN,1920,152.71277
China,CHN,1921,152.8407
China,CHN,1922,152.97328
China,CHN,1923,153.11034
China,CHN,1924,153.25322
China,CHN,1925,153.40353
China,CHN,1926,153.56174
China,CHN,1927,153.72546
China,CHN,1928,153.8928
China,CHN,1929,154.06091
China,CHN,1930,154.2274
China,CHN,1931,154.38948
China,CHN,1932,154.54666
China,CHN,1933,154.69997
China,CHN,1934,154.84923
China,CHN,1935,154.99449
China,CHN,1936,155.13638
China,CHN,1937,155.2748
China,CHN,1938,155.4083
China,CHN,1939,155.53543
China,CHN,1940,155.65688
China,CHN,1941,155.77324
China,CHN,1942,155.8859
China,CHN,1943,155.9971
China,CHN,1944,156.10802
China,CHN,1945,156.21881
China,CHN,1946,156.32973
China,CHN,1947,156.44052
China,CHN,1948,156.55002
China,CHN,1949,156.65752
China,CHN,1950,156.76259
China,CHN,1951,156.86427
China,CHN,1952,156.9611
China,CHN,1953,157.05247
China,CHN,1954,157.13756
China,CHN,1955,157.21594
China,CHN,1956,157.28836
China,CHN,1957,157.35582
China,CHN,1958,157.41928
China,CHN,1959,157.47893
China,CHN,1960,157.53577
China,CHN,1961,157.59071
China,CHN,1962,157.64401
China,CHN,1963,157.69383
China,CHN,1964,157.7388
China,CHN,1965,157.779
China,CHN,1966,157.81659
China,CHN,1967,157.85408
China,CHN,1968,157.89233
China,CHN,1969,157.93228
China,CHN,1970,157.97382
China,CHN,1971,158.01776
China,CHN,1972,158.06462
China,CHN,1973,158.11507
China,CHN,1974,158.17049
China,CHN,1975,158.22983
China,CHN,1976,158.29213
China,CHN,1977,158.35596
China,CHN,1978,158.4211
China,CHN,1979,158.48814
China,CHN,1980,158.55682
China,CHN,1981,158.62726
China,CHN,1982,158.69925
China,CHN,1983,158.77228
China,CHN,1984,158.84563
China,CHN,1985,158.9186
China,CHN,1986,158.9911
China,CHN,1987,159.06184
China,CHN,1988,159.13179
China,CHN,1989,159.2016
China,CHN,1990,159.27141
China,CHN,1991,159.34216
China,CHN,1992,159.41396
China,CHN,1993,159.48697
China,CHN,1994,159.56091
China,CHN,1995,159.63472
China,CHN,1996,159.7089
Colombia,COL,1896,144.02324
Colombia,COL,1897,144.2165
Colombia,COL,1898,144.41003
Colombia,COL,1899,144.6034
Colombia,COL,1900,144.79665
Colombia,COL,1901,144.98978
Colombia,COL,1902,145.18219
Colombia,COL,1903,145.37363
Colombia,COL,1904,145.56387
Colombia,COL,1905,145.75331
Colombia,COL,1906,145.94214
Colombia,COL,1907,146.13004
Colombia,COL,1908,146.31734
Colombia,COL,1909,146.50375
Colombia,COL,1910,146.6903
Colombia,COL,1911,146.87779
Colombia,COL,1912,147.06679
Colombia,COL,1913,147.25748
Colombia,COL,1914,147.4501
Colombia,COL,1915,147.64503
Colombia,COL,1916,147.84236
Colombia,COL,1917,148.04259
Colombia,COL,1918,148.24461
Colombia,COL,1919,148.44786
Colombia,COL,1920,148.65218
Colombia,COL,1921,148.85605
Colombia,COL,1922,149.05833
Colombia,COL,1923,149.2578
Colombia,COL,1924,149.4545
Colombia,COL,1925,149.6495
Colombia,COL,1926,149.84277
Colombia,COL,1927,150.03435
Colombia,COL,1928,150.22437
Colombia,COL,1929,150.4129
Colombia,COL,1930,150.59856
Colombia,COL,1931,150.78018
Colombia,COL,1932,150.95714
Colombia,COL,1933,151.13033
Colombia,COL,1934,151.30077
Colombia,COL,1935,151.46944
Colombia,COL,1936,151.63704
Colombia,COL,1937,151.80307
Colombia,COL,1938,151.96764
Colombia,COL,1939,152.12918
Colombia,COL,1940,152.28703
Colombia,COL,1941,152.44121
Colombia,COL,1942,152.5919
Colombia,COL,1943,152.7406
Colombia,COL,1944,152.88797
Colombia,COL,1945,153.03448
Colombia,COL,1946,153.1812
Colombia,COL,1947,153.32803
Colombia,COL,1948,153.47446
Colombia,COL,1949,153.62029
Colombia,COL,1950,153.76448
Colombia,COL,1951,153.90608
Colombia,COL,1952,154.04367
Colombia,COL,1953,154.17674
Colombia,COL,1954,154.30424
Colombia,COL,1955,154.42654
Colombia,COL,1956,154.5437
Colombia,COL,1957,154.65588
Colombia,COL,1958,154.76294
Colombia,COL,1959,154.86476
Colombia,COL,1960,154.96088
Colombia,COL,1961,155.05124
Colombia,COL,1962,155.13602
Colombia,COL,1963,155.21423
Colombia,COL,1964,155.28488
Colombia,COL,1965,155.34712
Colombia,COL,1966,155.40132
Colombia,COL,1967,155.44832
Colombia,COL,1968,155.48917
Colombia,COL,1969,155.52592
Colombia,COL,1970,155.55893
Colombia,COL,1971,155.5898
Colombia,COL,1972,155.61955
Colombia,COL,1973,155.64894
Colombia,COL,1974,155.67932
Colombia,COL,1975,155.70987
Colombia,COL,1976,155.74063
Colombia,COL,1977,155.77194
Colombia,COL,1978,155.8049
Colombia,COL,1979,155.84021
Colombia,COL,1980,155.87971
Colombia,COL,1981,155.92438
Colombia,COL,1982,155.97545
Colombia,COL,1983,156.03223
Colombia,COL,1984,156.09348
Colombia,COL,1985,156.15758
Colombia,COL,1986,156.22266
Colombia,COL,1987,156.28758
Colombia,COL,1988,156.3514
Colombia,COL,1989,156.41444
Colombia,COL,1990,156.47636
Colombia,COL,1991,156.53853
Colombia,COL,1992,156.60147
Colombia,COL,1993,156.66441
Colombia,COL,1994,156.72713
Colombia,COL,1995,156.78983
Colombia,COL,1996,156.85222
Comoros,COM,1896,150.53522
Comoros,COM,1897,150.63766
Comoros,COM,1898,150.7404
Comoros,COM,1899,150.84315
Comoros,COM,1900,150.94589
Comoros,COM,1901,151.0481
Comoros,COM,1902,151.14964
Comoros,COM,1903,151.25044
Comoros,COM,1904,151.3502
Comoros,COM,1905,151.44861
Comoros,COM,1906,151.54579
Comoros,COM,1907,151.64217
Comoros,COM,1908,151.73753
Comoros,COM,1909,151.8322
Comoros,COM,1910,151.92686
Comoros,COM,1911,152.0218
Comoros,COM,1912,152.11754
Comoros,COM,1913,152.21385
Comoros,COM,1914,152.31113
Comoros,COM,1915,152.40947
Comoros,COM,1916,152.50851
Comoros,COM,1917,152.60867
Comoros,COM,1918,152.70956
Comoros,COM,1919,152.81062
Comoros,COM,1920,152.91185
Comoros,COM,1921,153.01247
Comoros,COM,1922,153.1117
Comoros,COM,1923,153.20879
Comoros,COM,1924,153.30469
Comoros,COM,1925,153.4008
Comoros,COM,1926,153.49722
Comoros,COM,1927,153.59422
Comoros,COM,1928,153.69229
Comoros,COM,1929,153.79166
Comoros,COM,1930,153.8919
Comoros,COM,1931,153.99188
Comoros,COM,1932,154.0922
Comoros,COM,1933,154.19336
Comoros,COM,1934,154.29607
Comoros,COM,1935,154.40001
Comoros,COM,1936,154.50528
Comoros,COM,1937,154.611
Comoros,COM,1938,154.71603
Comoros,COM,1939,154.82043
Comoros,COM,1940,154.92297
Comoros,COM,1941,155.02324
Comoros,COM,1942,155.12149
Comoros,COM,1943,155.21844
Comoros,COM,1944,155.31464
Comoros,COM,1945,155.40962
Comoros,COM,1946,155.50377
Comoros,COM,1947,155.59718
Comoros,COM,1948,155.68881
Comoros,COM,1949,155.77902
Comoros,COM,1950,155.86867
Comoros,COM,1951,155.95628
Comoros,COM,1952,156.04007
Comoros,COM,1953,156.1194
Comoros,COM,1954,156.19316
Comoros,COM,1955,156.261
Comoros,COM,1956,156.32253
Comoros,COM,1957,156.37813
Comoros,COM,1958,156.42825
Comoros,COM,1959,156.47267
Comoros,COM,1960,156.51074
Comoros,COM,1961,156.54254
Comoros,COM,1962,156.56764
Comoros,COM,1963,156.58469
Comoros,COM,1964,156.59264
Comoros,COM,1965,156.59203
Comoros,COM,1966,156.58354
Comoros,COM,1967,156.56834
Comoros,COM,1968,156.54698
Comoros,COM,1969,156.51999
Comoros,COM,1970,156.48761
Comoros,COM,1971,156.45045
Comoros,COM,1972,156.4099
Comoros,COM,1973,156.36714
Comoros,COM,1974,156.32362
Comoros,COM,1975,156.27925
Comoros,COM,1976,156.23357
Comoros,COM,1977,156.1869
Comoros,COM,1978,156.14001
Comoros,COM,1979,156.09299
Comoros,COM,1980,156.04749
Comoros,COM,1981,156.0047
Comoros,COM,1982,155.96613
Comoros,COM,1983,155.93152
Comoros,COM,1984,155.90025
Comoros,COM,1985,155.87103
Comoros,COM,1986,155.84334
Comoros,COM,1987,155.8159
Comoros,COM,1988,155.78839
Comoros,COM,1989,155.76147
Comoros,COM,1990,155.73459
Comoros,COM,1991,155.70888
Comoros,COM,1992,155.68364
Comoros,COM,1993,155.65836
Comoros,COM,1994,155.63278
Comoros,COM,1995,155.60732
Comoros,COM,1996,155.58208
Congo,COG,1896,152.51436
Congo,COG,1897,152.62077
Congo,COG,1898,152.72731
Congo,COG,1899,152.83385
Congo,COG,1900,152.94002
Congo,COG,1901,153.04547
Congo,COG,1902,153.15097
Congo,COG,1903,153.25572
Congo,COG,1904,153.35928
Congo,COG,1905,153.46191
Congo,COG,1906,153.56366
Congo,COG,1907,153.66432
Congo,COG,1908,153.76378
Congo,COG,1909,153.86266
Congo,COG,1910,153.96173
Congo,COG,1911,154.0616
Congo,COG,1912,154.16309
Congo,COG,1913,154.26628
Congo,COG,1914,154.37148
Congo,COG,1915,154.47879
Congo,COG,1916,154.58806
Congo,COG,1917,154.69983
Congo,COG,1918,154.81389
Congo,COG,1919,154.92935
Congo,COG,1920,155.04646
Congo,COG,1921,155.16446
Congo,COG,1922,155.2831
Congo,COG,1923,155.40108
Congo,COG,1924,155.51909
Congo,COG,1925,155.63881
Congo,COG,1926,155.76059
Congo,COG,1927,155.88457
Congo,COG,1928,156.01093
Congo,COG,1929,156.13997
Congo,COG,1930,156.2712
Congo,COG,1931,156.4036
Congo,COG,1932,156.53767
Congo,COG,1933,156.67342
Congo,COG,1934,156.81139
Congo,COG,1935,156.95134
Congo,COG,1936,157.09254
Congo,COG,1937,157.2345
Congo,COG,1938,157.37596
Congo,COG,1939,157.51651
Congo,COG,1940,157.65503
Congo,COG,1941,157.79092
Congo,COG,1942,157.92381
Congo,COG,1943,158.05469
Congo,COG,1944,158.18307
Congo,COG,1945,158.30832
Congo,COG,1946,158.43001
Congo,COG,1947,158.54759
Congo,COG,1948,158.65993
Congo,COG,1949,158.76682
Congo,COG,1950,158.8682
Congo,COG,1951,158.9625
Congo,COG,1952,159.04782
Congo,COG,1953,159.12357
Congo,COG,1954,159.18893
Congo,COG,1955,159.24393
Congo,COG,1956,159.289
Congo,COG,1957,159.32506
Congo,COG,1958,159.35378
Congo,COG,1959,159.375
Congo,COG,1960,159.38957
Congo,COG,1961,159.39795
Congo,COG,1962,159.4004
Congo,COG,1963,159.39594
Congo,COG,1964,159.38422
Congo,COG,1965,159.36559
Congo,COG,1966,159.34145
Congo,COG,1967,159.31328
Congo,COG,1968,159.28168
Congo,COG,1969,159.2472
Congo,COG,1970,159.20914
Congo,COG,1971,159.1674
Congo,COG,1972,159.12192
Congo,COG,1973,159.07309
Congo,COG,1974,159.02159
Congo,COG,1975,158.96678
Congo,COG,1976,158.90831
Congo,COG,1977,158.84557
Congo,COG,1978,158.77861
Congo,COG,1979,158.708
Congo,COG,1980,158.63625
Congo,COG,1981,158.56494
Congo,COG,1982,158.49547
Congo,COG,1983,158.42857
Congo,COG,1984,158.36386
Congo,COG,1985,158.30003
Congo,COG,1986,158.2364
Congo,COG,1987,158.17188
Congo,COG,1988,158.10599
Congo,COG,1989,158.03946
Congo,COG,1990,157.97252
Congo,COG,1991,157.90627
Congo,COG,1992,157.84015
Congo,COG,1993,157.77403
Congo,COG,1994,157.70735
Congo,COG,1995,157.64082
Congo,COG,1996,157.5742
Cook Islands,COK,1896,156.14629
Cook Islands,COK,1897,156.30992
Cook Islands,COK,1898,156.47394
Cook Islands,COK,1899,156.63805
Cook Islands,COK,1900,156.80177
Cook Islands,COK,1901,156.9646
Cook Islands,COK,1902,157.12627
Cook Islands,COK,1903,157.28592
Cook Islands,COK,1904,157.44331
Cook Islands,COK,1905,157.5985
Cook Islands,COK,1906,157.75105
Cook Islands,COK,1907,157.9007
Cook Islands,COK,1908,158.0477
Cook Islands,COK,1909,158.19199
Cook Islands,COK,1910,158.33398
Cook Islands,COK,1911,158.47462
Cook Islands,COK,1912,158.6137
Cook Islands,COK,1913,158.75133
Cook Islands,COK,1914,158.88756
Cook Islands,COK,1915,159.02272
Cook Islands,COK,1916,159.15697
Cook Islands,COK,1917,159.28995
Cook Islands,COK,1918,159.42162
Cook Islands,COK,1919,159.55139
Cook Islands,COK,1920,159.67935
Cook Islands,COK,1921,159.80516
Cook Islands,COK,1922,159.92848
Cook Islands,COK,1923,160.04904
Cook Islands,COK,1924,160.16722
Cook Islands,COK,1925,160.28401
Cook Islands,COK,1926,160.40005
Cook Islands,COK,1927,160.5148
Cook Islands,COK,1928,160.62857
Cook Islands,COK,1929,160.74158
Cook Islands,COK,1930,160.85358
Cook Islands,COK,1931,160.96333
Cook Islands,COK,1932,161.07068
Cook Islands,COK,1933,161.17673
Cook Islands,COK,1934,161.28249
Cook Islands,COK,1935,161.38837
Cook Islands,COK,1936,161.49466
Cook Islands,COK,1937,161.6012
Cook Islands,COK,1938,161.70787
Cook Islands,COK,1939,161.81474
Cook Islands,COK,1940,161.92128
Cook Islands,COK,1941,162.02736
Cook Islands,COK,1942,162.13353
Cook Islands,COK,1943,162.24068
Cook Islands,COK,1944,162.349
Cook Islands,COK,1945,162.45834
Cook Islands,COK,1946,162.56857
Cook Islands,COK,1947,162.67905
Cook Islands,COK,1948,162.78862
Cook Islands,COK,1949,162.89684
Cook Islands,COK,1950,163.00427
Cook Islands,COK,1951,163.11024
Cook Islands,COK,1952,163.21407
Cook Islands,COK,1953,163.3154
Cook Islands,COK,1954,163.41385
Cook Islands,COK,1955,163.50957
Cook Islands,COK,1956,163.60225
Cook Islands,COK,1957,163.69238
Cook Islands,COK,1958,163.77995
Cook Islands,COK,1959,163.86476
Cook Islands,COK,1960,163.94595
Cook Islands,COK,1961,164.02353
Cook Islands,COK,1962,164.09665
Cook Islands,COK,1963,164.1638
Cook Islands,COK,1964,164.22346
Cook Islands,COK,1965,164.27516
Cook Islands,COK,1966,164.31914
Cook Islands,COK,1967,164.3559
Cook Islands,COK,1968,164.38515
Cook Islands,COK,1969,164.40697
Cook Islands,COK,1970,164.42162
Cook Islands,COK,1971,164.42926
Cook Islands,COK,1972,164.42995
Cook Islands,COK,1973,164.42407
Cook Islands,COK,1974,164.41194
Cook Islands,COK,1975,164.39342
Cook Islands,COK,1976,164.36778
Cook Islands,COK,1977,164.33493
Cook Islands,COK,1978,164.29532
Cook Islands,COK,1979,164.2501
Cook Islands,COK,1980,164.20074
Cook Islands,COK,1981,164.14868
Cook Islands,COK,1982,164.09445
Cook Islands,COK,1983,164.03876
Cook Islands,COK,1984,163.98157
Cook Islands,COK,1985,163.92264
Cook Islands,COK,1986,163.86171
Cook Islands,COK,1987,163.79828
Cook Islands,COK,1988,163.73257
Cook Islands,COK,1989,163.66556
Cook Islands,COK,1990,163.5973
Cook Islands,COK,1991,163.52867
Cook Islands,COK,1992,163.46008
Cook Islands,COK,1993,163.39159
Cook Islands,COK,1994,163.32285
Cook Islands,COK,1995,163.25406
Cook Islands,COK,1996,163.18524
Costa Rica,CRI,1896,142.72624
Costa Rica,CRI,1897,142.97888
Costa Rica,CRI,1898,143.2319
Costa Rica,CRI,1899,143.48506
Costa Rica,CRI,1900,143.73799
Costa Rica,CRI,1901,143.9906
Costa Rica,CRI,1902,144.24252
Costa Rica,CRI,1903,144.49355
Costa Rica,CRI,1904,144.74344
Costa Rica,CRI,1905,144.99223
Costa Rica,CRI,1906,145.24046
Costa Rica,CRI,1907,145.48808
Costa Rica,CRI,1908,145.73524
Costa Rica,CRI,1909,145.98177
Costa Rica,CRI,1910,146.22865
Costa Rica,CRI,1911,146.47635
Costa Rica,CRI,1912,146.72557
Costa Rica,CRI,1913,146.97644
Costa Rica,CRI,1914,147.22942
Costa Rica,CRI,1915,147.48459
Costa Rica,CRI,1916,147.74219
Costa Rica,CRI,1917,148.00266
Costa Rica,CRI,1918,148.26517
Costa Rica,CRI,1919,148.5289
Costa Rica,CRI,1920,148.79367
Costa Rica,CRI,1921,149.0579
Costa Rica,CRI,1922,149.3204
Costa Rica,CRI,1923,149.5805
Costa Rica,CRI,1924,149.83803
Costa Rica,CRI,1925,150.0941
Costa Rica,CRI,1926,150.34828
Costa Rica,CRI,1927,150.60042
Costa Rica,CRI,1928,150.84991
Costa Rica,CRI,1929,151.09708
Costa Rica,CRI,1930,151.34018
Costa Rica,CRI,1931,151.57771
Costa Rica,CRI,1932,151.80858
Costa Rica,CRI,1933,152.03334
Costa Rica,CRI,1934,152.253
Costa Rica,CRI,1935,152.46764
Costa Rica,CRI,1936,152.67744
Costa Rica,CRI,1937,152.88173
Costa Rica,CRI,1938,153.08054
Costa Rica,CRI,1939,153.27203
Costa Rica,CRI,1940,153.45499
Costa Rica,CRI,1941,153.62932
Costa Rica,CRI,1942,153.795
Costa Rica,CRI,1943,153.95337
Costa Rica,CRI,1944,154.10535
Costa Rica,CRI,1945,154.25125
Costa Rica,CRI,1946,154.39243
Costa Rica,CRI,1947,154.52893
Costa Rica,CRI,1948,154.66045
Costa Rica,CRI,1949,154.78711
Costa Rica,CRI,1950,154.90833
Costa Rica,CRI,1951,155.0234
Costa Rica,CRI,1952,155.13177
Costa Rica,CRI,1953,155.23312
Costa Rica,CRI,1954,155.32664
Costa Rica,CRI,1955,155.41322
Costa Rica,CRI,1956,155.49304
Costa Rica,CRI,1957,155.56676
Costa Rica,CRI,1958,155.6344
Costa Rica,CRI,1959,155.69635
Costa Rica,CRI,1960,155.753
Costa Rica,CRI,1961,155.80435
Costa Rica,CRI,1962,155.851
Costa Rica,CRI,1963,155.89156
Costa Rica,CRI,1964,155.92517
Costa Rica,CRI,1965,155.9512
Costa Rica,CRI,1966,155.97003
Costa Rica,CRI,1967,155.98282
Costa Rica,CRI,1968,155.99004
Costa Rica,CRI,1969,155.99368
Costa Rica,CRI,1970,155.99402
Costa Rica,CRI,1971,155.99306
Costa Rica,CRI,1972,155.99156
Costa Rica,CRI,1973,155.98985
Costa Rica,CRI,1974,155.98914
Costa Rica,CRI,1975,155.98926
Costa Rica,CRI,1976,155.9895
Costa Rica,CRI,1977,155.98973
Costa Rica,CRI,1978,155.99104
Costa Rica,CRI,1979,155.99403
Costa Rica,CRI,1980,156.00027
Costa Rica,CRI,1981,156.0107
Costa Rica,CRI,1982,156.02673
Costa Rica,CRI,1983,156.04738
Costa Rica,CRI,1984,156.07199
Costa Rica,CRI,1985,156.09874
Costa Rica,CRI,1986,156.12563
Costa Rica,CRI,1987,156.15216
Costa Rica,CRI,1988,156.1774
Costa Rica,CRI,1989,156.20155
Costa Rica,CRI,1990,156.22478
Costa Rica,CRI,1991,156.24792
Costa Rica,CRI,1992,156.27153
Costa Rica,CRI,1993,156.29543
Costa Rica,CRI,1994,156.31909
Costa Rica,CRI,1995,156.34276
Costa Rica,CRI,1996,156.36624
Cote d'Ivoire,CIV,1896,153.51726
Cote d'Ivoire,CIV,1897,153.62544
Cote d'Ivoire,CIV,1898,153.73357
Cote d'Ivoire,CIV,1899,153.8414
Cote d'Ivoire,CIV,1900,153.9493
Cote d'Ivoire,CIV,1901,154.05673
Cote d'Ivoire,CIV,1902,154.1637
Cote d'Ivoire,CIV,1903,154.26982
Cote d'Ivoire,CIV,1904,154.37476
Cote d'Ivoire,CIV,1905,154.47862
Cote d'Ivoire,CIV,1906,154.5812
Cote d'Ivoire,CIV,1907,154.68285
Cote d'Ivoire,CIV,1908,154.7835
Cote d'Ivoire,CIV,1909,154.8837
Cote d'Ivoire,CIV,1910,154.98369
Cote d'Ivoire,CIV,1911,155.08423
Cote d'Ivoire,CIV,1912,155.18585
Cote d'Ivoire,CIV,1913,155.28871
Cote d'Ivoire,CIV,1914,155.39293
Cote d'Ivoire,CIV,1915,155.49878
Cote d'Ivoire,CIV,1916,155.60565
Cote d'Ivoire,CIV,1917,155.71431
Cote d'Ivoire,CIV,1918,155.82443
Cote d'Ivoire,CIV,1919,155.93517
Cote d'Ivoire,CIV,1920,156.04636
Cote d'Ivoire,CIV,1921,156.15741
Cote d'Ivoire,CIV,1922,156.26807
Cote d'Ivoire,CIV,1923,156.37706
Cote d'Ivoire,CIV,1924,156.48523
Cote d'Ivoire,CIV,1925,156.594
Cote d'Ivoire,CIV,1926,156.70387
Cote d'Ivoire,CIV,1927,156.8152
Cote d'Ivoire,CIV,1928,156.92859
Cote d'Ivoire,CIV,1929,157.04424
Cote d'Ivoire,CIV,1930,157.16245
Cote d'Ivoire,CIV,1931,157.28229
Cote d'Ivoire,CIV,1932,157.40393
Cote d'Ivoire,CIV,1933,157.52808
Cote d'Ivoire,CIV,1934,157.65553
Cote d'Ivoire,CIV,1935,157.78596
Cote d'Ivoire,CIV,1936,157.91895
Cote d'Ivoire,CIV,1937,158.05458
Cote d'Ivoire,CIV,1938,158.19212
Cote d'Ivoire,CIV,1939,158.33075
Cote d'Ivoire,CIV,1940,158.46985
Cote d'Ivoire,CIV,1941,158.6088
Cote d'Ivoire,CIV,1942,158.74722
Cote d'Ivoire,CIV,1943,158.88611
Cote d'Ivoire,CIV,1944,159.02501
Cote d'Ivoire,CIV,1945,159.16315
Cote d'Ivoire,CIV,1946,159.3004
Cote d'Ivoire,CIV,1947,159.43587
Cote d'Ivoire,CIV,1948,159.56787
Cote d'Ivoire,CIV,1949,159.69487
Cote d'Ivoire,CIV,1950,159.81654
Cote d'Ivoire,CIV,1951,159.93166
Cote d'Ivoire,CIV,1952,160.03781
Cote d'Ivoire,CIV,1953,160.13422
Cote d'Ivoire,CIV,1954,160.21973
Cote d'Ivoire,CIV,1955,160.29425
Cote d'Ivoire,CIV,1956,160.35832
Cote d'Ivoire,CIV,1957,160.4134
Cote d'Ivoire,CIV,1958,160.46068
Cote d'Ivoire,CIV,1959,160.50055
Cote d'Ivoire,CIV,1960,160.53363
Cote d'Ivoire,CIV,1961,160.56027
Cote d'Ivoire,CIV,1962,160.58026
Cote d'Ivoire,CIV,1963,160.59245
Cote d'Ivoire,CIV,1964,160.59576
Cote d'Ivoire,CIV,1965,160.59009
Cote d'Ivoire,CIV,1966,160.57646
Cote d'Ivoire,CIV,1967,160.55537
Cote d'Ivoire,CIV,1968,160.52702
Cote d'Ivoire,CIV,1969,160.49109
Cote d'Ivoire,CIV,1970,160.44722
Cote d'Ivoire,CIV,1971,160.39449
Cote d'Ivoire,CIV,1972,160.3338
Cote d'Ivoire,CIV,1973,160.26614
Cote d'Ivoire,CIV,1974,160.19357
Cote d'Ivoire,CIV,1975,160.11636
Cote d'Ivoire,CIV,1976,160.03441
Cote d'Ivoire,CIV,1977,159.94789
Cote d'Ivoire,CIV,1978,159.85643
Cote d'Ivoire,CIV,1979,159.76038
Cote d'Ivoire,CIV,1980,159.66223
Cote d'Ivoire,CIV,1981,159.56332
Cote d'Ivoire,CIV,1982,159.46516
Cote d'Ivoire,CIV,1983,159.36745
Cote d'Ivoire,CIV,1984,159.27068
Cote d'Ivoire,CIV,1985,159.17415
Cote d'Ivoire,CIV,1986,159.07738
Cote d'Ivoire,CIV,1987,158.97894
Cote d'Ivoire,CIV,1988,158.87898
Cote d'Ivoire,CIV,1989,158.77818
Cote d'Ivoire,CIV,1990,158.67696
Cote d'Ivoire,CIV,1991,158.5762
Cote d'Ivoire,CIV,1992,158.47545
Cote d'Ivoire,CIV,1993,158.3739
Cote d'Ivoire,CIV,1994,158.27129
Cote d'Ivoire,CIV,1995,158.1685
Cote d'Ivoire,CIV,1996,158.06541
Croatia,HRV,1896,150.08128
Croatia,HRV,1897,150.35573
Croatia,HRV,1898,150.63019
Croatia,HRV,1899,150.90448
Croatia,HRV,1900,151.17879
Croatia,HRV,1901,151.45245
Croatia,HRV,1902,151.72572
Croatia,HRV,1903,151.99818
Croatia,HRV,1904,152.26945
Croatia,HRV,1905,152.53954
Croatia,HRV,1906,152.80846
Croatia,HRV,1907,153.0766
Croatia,HRV,1908,153.34375
Croatia,HRV,1909,153.6102
Croatia,HRV,1910,153.87634
Croatia,HRV,1911,154.14319
Croatia,HRV,1912,154.41151
Croatia,HRV,1913,154.68146
Croatia,HRV,1914,154.95259
Croatia,HRV,1915,155.2253
Croatia,HRV,1916,155.49995
Croatia,HRV,1917,155.77664
Croatia,HRV,1918,156.05437
Croatia,HRV,1919,156.33139
Croatia,HRV,1920,156.60738
Croatia,HRV,1921,156.88086
Croatia,HRV,1922,157.15137
Croatia,HRV,1923,157.41765
Croatia,HRV,1924,157.67987
Croatia,HRV,1925,157.93906
Croatia,HRV,1926,158.19563
Croatia,HRV,1927,158.44914
Croatia,HRV,1928,158.7
Croatia,HRV,1929,158.94826
Croatia,HRV,1930,159.1941
Croatia,HRV,1931,159.43584
Croatia,HRV,1932,159.67389
Croatia,HRV,1933,159.90875
Croatia,HRV,1934,160.14105
Croatia,HRV,1935,160.37053
Croatia,HRV,1936,160.59673
Croatia,HRV,1937,160.81918
Croatia,HRV,1938,161.037
Croatia,HRV,1939,161.24913
Croatia,HRV,1940,161.45529
Croatia,HRV,1941,161.65411
Croatia,HRV,1942,161.8454
Croatia,HRV,1943,162.02959
Croatia,HRV,1944,162.2079
Croatia,HRV,1945,162.3807
Croatia,HRV,1946,162.54877
Croatia,HRV,1947,162.71184
Croatia,HRV,1948,162.8694
Croatia,HRV,1949,163.02179
Croatia,HRV,1950,163.1704
Croatia,HRV,1951,163.31583
Croatia,HRV,1952,163.45807
Croatia,HRV,1953,163.59737
Croatia,HRV,1954,163.73395
Croatia,HRV,1955,163.8684
Croatia,HRV,1956,164.00085
Croatia,HRV,1957,164.13206
Croatia,HRV,1958,164.26254
Croatia,HRV,1959,164.39299
Croatia,HRV,1960,164.52304
Croatia,HRV,1961,164.65218
Croatia,HRV,1962,164.7792
Croatia,HRV,1963,164.90134
Croatia,HRV,1964,165.017
Croatia,HRV,1965,165.12505
Croatia,HRV,1966,165.22574
Croatia,HRV,1967,165.31934
Croatia,HRV,1968,165.40596
Croatia,HRV,1969,165.48592
Croatia,HRV,1970,165.55879
Croatia,HRV,1971,165.62471
Croatia,HRV,1972,165.68321
Croatia,HRV,1973,165.73463
Croatia,HRV,1974,165.77875
Croatia,HRV,1975,165.81525
Croatia,HRV,1976,165.84387
Croatia,HRV,1977,165.86441
Croatia,HRV,1978,165.87689
Croatia,HRV,1979,165.88246
Croatia,HRV,1980,165.88351
Croatia,HRV,1981,165.88104
Croatia,HRV,1982,165.87662
Croatia,HRV,1983,165.87082
Croatia,HRV,1984,165.86372
Croatia,HRV,1985,165.8545
Croatia,HRV,1986,165.84268
Croatia,HRV,1987,165.82768
Croatia,HRV,1988,165.80927
Croatia,HRV,1989,165.7885
Croatia,HRV,1990,165.7658
Croatia,HRV,1991,165.7428
Croatia,HRV,1992,165.71977
Croatia,HRV,1993,165.69713
Croatia,HRV,1994,165.6749
Croatia,HRV,1995,165.65302
Croatia,HRV,1996,165.63142
Cuba,CUB,1896,149.24678
Cuba,CUB,1897,149.43683
Cuba,CUB,1898,149.62721
Cuba,CUB,1899,149.81767
Cuba,CUB,1900,150.0077
Cuba,CUB,1901,150.1972
Cuba,CUB,1902,150.38599
Cuba,CUB,1903,150.57414
Cuba,CUB,1904,150.76105
Cuba,CUB,1905,150.94693
Cuba,CUB,1906,151.13145
Cuba,CUB,1907,151.315
Cuba,CUB,1908,151.4977
Cuba,CUB,1909,151.67934
Cuba,CUB,1910,151.8605
Cuba,CUB,1911,152.04204
Cuba,CUB,1912,152.2243
Cuba,CUB,1913,152.408
Cuba,CUB,1914,152.59283
Cuba,CUB,1915,152.77899
Cuba,CUB,1916,152.9665
Cuba,CUB,1917,153.15572
Cuba,CUB,1918,153.34573
Cuba,CUB,1919,153.5359
Cuba,CUB,1920,153.72635
Cuba,CUB,1921,153.91531
Cuba,CUB,1922,154.10193
Cuba,CUB,1923,154.28543
Cuba,CUB,1924,154.46562
Cuba,CUB,1925,154.64343
Cuba,CUB,1926,154.81847
Cuba,CUB,1927,154.99106
Cuba,CUB,1928,155.16113
Cuba,CUB,1929,155.3288
Cuba,CUB,1930,155.49318
Cuba,CUB,1931,155.65306
Cuba,CUB,1932,155.80797
Cuba,CUB,1933,155.95898
Cuba,CUB,1934,156.10736
Cuba,CUB,1935,156.2541
Cuba,CUB,1936,156.39934
Cuba,CUB,1937,156.54225
Cuba,CUB,1938,156.68253
Cuba,CUB,1939,156.81914
Cuba,CUB,1940,156.95201
Cuba,CUB,1941,157.08101
Cuba,CUB,1942,157.20648
Cuba,CUB,1943,157.33052
Cuba,CUB,1944,157.45348
Cuba,CUB,1945,157.57564
Cuba,CUB,1946,157.69742
Cuba,CUB,1947,157.81851
Cuba,CUB,1948,157.93835
Cuba,CUB,1949,158.05652
Cuba,CUB,1950,158.1721
Cuba,CUB,1951,158.28468
Cuba,CUB,1952,158.39299
Cuba,CUB,1953,158.49655
Cuba,CUB,1954,158.59541
Cuba,CUB,1955,158.68973
Cuba,CUB,1956,158.77975
Cuba,CUB,1957,158.86586
Cuba,CUB,1958,158.9483
Cuba,CUB,1959,159.02702
Cuba,CUB,1960,159.10135
Cuba,CUB,1961,159.17082
Cuba,CUB,1962,159.23521
Cuba,CUB,1963,159.29286
Cuba,CUB,1964,159.34209
Cuba,CUB,1965,159.38202
Cuba,CUB,1966,159.4129
Cuba,CUB,1967,159.43552
Cuba,CUB,1968,159.45042
Cuba,CUB,1969,159.4587
Cuba,CUB,1970,159.4607
Cuba,CUB,1971,159.45764
Cuba,CUB,1972,159.45027
Cuba,CUB,1973,159.43858
Cuba,CUB,1974,159.42331
Cuba,CUB,1975,159.40323
Cuba,CUB,1976,159.37701
Cuba,CUB,1977,159.34415
Cuba,CUB,1978,159.30544
Cuba,CUB,1979,159.26155
Cuba,CUB,1980,159.21413
Cuba,CUB,1981,159.16379
Cuba,CUB,1982,159.11073
Cuba,CUB,1983,159.05537
Cuba,CUB,1984,158.99709
Cuba,CUB,1985,158.93466
Cuba,CUB,1986,158.86685
Cuba,CUB,1987,158.79332
Cuba,CUB,1988,158.7135
Cuba,CUB,1989,158.62851
Cuba,CUB,1990,158.53929
Cuba,CUB,1991,158.44762
Cuba,CUB,1992,158.35495
Cuba,CUB,1993,158.26176
Cuba,CUB,1994,158.1688
Cuba,CUB,1995,158.07596
Cuba,CUB,1996,157.98296
Cyprus,CYP,1896,152.07649
Cyprus,CYP,1897,152.16246
Cyprus,CYP,1898,152.24863
Cyprus,CYP,1899,152.3349
Cyprus,CYP,1900,152.42157
Cyprus,CYP,1901,152.50829
Cyprus,CYP,1902,152.59526
Cyprus,CYP,1903,152.68213
Cyprus,CYP,1904,152.7683
Cyprus,CYP,1905,152.85442
Cyprus,CYP,1906,152.94107
Cyprus,CYP,1907,153.02937
Cyprus,CYP,1908,153.1192
Cyprus,CYP,1909,153.21191
Cyprus,CYP,1910,153.30925
Cyprus,CYP,1911,153.41286
Cyprus,CYP,1912,153.52376
Cyprus,CYP,1913,153.64195
Cyprus,CYP,1914,153.76839
Cyprus,CYP,1915,153.9026
Cyprus,CYP,1916,154.04399
Cyprus,CYP,1917,154.19167
Cyprus,CYP,1918,154.3441
Cyprus,CYP,1919,154.50026
Cyprus,CYP,1920,154.65895
Cyprus,CYP,1921,154.81932
Cyprus,CYP,1922,154.9806
Cyprus,CYP,1923,155.14053
Cyprus,CYP,1924,155.29909
Cyprus,CYP,1925,155.45755
Cyprus,CYP,1926,155.61574
Cyprus,CYP,1927,155.77284
Cyprus,CYP,1928,155.92844
Cyprus,CYP,1929,156.08252
Cyprus,CYP,1930,156.23454
Cyprus,CYP,1931,156.38261
Cyprus,CYP,1932,156.52722
Cyprus,CYP,1933,156.66998
Cyprus,CYP,1934,156.81252
Cyprus,CYP,1935,156.9553
Cyprus,CYP,1936,157.09813
Cyprus,CYP,1937,157.2397
Cyprus,CYP,1938,157.37804
Cyprus,CYP,1939,157.51155
Cyprus,CYP,1940,157.63847
Cyprus,CYP,1941,157.7576
Cyprus,CYP,1942,157.87033
Cyprus,CYP,1943,157.97842
Cyprus,CYP,1944,158.08424
Cyprus,CYP,1945,158.18895
Cyprus,CYP,1946,158.29382
Cyprus,CYP,1947,158.40027
Cyprus,CYP,1948,158.50853
Cyprus,CYP,1949,158.6189
Cyprus,CYP,1950,158.73253
Cyprus,CYP,1951,158.84921
Cyprus,CYP,1952,158.96922
Cyprus,CYP,1953,159.09302
Cyprus,CYP,1954,159.2207
Cyprus,CYP,1955,159.35281
Cyprus,CYP,1956,159.48831
Cyprus,CYP,1957,159.62729
Cyprus,CYP,1958,159.76936
Cyprus,CYP,1959,159.91333
Cyprus,CYP,1960,160.05864
Cyprus,CYP,1961,160.20404
Cyprus,CYP,1962,160.34737
Cyprus,CYP,1963,160.48564
Cyprus,CYP,1964,160.61601
Cyprus,CYP,1965,160.7372
Cyprus,CYP,1966,160.84904
Cyprus,CYP,1967,160.95338
Cyprus,CYP,1968,161.05072
Cyprus,CYP,1969,161.14279
Cyprus,CYP,1970,161.22925
Cyprus,CYP,1971,161.31105
Cyprus,CYP,1972,161.38818
Cyprus,CYP,1973,161.46034
Cyprus,CYP,1974,161.52754
Cyprus,CYP,1975,161.58861
Cyprus,CYP,1976,161.64339
Cyprus,CYP,1977,161.69147
Cyprus,CYP,1978,161.73398
Cyprus,CYP,1979,161.77171
Cyprus,CYP,1980,161.80647
Cyprus,CYP,1981,161.84024
Cyprus,CYP,1982,161.87395
Cyprus,CYP,1983,161.90881
Cyprus,CYP,1984,161.94386
Cyprus,CYP,1985,161.97821
Cyprus,CYP,1986,162.01135
Cyprus,CYP,1987,162.0426
Cyprus,CYP,1988,162.07199
Cyprus,CYP,1989,162.0993
Cyprus,CYP,1990,162.12453
Cyprus,CYP,1991,162.14966
Cyprus,CYP,1992,162.17468
Cyprus,CYP,1993,162.19975
Cyprus,CYP,1994,162.22449
Cyprus,CYP,1995,162.24933
Cyprus,CYP,1996,162.27437
Czechia,CZE,1896,152.75502
Czechia,CZE,1897,152.97922
Czechia,CZE,1898,153.20374
Czechia,CZE,1899,153.42825
Czechia,CZE,1900,153.65321
Czechia,CZE,1901,153.87762
Czechia,CZE,1902,154.10147
Czechia,CZE,1903,154.32457
Czechia,CZE,1904,154.54663
Czechia,CZE,1905,154.76765
Czechia,CZE,1906,154.98761
Czechia,CZE,1907,155.20673
Czechia,CZE,1908,155.42497
Czechia,CZE,1909,155.64226
Czechia,CZE,1910,155.85931
Czechia,CZE,1911,156.07692
Czechia,CZE,1912,156.29565
Czechia,CZE,1913,156.51595
Czechia,CZE,1914,156.73775
Czechia,CZE,1915,156.96117
Czechia,CZE,1916,157.18622
Czechia,CZE,1917,157.41331
Czechia,CZE,1918,157.64113
Czechia,CZE,1919,157.86829
Czechia,CZE,1920,158.09425
Czechia,CZE,1921,158.31763
Czechia,CZE,1922,158.53778
Czechia,CZE,1923,158.75337
Czechia,CZE,1924,158.96468
Czechia,CZE,1925,159.17314
Czechia,CZE,1926,159.37878
Czechia,CZE,1927,159.58157
Czechia,CZE,1928,159.78194
Czechia,CZE,1929,159.9803
Czechia,CZE,1930,160.17714
Czechia,CZE,1931,160.37091
Czechia,CZE,1932,160.56235
Czechia,CZE,1933,160.75194
Czechia,CZE,1934,160.94044
Czechia,CZE,1935,161.12779
Czechia,CZE,1936,161.31424
Czechia,CZE,1937,161.49945
Czechia,CZE,1938,161.68294
Czechia,CZE,1939,161.86443
Czechia,CZE,1940,162.04297
Czechia,CZE,1941,162.21754
Czechia,CZE,1942,162.38844
Czechia,CZE,1943,162.55614
Czechia,CZE,1944,162.72134
Czechia,CZE,1945,162.88455
Czechia,CZE,1946,163.04636
Czechia,CZE,1947,163.20642
Czechia,CZE,1948,163.36351
Czechia,CZE,1949,163.51846
Czechia,CZE,1950,163.67203
Czechia,CZE,1951,163.82454
Czechia,CZE,1952,163.97554
Czechia,CZE,1953,164.12561
Czechia,CZE,1954,164.27425
Czechia,CZE,1955,164.4222
Czechia,CZE,1956,164.56958
Czechia,CZE,1957,164.71732
Czechia,CZE,1958,164.86652
Czechia,CZE,1959,165.01735
Czechia,CZE,1960,165.16994
Czechia,CZE,1961,165.32407
Czechia,CZE,1962,165.47838
Czechia,CZE,1963,165.6307
Czechia,CZE,1964,165.77953
Czechia,CZE,1965,165.92374
Czechia,CZE,1966,166.06352
Czechia,CZE,1967,166.19937
Czechia,CZE,1968,166.33086
Czechia,CZE,1969,166.4582
Czechia,CZE,1970,166.58066
Czechia,CZE,1971,166.69885
Czechia,CZE,1972,166.81174
Czechia,CZE,1973,166.91995
Czechia,CZE,1974,167.02339
Czechia,CZE,1975,167.12181
Czechia,CZE,1976,167.21487
Czechia,CZE,1977,167.30196
Czechia,CZE,1978,167.38278
Czechia,CZE,1979,167.45834
Czechia,CZE,1980,167.53047
Czechia,CZE,1981,167.60007
Czechia,CZE,1982,167.66805
Czechia,CZE,1983,167.73532
Czechia,CZE,1984,167.80142
Czechia,CZE,1985,167.86589
Czechia,CZE,1986,167.92801
Czechia,CZE,1987,167.9868
Czechia,CZE,1988,168.04222
Czechia,CZE,1989,168.09569
Czechia,CZE,1990,168.14728
Czechia,CZE,1991,168.1986
Czechia,CZE,1992,168.24985
Czechia,CZE,1993,168.30145
Czechia,CZE,1994,168.35333
Czechia,CZE,1995,168.4054
Czechia,CZE,1996,168.45778
Democratic Republic of Congo,COD,1896,151.00073
Democratic Republic of Congo,COD,1897,151.12247
Democratic Republic of Congo,COD,1898,151.24425
Democratic Republic of Congo,COD,1899,151.36613
Democratic Republic of Congo,COD,1900,151.48753
Democratic Republic of Congo,COD,1901,151.60846
Democratic Republic of Congo,COD,1902,151.72926
Democratic Republic of Congo,COD,1903,151.8491
Democratic Republic of Congo,COD,1904,151.96751
Democratic Republic of Congo,COD,1905,152.0849
Democratic Republic of Congo,COD,1906,152.20126
Democratic Republic of Congo,COD,1907,152.31671
Democratic Republic of Congo,COD,1908,152.43092
Democratic Republic of Congo,COD,1909,152.54433
Democratic Republic of Congo,COD,1910,152.65776
Democratic Republic of Congo,COD,1911,152.7716
Democratic Republic of Congo,COD,1912,152.88692
Democratic Republic of Congo,COD,1913,153.00381
Democratic Republic of Congo,COD,1914,153.12239
Democratic Republic of Congo,COD,1915,153.24277
Democratic Republic of Congo,COD,1916,153.36493
Democratic Republic of Congo,COD,1917,153.48901
Democratic Republic of Congo,COD,1918,153.6146
Democratic Republic of Congo,COD,1919,153.74135
Democratic Republic of Congo,COD,1920,153.86932
Democratic Republic of Congo,COD,1921,153.99782
Democratic Republic of Congo,COD,1922,154.12625
Democratic Republic of Congo,COD,1923,154.25385
Democratic Republic of Congo,COD,1924,154.38107
Democratic Republic of Congo,COD,1925,154.50946
Democratic Republic of Congo,COD,1926,154.63947
Democratic Republic of Congo,COD,1927,154.7709
Democratic Republic of Congo,COD,1928,154.90454
Democratic Republic of Congo,COD,1929,155.04039
Democratic Republic of Congo,COD,1930,155.17795
Democratic Republic of Congo,COD,1931,155.31651
Democratic Republic of Congo,COD,1932,155.45634
Democratic Republic of Congo,COD,1933,155.59789
Democratic Republic of Congo,COD,1934,155.74171
Democratic Republic of Congo,COD,1935,155.8876
Democratic Republic of Congo,COD,1936,156.03499
Democratic Republic of Congo,COD,1937,156.18352
Democratic Republic of Congo,COD,1938,156.3317
Democratic Republic of Congo,COD,1939,156.47945
Democratic Republic of Congo,COD,1940,156.6255
Democratic Republic of Congo,COD,1941,156.76973
Democratic Republic of Congo,COD,1942,156.91174
Democratic Republic of Congo,COD,1943,157.05217
Democratic Republic of Congo,COD,1944,157.19092
Democratic Republic of Congo,COD,1945,157.32713
Democratic Republic of Congo,COD,1946,157.46031
Democratic Republic of Congo,COD,1947,157.59006
Democratic Republic of Congo,COD,1948,157.71497
Democratic Republic of Congo,COD,1949,157.83441
Democratic Republic of Congo,COD,1950,157.94872
Democratic Republic of Congo,COD,1951,158.0565
Democratic Republic of Congo,COD,1952,158.15558
Democratic Republic of Congo,COD,1953,158.24525
Democratic Republic of Congo,COD,1954,158.32437
Democratic Republic of Congo,COD,1955,158.39247
Democratic Republic of Congo,COD,1956,158.44978
Democratic Republic of Congo,COD,1957,158.49669
Democratic Republic of Congo,COD,1958,158.53438
Democratic Republic of Congo,COD,1959,158.5626
Democratic Republic of Congo,COD,1960,158.58188
Democratic Republic of Congo,COD,1961,158.59254
Democratic Republic of Congo,COD,1962,158.59486
Democratic Republic of Congo,COD,1963,158.58743
Democratic Republic of Congo,COD,1964,158.56932
Democratic Republic of Congo,COD,1965,158.54102
Democratic Republic of Congo,COD,1966,158.50339
Democratic Republic of Congo,COD,1967,158.45714
Democratic Republic of Congo,COD,1968,158.40318
Democratic Republic of Congo,COD,1969,158.34164
Democratic Republic of Congo,COD,1970,158.27219
Democratic Republic of Congo,COD,1971,158.19489
Democratic Republic of Congo,COD,1972,158.10982
Democratic Republic of Congo,COD,1973,158.01752
Democratic Republic of Congo,COD,1974,157.91931
Democratic Republic of Congo,COD,1975,157.81517
Democratic Republic of Congo,COD,1976,157.7053
Democratic Republic of Congo,COD,1977,157.58936
Democratic Republic of Congo,COD,1978,157.46815
Democratic Republic of Congo,COD,1979,157.34267
Democratic Republic of Congo,COD,1980,157.21497
Democratic Republic of Congo,COD,1981,157.08688
Democratic Republic of Congo,COD,1982,156.96036
Democratic Republic of Congo,COD,1983,156.83644
Democratic Republic of Congo,COD,1984,156.71487
Democratic Republic of Congo,COD,1985,156.59447
Democratic Republic of Congo,COD,1986,156.47438
Democratic Republic of Congo,COD,1987,156.35352
Democratic Republic of Congo,COD,1988,156.23116
Democratic Republic of Congo,COD,1989,156.10811
Democratic Republic of Congo,COD,1990,155.98463
Democratic Republic of Congo,COD,1991,155.86201
Democratic Republic of Congo,COD,1992,155.73987
Democratic Republic of Congo,COD,1993,155.61772
Democratic Republic of Congo,COD,1994,155.4949
Democratic Republic of Congo,COD,1995,155.37224
Democratic Republic of Congo,COD,1996,155.2494
Denmark,DNK,1896,157.12161
Denmark,DNK,1897,157.28041
Denmark,DNK,1898,157.43945
Denmark,DNK,1899,157.59839
Denmark,DNK,1900,157.75761
Denmark,DNK,1901,157.91699
Denmark,DNK,1902,158.07683
Denmark,DNK,1903,158.23586
Denmark,DNK,1904,158.39383
Denmark,DNK,1905,158.55121
Denmark,DNK,1906,158.70859
Denmark,DNK,1907,158.86592
Denmark,DNK,1908,159.02356
Denmark,DNK,1909,159.18167
Denmark,DNK,1910,159.3421
Denmark,DNK,1911,159.50693
Denmark,DNK,1912,159.67671
Denmark,DNK,1913,159.85156
Denmark,DNK,1914,160.03119
Denmark,DNK,1915,160.21504
Denmark,DNK,1916,160.40181
Denmark,DNK,1917,160.59033
Denmark,DNK,1918,160.77872
Denmark,DNK,1919,160.9649
Denmark,DNK,1920,161.1483
Denmark,DNK,1921,161.32858
Denmark,DNK,1922,161.50609
Denmark,DNK,1923,161.6798
Denmark,DNK,1924,161.8504
Denmark,DNK,1925,162.02048
Denmark,DNK,1926,162.18993
Denmark,DNK,1927,162.35873
Denmark,DNK,1928,162.52748
Denmark,DNK,1929,162.69618
Denmark,DNK,1930,162.86458
Denmark,DNK,1931,163.03082
Denmark,DNK,1932,163.19652
Denmark,DNK,1933,163.36433
Denmark,DNK,1934,163.53564
Denmark,DNK,1935,163.71007
Denmark,DNK,1936,163.88593
Denmark,DNK,1937,164.06027
Denmark,DNK,1938,164.22997
Denmark,DNK,1939,164.39217
Denmark,DNK,1940,164.54372
Denmark,DNK,1941,164.68312
Denmark,DNK,1942,164.8115
Denmark,DNK,1943,164.93056
Denmark,DNK,1944,165.04303
Denmark,DNK,1945,165.15134
Denmark,DNK,1946,165.2575
Denmark,DNK,1947,165.36307
Denmark,DNK,1948,165.46906
Denmark,DNK,1949,165.57664
Denmark,DNK,1950,165.68718
Denmark,DNK,1951,165.80016
Denmark,DNK,1952,165.9154
Denmark,DNK,1953,166.03296
Denmark,DNK,1954,166.15364
Denmark,DNK,1955,166.2781
Denmark,DNK,1956,166.40591
Denmark,DNK,1957,166.53767
Denmark,DNK,1958,166.67206
Denmark,DNK,1959,166.80742
Denmark,DNK,1960,166.9419
Denmark,DNK,1961,167.07405
Denmark,DNK,1962,167.20059
Denmark,DNK,1963,167.31783
Denmark,DNK,1964,167.42316
Denmark,DNK,1965,167.51482
Denmark,DNK,1966,167.59256
Denmark,DNK,1967,167.65799
Denmark,DNK,1968,167.7116
Denmark,DNK,1969,167.75534
Denmark,DNK,1970,167.78928
Denmark,DNK,1971,167.81451
Denmark,DNK,1972,167.83165
Denmark,DNK,1973,167.8412
Denmark,DNK,1974,167.84349
Denmark,DNK,1975,167.83823
Denmark,DNK,1976,167.82524
Denmark,DNK,1977,167.80447
Denmark,DNK,1978,167.77673
Denmark,DNK,1979,167.74326
Denmark,DNK,1980,167.70746
Denmark,DNK,1981,167.6712
Denmark,DNK,1982,167.63698
Denmark,DNK,1983,167.60635
Denmark,DNK,1984,167.57759
Denmark,DNK,1985,167.55008
Denmark,DNK,1986,167.5232
Denmark,DNK,1987,167.49596
Denmark,DNK,1988,167.46716
Denmark,DNK,1989,167.43706
Denmark,DNK,1990,167.40533
Denmark,DNK,1991,167.37349
Denmark,DNK,1992,167.34166
Denmark,DNK,1993,167.30983
Denmark,DNK,1994,167.27777
Denmark,DNK,1995,167.24571
Denmark,DNK,1996,167.21376
Djibouti,DJI,1896,151.79019
Djibouti,DJI,1897,151.90248
Djibouti,DJI,1898,152.01518
Djibouti,DJI,1899,152.12779
Djibouti,DJI,1900,152.2403
Djibouti,DJI,1901,152.35252
Djibouti,DJI,1902,152.46391
Djibouti,DJI,1903,152.57426
Djibouti,DJI,1904,152.68336
Djibouti,DJI,1905,152.7911
Djibouti,DJI,1906,152.89732
Djibouti,DJI,1907,153.00256
Djibouti,DJI,1908,153.10672
Djibouti,DJI,1909,153.2098
Djibouti,DJI,1910,153.31277
Djibouti,DJI,1911,153.41585
Djibouti,DJI,1912,153.51955
Djibouti,DJI,1913,153.6239
Djibouti,DJI,1914,153.72919
Djibouti,DJI,1915,153.83565
Djibouti,DJI,1916,153.94293
Djibouti,DJI,1917,154.05127
Djibouti,DJI,1918,154.16025
Djibouti,DJI,1919,154.26889
Djibouti,DJI,1920,154.37747
Djibouti,DJI,1921,154.48584
Djibouti,DJI,1922,154.59306
Djibouti,DJI,1923,154.69785
Djibouti,DJI,1924,154.80093
Djibouti,DJI,1925,154.90388
Djibouti,DJI,1926,155.00713
Djibouti,DJI,1927,155.11044
Djibouti,DJI,1928,155.21489
Djibouti,DJI,1929,155.3203
Djibouti,DJI,1930,155.42606
Djibouti,DJI,1931,155.53128
Djibouti,DJI,1932,155.63657
Djibouti,DJI,1933,155.74255
Djibouti,DJI,1934,155.8501
Djibouti,DJI,1935,155.95898
Djibouti,DJI,1936,156.0685
Djibouti,DJI,1937,156.17813
Djibouti,DJI,1938,156.28674
Djibouti,DJI,1939,156.39442
Djibouti,DJI,1940,156.49991
Djibouti,DJI,1941,156.60283
Djibouti,DJI,1942,156.7032
Djibouti,DJI,1943,156.80191
Djibouti,DJI,1944,156.89928
Djibouti,DJI,1945,156.99477
Djibouti,DJI,1946,157.08864
Djibouti,DJI,1947,157.18152
Djibouti,DJI,1948,157.27203
Djibouti,DJI,1949,157.36029
Djibouti,DJI,1950,157.44759
Djibouti,DJI,1951,157.53242
Djibouti,DJI,1952,157.61311
Djibouti,DJI,1953,157.68867
Djibouti,DJI,1954,157.75795
Djibouti,DJI,1955,157.8205
Djibouti,DJI,1956,157.8763
Djibouti,DJI,1957,157.92525
Djibouti,DJI,1958,157.96826
Djibouti,DJI,1959,158.00473
Djibouti,DJI,1960,158.03432
Djibouti,DJI,1961,158.05705
Djibouti,DJI,1962,158.07236
Djibouti,DJI,1963,158.07909
Djibouti,DJI,1964,158.07596
Djibouti,DJI,1965,158.06339
Djibouti,DJI,1966,158.04213
Djibouti,DJI,1967,158.01312
Djibouti,DJI,1968,157.97691
Djibouti,DJI,1969,157.93405
Djibouti,DJI,1970,157.88483
Djibouti,DJI,1971,157.82944
Djibouti,DJI,1972,157.76944
Djibouti,DJI,1973,157.70613
Djibouti,DJI,1974,157.6405
Djibouti,DJI,1975,157.5722
Djibouti,DJI,1976,157.5009
Djibouti,DJI,1977,157.42691
Djibouti,DJI,1978,157.35062
Djibouti,DJI,1979,157.27232
Djibouti,DJI,1980,157.19414
Djibouti,DJI,1981,157.11743
Djibouti,DJI,1982,157.04369
Djibouti,DJI,1983,156.97319
Djibouti,DJI,1984,156.90532
Djibouti,DJI,1985,156.8388
Djibouti,DJI,1986,156.77325
Djibouti,DJI,1987,156.70723
Djibouti,DJI,1988,156.64044
Djibouti,DJI,1989,156.57387
Djibouti,DJI,1990,156.50696
Djibouti,DJI,1991,156.44102
Djibouti,DJI,1992,156.37563
Djibouti,DJI,1993,156.3104
Djibouti,DJI,1994,156.24506
Djibouti,DJI,1995,156.17955
Djibouti,DJI,1996,156.11378
Dominica,DMA,1896,152.81165
Dominica,DMA,1897,153.00795
Dominica,DMA,1898,153.2044
Dominica,DMA,1899,153.40096
Dominica,DMA,1900,153.59721
Dominica,DMA,1901,153.793
Dominica,DMA,1902,153.98842
Dominica,DMA,1903,154.183
Dominica,DMA,1904,154.37625
Dominica,DMA,1905,154.56839
Dominica,DMA,1906,154.75941
Dominica,DMA,1907,154.94928
Dominica,DMA,1908,155.13843
Dominica,DMA,1909,155.32664
Dominica,DMA,1910,155.51468
Dominica,DMA,1911,155.70331
Dominica,DMA,1912,155.89291
Dominica,DMA,1913,156.08412
Dominica,DMA,1914,156.2765
Dominica,DMA,1915,156.47046
Dominica,DMA,1916,156.66588
Dominica,DMA,1917,156.86304
Dominica,DMA,1918,157.06125
Dominica,DMA,1919,157.25998
Dominica,DMA,1920,157.45929
Dominica,DMA,1921,157.6578
Dominica,DMA,1922,157.85458
Dominica,DMA,1923,158.04861
Dominica,DMA,1924,158.23973
Dominica,DMA,1925,158.42865
Dominica,DMA,1926,158.61533
Dominica,DMA,1927,158.80014
Dominica,DMA,1928,158.98274
Dominica,DMA,1929,159.16327
Dominica,DMA,1930,159.3408
Dominica,DMA,1931,159.51404
Dominica,DMA,1932,159.68266
Dominica,DMA,1933,159.84775
Dominica,DMA,1934,160.01059
Dominica,DMA,1935,160.17152
Dominica,DMA,1936,160.33109
Dominica,DMA,1937,160.48871
Dominica,DMA,1938,160.64401
Dominica,DMA,1939,160.79613
Dominica,DMA,1940,160.94473
Dominica,DMA,1941,161.0892
Dominica,DMA,1942,161.22997
Dominica,DMA,1943,161.36876
Dominica,DMA,1944,161.50578
Dominica,DMA,1945,161.6415
Dominica,DMA,1946,161.77591
Dominica,DMA,1947,161.90884
Dominica,DMA,1948,162.03975
Dominica,DMA,1949,162.16849
Dominica,DMA,1950,162.29437
Dominica,DMA,1951,162.41664
Dominica,DMA,1952,162.5345
Dominica,DMA,1953,162.64732
Dominica,DMA,1954,162.75502
Dominica,DMA,1955,162.85817
Dominica,DMA,1956,162.95695
Dominica,DMA,1957,163.0517
Dominica,DMA,1958,163.14299
Dominica,DMA,1959,163.23079
Dominica,DMA,1960,163.31519
Dominica,DMA,1961,163.39633
Dominica,DMA,1962,163.47365
Dominica,DMA,1963,163.54597
Dominica,DMA,1964,163.6117
Dominica,DMA,1965,163.6703
Dominica,DMA,1966,163.7217
Dominica,DMA,1967,163.76709
Dominica,DMA,1968,163.80742
Dominica,DMA,1969,163.84369
Dominica,DMA,1970,163.8764
Dominica,DMA,1971,163.907
Dominica,DMA,1972,163.93646
Dominica,DMA,1973,163.96494
Dominica,DMA,1974,163.99338
Dominica,DMA,1975,164.0205
Dominica,DMA,1976,164.04565
Dominica,DMA,1977,164.06856
Dominica,DMA,1978,164.09
Dominica,DMA,1979,164.11021
Dominica,DMA,1980,164.13098
Dominica,DMA,1981,164.15256
Dominica,DMA,1982,164.175
Dominica,DMA,1983,164.19847
Dominica,DMA,1984,164.2219
Dominica,DMA,1985,164.24414
Dominica,DMA,1986,164.26407
Dominica,DMA,1987,164.2807
Dominica,DMA,1988,164.29344
Dominica,DMA,1989,164.30316
Dominica,DMA,1990,164.31023
Dominica,DMA,1991,164.31604
Dominica,DMA,1992,164.32146
Dominica,DMA,1993,164.32661
Dominica,DMA,1994,164.33206
Dominica,DMA,1995,164.33766
Dominica,DMA,1996,164.34338
Dominican Republic,DOM,1896,148.92467
Dominican Republic,DOM,1897,149.09573
Dominican Republic,DOM,1898,149.26715
Dominican Republic,DOM,1899,149.43864
Dominican Republic,DOM,1900,149.60988
Dominican Republic,DOM,1901,149.78062
Dominican Republic,DOM,1902,149.9509
Dominican Republic,DOM,1903,150.12035
Dominican Republic,DOM,1904,150.28844
Dominican Republic,DOM,1905,150.45515
Dominican Republic,DOM,1906,150.62048
Dominican Republic,DOM,1907,150.7843
Dominican Republic,DOM,1908,150.9472
Dominican Republic,DOM,1909,151.10918
Dominican Republic,DOM,1910,151.27078
Dominican Republic,DOM,1911,151.43268
Dominican Republic,DOM,1912,151.59532
Dominican Republic,DOM,1913,151.7595
Dominican Republic,DOM,1914,151.92499
Dominican Republic,DOM,1915,152.09192
Dominican Republic,DOM,1916,152.26047
Dominican Republic,DOM,1917,152.43073
Dominican Republic,DOM,1918,152.60194
Dominican Republic,DOM,1919,152.77335
Dominican Republic,DOM,1920,152.94508
Dominican Republic,DOM,1921,153.1158
Dominican Republic,DOM,1922,153.28412
Dominican Republic,DOM,1923,153.44942
Dominican Republic,DOM,1924,153.6116
Dominican Republic,DOM,1925,153.77165
Dominican Republic,DOM,1926,153.92902
Dominican Republic,DOM,1927,154.08444
Dominican Republic,DOM,1928,154.23732
Dominican Republic,DOM,1929,154.38766
Dominican Republic,DOM,1930,154.53459
Dominican Republic,DOM,1931,154.67725
Dominican Republic,DOM,1932,154.81465
Dominican Republic,DOM,1933,154.94818
Dominican Republic,DOM,1934,155.07909
Dominican Republic,DOM,1935,155.20798
Dominican Republic,DOM,1936,155.33514
Dominican Republic,DOM,1937,155.46005
Dominican Republic,DOM,1938,155.58212
Dominican Republic,DOM,1939,155.7001
Dominican Republic,DOM,1940,155.81392
Dominican Republic,DOM,1941,155.92348
Dominican Republic,DOM,1942,156.02869
Dominican Republic,DOM,1943,156.13132
Dominican Republic,DOM,1944,156.2317
Dominican Republic,DOM,1945,156.33037
Dominican Republic,DOM,1946,156.42755
Dominican Republic,DOM,1947,156.52289
Dominican Republic,DOM,1948,156.6159
Dominican Republic,DOM,1949,156.70612
Dominican Republic,DOM,1950,156.79314
Dominican Republic,DOM,1951,156.8763
Dominican Republic,DOM,1952,156.95444
Dominican Republic,DOM,1953,157.02766
Dominican Republic,DOM,1954,157.09573
Dominican Republic,DOM,1955,157.15921
Dominican Republic,DOM,1956,157.21869
Dominican Republic,DOM,1957,157.27426
Dominican Republic,DOM,1958,157.3268
Dominican Republic,DOM,1959,157.37683
Dominican Republic,DOM,1960,157.42433
Dominican Republic,DOM,1961,157.46947
Dominican Republic,DOM,1962,157.51216
Dominican Republic,DOM,1963,157.55121
Dominican Republic,DOM,1964,157.5859
Dominican Republic,DOM,1965,157.61572
Dominican Republic,DOM,1966,157.64107
Dominican Republic,DOM,1967,157.66344
Dominican Republic,DOM,1968,157.68404
Dominican Republic,DOM,1969,157.70427
Dominican Republic,DOM,1970,157.72525
Dominican Republic,DOM,1971,157.7485
Dominican Republic,DOM,1972,157.77509
Dominican Republic,DOM,1973,157.80568
Dominican Republic,DOM,1974,157.84079
Dominican Republic,DOM,1975,157.87938
Dominican Republic,DOM,1976,157.92035
Dominican Republic,DOM,1977,157.9632
Dominican Republic,DOM,1978,158.00783
Dominican Republic,DOM,1979,158.05423
Dominican Republic,DOM,1980,158.10393
Dominican Republic,DOM,1981,158.15723
Dominican Republic,DOM,1982,158.21399
Dominican Republic,DOM,1983,158.27422
Dominican Republic,DOM,1984,158.33678
Dominican Republic,DOM,1985,158.40044
Dominican Republic,DOM,1986,158.46329
Dominican Republic,DOM,1987,158.52461
Dominican Republic,DOM,1988,158.58334
Dominican Republic,DOM,1989,158.64008
Dominican Republic,DOM,1990,158.69542
Dominican Republic,DOM,1991,158.75015
Dominican Republic,DOM,1992,158.80533
Dominican Republic,DOM,1993,158.86075
Dominican Republic,DOM,1994,158.91634
Dominican Republic,DOM,1995,158.972
Dominican Republic,DOM,1996,159.0276
East Asia and Pacific,,1896,149.7197
East Asia and Pacific,,1897,149.8585
East Asia and Pacific,,1898,149.9976
East Asia and Pacific,,1899,150.1368
East Asia and Pacific,,1900,150.2757
East Asia and Pacific,,1901,150.4139
East Asia and Pacific,,1902,150.5514
East Asia and Pacific,,1903,150.6872
East Asia and Pacific,,1904,150.8211
East Asia and Pacific,,1905,150.9531
East Asia and Pacific,,1906,151.083
East Asia and Pacific,,1907,151.2107
East Asia and Pacific,,1908,151.3363
East Asia and Pacific,,1909,151.46
East Asia and Pacific,,1910,151.5824
East Asia and Pacific,,1911,151.7041
East Asia and Pacific,,1912,151.8257
East Asia and Pacific,,1913,151.9472
East Asia and Pacific,,1914,152.0688
East Asia and Pacific,,1915,152.1908
East Asia and Pacific,,1916,152.3134
East Asia and Pacific,,1917,152.4368
East Asia and Pacific,,1918,152.5609
East Asia and Pacific,,1919,152.6854
East Asia and Pacific,,1920,152.8107
East Asia and Pacific,,1921,152.9365
East Asia and Pacific,,1922,153.0626
East Asia and Pacific,,1923,153.1886
East Asia and Pacific,,1924,153.315
East Asia and Pacific,,1925,153.4435
East Asia and Pacific,,1926,153.5746
East Asia and Pacific,,1927,153.7072
East Asia and Pacific,,1928,153.8412
East Asia and Pacific,,1929,153.9759
East Asia and Pacific,,1930,154.1105
East Asia and Pacific,,1931,154.2433
East Asia and Pacific,,1932,154.3744
East Asia and Pacific,,1933,154.5047
East Asia and Pacific,,1934,154.6348
East Asia and Pacific,,1935,154.7651
East Asia and Pacific,,1936,154.8952
East Asia and Pacific,,1937,155.0243
East Asia and Pacific,,1938,155.1517
East Asia and Pacific,,1939,155.2762
East Asia and Pacific,,1940,155.3972
East Asia and Pacific,,1941,155.5148
East Asia and Pacific,,1942,155.6296
East Asia and Pacific,,1943,155.7429
East Asia and Pacific,,1944,155.8555
East Asia and Pacific,,1945,155.9674
East Asia and Pacific,,1946,156.0785
East Asia and Pacific,,1947,156.1882
East Asia and Pacific,,1948,156.2956
East Asia and Pacific,,1949,156.4004
East Asia and Pacific,,1950,156.5026
East Asia and Pacific,,1951,156.6018
East Asia and Pacific,,1952,156.6969
East Asia and Pacific,,1953,156.7878
East Asia and Pacific,,1954,156.8742
East Asia and Pacific,,1955,156.9562
East Asia and Pacific,,1956,157.0336
East Asia and Pacific,,1957,157.1073
East Asia and Pacific,,1958,157.1777
East Asia and Pacific,,1959,157.245
East Asia and Pacific,,1960,157.3095
East Asia and Pacific,,1961,157.3713
East Asia and Pacific,,1962,157.4299
East Asia and Pacific,,1963,157.4841
East Asia and Pacific,,1964,157.5326
East Asia and Pacific,,1965,157.5752
East Asia and Pacific,,1966,157.6126
East Asia and Pacific,,1967,157.646
East Asia and Pacific,,1968,157.6754
East Asia and Pacific,,1969,157.7006
East Asia and Pacific,,1970,157.7219
East Asia and Pacific,,1971,157.7394
East Asia and Pacific,,1972,157.7534
East Asia and Pacific,,1973,157.7643
East Asia and Pacific,,1974,157.7728
East Asia and Pacific,,1975,157.7782
East Asia and Pacific,,1976,157.7804
East Asia and Pacific,,1977,157.7788
East Asia and Pacific,,1978,157.7739
East Asia and Pacific,,1979,157.7664
East Asia and Pacific,,1980,157.758
East Asia and Pacific,,1981,157.7494
East Asia and Pacific,,1982,157.7415
East Asia and Pacific,,1983,157.7345
East Asia and Pacific,,1984,157.728
East Asia and Pacific,,1985,157.7216
East Asia and Pacific,,1986,157.7147
East Asia and Pacific,,1987,157.7066
East Asia and Pacific,,1988,157.6972
East Asia and Pacific,,1989,157.6872
East Asia and Pacific,,1990,157.6764
East Asia and Pacific,,1991,157.666
East Asia and Pacific,,1992,157.656
East Asia and Pacific,,1993,157.6467
East Asia and Pacific,,1994,157.6375
East Asia and Pacific,,1995,157.6283
East Asia and Pacific,,1996,157.6193
East Timor,TLS,1896,144.84474
East Timor,TLS,1897,144.96054
East Timor,TLS,1898,145.07663
East Timor,TLS,1899,145.19289
East Timor,TLS,1900,145.30882
East Timor,TLS,1901,145.42406
East Timor,TLS,1902,145.53885
East Timor,TLS,1903,145.65227
East Timor,TLS,1904,145.76399
East Timor,TLS,1905,145.87416
East Timor,TLS,1906,145.98257
East Timor,TLS,1907,146.08893
East Timor,TLS,1908,146.19406
East Timor,TLS,1909,146.2976
East Timor,TLS,1910,146.40056
East Timor,TLS,1911,146.50323
East Timor,TLS,1912,146.60634
East Timor,TLS,1913,146.71019
East Timor,TLS,1914,146.81477
East Timor,TLS,1915,146.92046
East Timor,TLS,1916,147.02809
East Timor,TLS,1917,147.13814
East Timor,TLS,1918,147.25064
East Timor,TLS,1919,147.36575
East Timor,TLS,1920,147.48428
East Timor,TLS,1921,147.60622
East Timor,TLS,1922,147.73154
East Timor,TLS,1923,147.86002
East Timor,TLS,1924,147.9921
East Timor,TLS,1925,148.13026
East Timor,TLS,1926,148.27444
East Timor,TLS,1927,148.42274
East Timor,TLS,1928,148.57437
East Timor,TLS,1929,148.72806
East Timor,TLS,1930,148.88277
East Timor,TLS,1931,149.03711
East Timor,TLS,1932,149.19171
East Timor,TLS,1933,149.347
East Timor,TLS,1934,149.50394
East Timor,TLS,1935,149.66203
East Timor,TLS,1936,149.82018
East Timor,TLS,1937,149.97708
East Timor,TLS,1938,150.13094
East Timor,TLS,1939,150.28014
East Timor,TLS,1940,150.4237
East Timor,TLS,1941,150.5622
East Timor,TLS,1942,150.69644
East Timor,TLS,1943,150.82808
East Timor,TLS,1944,150.95833
East Timor,TLS,1945,151.08647
East Timor,TLS,1946,151.21208
East Timor,TLS,1947,151.33354
East Timor,TLS,1948,151.44995
East Timor,TLS,1949,151.56041
East Timor,TLS,1950,151.664
East Timor,TLS,1951,151.75941
East Timor,TLS,1952,151.84518
East Timor,TLS,1953,151.92084
East Timor,TLS,1954,151.98595
East Timor,TLS,1955,152.04065
East Timor,TLS,1956,152.08536
East Timor,TLS,1957,152.12064
East Timor,TLS,1958,152.14763
East Timor,TLS,1959,152.1674
East Timor,TLS,1960,152.18126
East Timor,TLS,1961,152.18945
East Timor,TLS,1962,152.19235
East Timor,TLS,1963,152.18901
East Timor,TLS,1964,152.17912
East Timor,TLS,1965,152.16347
East Timor,TLS,1966,152.14374
East Timor,TLS,1967,152.12189
East Timor,TLS,1968,152.09769
East Timor,TLS,1969,152.07088
East Timor,TLS,1970,152.04135
East Timor,TLS,1971,152.00931
East Timor,TLS,1972,151.97495
East Timor,TLS,1973,151.93909
East Timor,TLS,1974,151.90218
East Timor,TLS,1975,151.86386
East Timor,TLS,1976,151.82454
East Timor,TLS,1977,151.78386
East Timor,TLS,1978,151.74173
East Timor,TLS,1979,151.69884
East Timor,TLS,1980,151.65645
East Timor,TLS,1981,151.61545
East Timor,TLS,1982,151.57652
East Timor,TLS,1983,151.53937
East Timor,TLS,1984,151.50389
East Timor,TLS,1985,151.4695
East Timor,TLS,1986,151.43597
East Timor,TLS,1987,151.40266
East Timor,TLS,1988,151.36966
East Timor,TLS,1989,151.33755
East Timor,TLS,1990,151.3063
East Timor,TLS,1991,151.27664
East Timor,TLS,1992,151.24875
East Timor,TLS,1993,151.22296
East Timor,TLS,1994,151.19852
East Timor,TLS,1995,151.17455
East Timor,TLS,1996,151.15083
Ecuador,ECU,1896,143.00137
Ecuador,ECU,1897,143.17207
Ecuador,ECU,1898,143.34303
Ecuador,ECU,1899,143.51396
Ecuador,ECU,1900,143.6846
Ecuador,ECU,1901,143.85544
Ecuador,ECU,1902,144.02573
Ecuador,ECU,1903,144.19551
Ecuador,ECU,1904,144.3641
Ecuador,ECU,1905,144.53192
Ecuador,ECU,1906,144.69862
Ecuador,ECU,1907,144.86456
Ecuador,ECU,1908,145.02979
Ecuador,ECU,1909,145.19421
Ecuador,ECU,1910,145.35855
Ecuador,ECU,1911,145.52364
Ecuador,ECU,1912,145.68997
Ecuador,ECU,1913,145.85791
Ecuador,ECU,1914,146.02742
Ecuador,ECU,1915,146.19893
Ecuador,ECU,1916,146.3722
Ecuador,ECU,1917,146.54762
Ecuador,ECU,1918,146.72476
Ecuador,ECU,1919,146.90295
Ecuador,ECU,1920,147.08176
Ecuador,ECU,1921,147.2601
Ecuador,ECU,1922,147.43729
Ecuador,ECU,1923,147.61241
Ecuador,ECU,1924,147.78607
Ecuador,ECU,1925,147.9588
Ecuador,ECU,1926,148.13072
Ecuador,ECU,1927,148.3021
Ecuador,ECU,1928,148.47293
Ecuador,ECU,1929,148.6429
Ecuador,ECU,1930,148.81071
Ecuador,ECU,1931,148.97485
Ecuador,ECU,1932,149.13507
Ecuador,ECU,1933,149.29225
Ecuador,ECU,1934,149.44762
Ecuador,ECU,1935,149.60146
Ecuador,ECU,1936,149.75461
Ecuador,ECU,1937,149.90625
Ecuador,ECU,1938,150.05568
Ecuador,ECU,1939,150.20204
Ecuador,ECU,1940,150.34456
Ecuador,ECU,1941,150.48282
Ecuador,ECU,1942,150.61647
Ecuador,ECU,1943,150.7474
Ecuador,ECU,1944,150.87572
Ecuador,ECU,1945,151.00162
Ecuador,ECU,1946,151.12581
Ecuador,ECU,1947,151.24799
Ecuador,ECU,1948,151.36711
Ecuador,ECU,1949,151.48323
Ecuador,ECU,1950,151.59578
Ecuador,ECU,1951,151.70398
Ecuador,ECU,1952,151.80676
Ecuador,ECU,1953,151.90454
Ecuador,ECU,1954,151.99692
Ecuador,ECU,1955,152.08456
Ecuador,ECU,1956,152.16786
Ecuador,ECU,1957,152.24715
Ecuador,ECU,1958,152.32285
Ecuador,ECU,1959,152.39523
Ecuador,ECU,1960,152.46463
Ecuador,ECU,1961,152.53122
Ecuador,ECU,1962,152.59476
Ecuador,ECU,1963,152.65413
Ecuador,ECU,1964,152.708
Ecuador,ECU,1965,152.7562
Ecuador,ECU,1966,152.79958
Ecuador,ECU,1967,152.8389
Ecuador,ECU,1968,152.87471
Ecuador,ECU,1969,152.90869
Ecuador,ECU,1970,152.94122
Ecuador,ECU,1971,152.97362
Ecuador,ECU,1972,153.00691
Ecuador,ECU,1973,153.04199
Ecuador,ECU,1974,153.07938
Ecuador,ECU,1975,153.11832
Ecuador,ECU,1976,153.15788
Ecuador,ECU,1977,153.19847
Ecuador,ECU,1978,153.24022
Ecuador,ECU,1979,153.28398
Ecuador,ECU,1980,153.33131
Ecuador,ECU,1981,153.38243
Ecuador,ECU,1982,153.43785
Ecuador,ECU,1983,153.49692
Ecuador,ECU,1984,153.55833
Ecuador,ECU,1985,153.62054
Ecuador,ECU,1986,153.68188
Ecuador,ECU,1987,153.74205
Ecuador,ECU,1988,153.79993
Ecuador,ECU,1989,153.85606
Ecuador,ECU,1990,153.91039
Ecuador,ECU,1991,153.9644
Ecuador,ECU,1992,154.01855
Ecuador,ECU,1993,154.07228
Ecuador,ECU,1994,154.12576
Ecuador,ECU,1995,154.17972
Ecuador,ECU,1996,154.23355
Egypt,EGY,1896,148.71548
Egypt,EGY,1897,148.90446
Egypt,EGY,1898,149.09361
Egypt,EGY,1899,149.2827
Egypt,EGY,1900,149.47159
Egypt,EGY,1901,149.65997
Egypt,EGY,1902,149.84792
Egypt,EGY,1903,150.035
Egypt,EGY,1904,150.22096
Egypt,EGY,1905,150.40578
Egypt,EGY,1906,150.58974
Egypt,EGY,1907,150.7731
Egypt,EGY,1908,150.95578
Egypt,EGY,1909,151.1382
Egypt,EGY,1910,151.32037
Egypt,EGY,1911,151.50307
Egypt,EGY,1912,151.68622
Egypt,EGY,1913,151.87047
Egypt,EGY,1914,152.05548
Egypt,EGY,1915,152.24173
Egypt,EGY,1916,152.42926
Egypt,EGY,1917,152.61826
Egypt,EGY,1918,152.80887
Egypt,EGY,1919,152.99997
Egypt,EGY,1920,153.1915
Egypt,EGY,1921,153.38226
Egypt,EGY,1922,153.57219
Egypt,EGY,1923,153.76048
Egypt,EGY,1924,153.94725
Egypt,EGY,1925,154.13353
Egypt,EGY,1926,154.31877
Egypt,EGY,1927,154.50305
Egypt,EGY,1928,154.68636
Egypt,EGY,1929,154.86938
Egypt,EGY,1930,155.05261
Egypt,EGY,1931,155.23485
Egypt,EGY,1932,155.41661
Egypt,EGY,1933,155.59816
Egypt,EGY,1934,155.78006
Egypt,EGY,1935,155.96155
Egypt,EGY,1936,156.14182
Egypt,EGY,1937,156.31993
Egypt,EGY,1938,156.49472
Egypt,EGY,1939,156.66635
Egypt,EGY,1940,156.834
Egypt,EGY,1941,156.99727
Egypt,EGY,1942,157.15573
Egypt,EGY,1943,157.31021
Egypt,EGY,1944,157.46095
Egypt,EGY,1945,157.60756
Egypt,EGY,1946,157.74966
Egypt,EGY,1947,157.88623
Egypt,EGY,1948,158.01591
Egypt,EGY,1949,158.13885
Egypt,EGY,1950,158.25487
Egypt,EGY,1951,158.36417
Egypt,EGY,1952,158.46535
Egypt,EGY,1953,158.55849
Egypt,EGY,1954,158.64354
Egypt,EGY,1955,158.72041
Egypt,EGY,1956,158.78807
Egypt,EGY,1957,158.84789
Egypt,EGY,1958,158.90051
Egypt,EGY,1959,158.94499
Egypt,EGY,1960,158.98225
Egypt,EGY,1961,159.0124
Egypt,EGY,1962,159.03473
Egypt,EGY,1963,159.04819
Egypt,EGY,1964,159.05275
Egypt,EGY,1965,159.04846
Egypt,EGY,1966,159.03749
Egypt,EGY,1967,159.0212
Egypt,EGY,1968,158.99947
Egypt,EGY,1969,158.9719
Egypt,EGY,1970,158.93777
Egypt,EGY,1971,158.89752
Egypt,EGY,1972,158.85162
Egypt,EGY,1973,158.8012
Egypt,EGY,1974,158.74866
Egypt,EGY,1975,158.69322
Egypt,EGY,1976,158.6354
Egypt,EGY,1977,158.57407
Egypt,EGY,1978,158.50989
Egypt,EGY,1979,158.4436
Egypt,EGY,1980,158.37695
Egypt,EGY,1981,158.31114
Egypt,EGY,1982,158.24768
Egypt,EGY,1983,158.18686
Egypt,EGY,1984,158.12787
Egypt,EGY,1985,158.07045
Egypt,EGY,1986,158.01338
Egypt,EGY,1987,157.95525
Egypt,EGY,1988,157.8946
Egypt,EGY,1989,157.83092
Egypt,EGY,1990,157.76366
Egypt,EGY,1991,157.69455
Egypt,EGY,1992,157.62349
Egypt,EGY,1993,157.55118
Egypt,EGY,1994,157.47688
Egypt,EGY,1995,157.40187
Egypt,EGY,1996,157.32681
El Salvador,SLV,1896,141.20993
El Salvador,SLV,1897,141.42099
El Salvador,SLV,1898,141.63223
El Salvador,SLV,1899,141.8435
El Salvador,SLV,1900,142.05441
El Salvador,SLV,1901,142.26518
El Salvador,SLV,1902,142.4753
El Salvador,SLV,1903,142.68443
El Salvador,SLV,1904,142.8923
El Salvador,SLV,1905,143.09941
El Salvador,SLV,1906,143.30571
El Salvador,SLV,1907,143.51115
El Salvador,SLV,1908,143.71591
El Salvador,SLV,1909,143.92004
El Salvador,SLV,1910,144.12437
El Salvador,SLV,1911,144.32953
El Salvador,SLV,1912,144.53625
El Salvador,SLV,1913,144.74493
El Salvador,SLV,1914,144.95564
El Salvador,SLV,1915,145.16873
El Salvador,SLV,1916,145.38419
El Salvador,SLV,1917,145.60211
El Salvador,SLV,1918,145.82214
El Salvador,SLV,1919,146.04364
El Salvador,SLV,1920,146.26614
El Salvador,SLV,1921,146.48854
El Salvador,SLV,1922,146.70938
El Salvador,SLV,1923,146.92781
El Salvador,SLV,1924,147.14369
El Salvador,SLV,1925,147.35776
El Salvador,SLV,1926,147.56992
El Salvador,SLV,1927,147.78035
El Salvador,SLV,1928,147.98877
El Salvador,SLV,1929,148.19533
El Salvador,SLV,1930,148.39914
El Salvador,SLV,1931,148.59882
El Salvador,SLV,1932,148.79326
El Salvador,SLV,1933,148.98338
El Salvador,SLV,1934,149.17072
El Salvador,SLV,1935,149.35542
El Salvador,SLV,1936,149.53842
El Salvador,SLV,1937,149.71912
El Salvador,SLV,1938,149.89717
El Salvador,SLV,1939,150.07112
El Salvador,SLV,1940,150.24051
El Salvador,SLV,1941,150.4047
El Salvador,SLV,1942,150.56377
El Salvador,SLV,1943,150.71892
El Salvador,SLV,1944,150.87064
El Salvador,SLV,1945,151.0196
El Salvador,SLV,1946,151.16666
El Salvador,SLV,1947,151.31163
El Salvador,SLV,1948,151.45412
El Salvador,SLV,1949,151.59386
El Salvador,SLV,1950,151.73009
El Salvador,SLV,1951,151.86182
El Salvador,SLV,1952,151.98807
El Salvador,SLV,1953,152.10855
El Salvador,SLV,1954,152.22256
El Salvador,SLV,1955,152.33044
El Salvador,SLV,1956,152.43217
El Salvador,SLV,1957,152.52852
El Salvador,SLV,1958,152.61934
El Salvador,SLV,1959,152.70468
El Salvador,SLV,1960,152.78455
El Salvador,SLV,1961,152.85936
El Salvador,SLV,1962,152.92964
El Salvador,SLV,1963,152.99419
El Salvador,SLV,1964,153.05244
El Salvador,SLV,1965,153.10397
El Salvador,SLV,1966,153.14897
El Salvador,SLV,1967,153.18849
El Salvador,SLV,1968,153.22331
El Salvador,SLV,1969,153.25554
El Salvador,SLV,1970,153.2853
El Salvador,SLV,1971,153.3142
El Salvador,SLV,1972,153.34328
El Salvador,SLV,1973,153.37288
El Salvador,SLV,1974,153.40417
El Salvador,SLV,1975,153.43626
El Salvador,SLV,1976,153.46864
El Salvador,SLV,1977,153.50157
El Salvador,SLV,1978,153.53596
El Salvador,SLV,1979,153.57254
El Salvador,SLV,1980,153.61284
El Salvador,SLV,1981,153.65768
El Salvador,SLV,1982,153.70853
El Salvador,SLV,1983,153.76463
El Salvador,SLV,1984,153.82498
El Salvador,SLV,1985,153.88773
El Salvador,SLV,1986,153.951
El Salvador,SLV,1987,154.01372
El Salvador,SLV,1988,154.0748
El Salvador,SLV,1989,154.13475
El Salvador,SLV,1990,154.19353
El Salvador,SLV,1991,154.25238
El Salvador,SLV,1992,154.31177
El Salvador,SLV,1993,154.37108
El Salvador,SLV,1994,154.43033
El Salvador,SLV,1995,154.48964
El Salvador,SLV,1996,154.54884
Equatorial Guinea,GNQ,1896,152.61037
Equatorial Guinea,GNQ,1897,152.71529
Equatorial Guinea,GNQ,1898,152.82033
Equatorial Guinea,GNQ,1899,152.92554
Equatorial Guinea,GNQ,1900,153.03009
Equatorial Guinea,GNQ,1901,153.13446
Equatorial Guinea,GNQ,1902,153.23865
Equatorial Guinea,GNQ,1903,153.34167
Equatorial Guinea,GNQ,1904,153.44351
Equatorial Guinea,GNQ,1905,153.54468
Equatorial Guinea,GNQ,1906,153.64508
Equatorial Guinea,GNQ,1907,153.74449
Equatorial Guinea,GNQ,1908,153.84277
Equatorial Guinea,GNQ,1909,153.94019
Equatorial Guinea,GNQ,1910,154.03745
Equatorial Guinea,GNQ,1911,154.13556
Equatorial Guinea,GNQ,1912,154.23535
Equatorial Guinea,GNQ,1913,154.33646
Equatorial Guinea,GNQ,1914,154.43907
Equatorial Guinea,GNQ,1915,154.54341
Equatorial Guinea,GNQ,1916,154.64941
Equatorial Guinea,GNQ,1917,154.75755
Equatorial Guinea,GNQ,1918,154.86717
Equatorial Guinea,GNQ,1919,154.97784
Equatorial Guinea,GNQ,1920,155.08957
Equatorial Guinea,GNQ,1921,155.20178
Equatorial Guinea,GNQ,1922,155.3142
Equatorial Guinea,GNQ,1923,155.4256
Equatorial Guinea,GNQ,1924,155.53659
Equatorial Guinea,GNQ,1925,155.64886
Equatorial Guinea,GNQ,1926,155.76257
Equatorial Guinea,GNQ,1927,155.87769
Equatorial Guinea,GNQ,1928,155.99492
Equatorial Guinea,GNQ,1929,156.11444
Equatorial Guinea,GNQ,1930,156.23541
Equatorial Guinea,GNQ,1931,156.35703
Equatorial Guinea,GNQ,1932,156.47983
Equatorial Guinea,GNQ,1933,156.60439
Equatorial Guinea,GNQ,1934,156.73087
Equatorial Guinea,GNQ,1935,156.8595
Equatorial Guinea,GNQ,1936,156.98993
Equatorial Guinea,GNQ,1937,157.1213
Equatorial Guinea,GNQ,1938,157.25261
Equatorial Guinea,GNQ,1939,157.38365
Equatorial Guinea,GNQ,1940,157.51321
Equatorial Guinea,GNQ,1941,157.64107
Equatorial Guinea,GNQ,1942,157.76683
Equatorial Guinea,GNQ,1943,157.8912
Equatorial Guinea,GNQ,1944,158.01443
Equatorial Guinea,GNQ,1945,158.13605
Equatorial Guinea,GNQ,1946,158.25522
Equatorial Guinea,GNQ,1947,158.37181
Equatorial Guinea,GNQ,1948,158.48466
Equatorial Guinea,GNQ,1949,158.59315
Equatorial Guinea,GNQ,1950,158.69743
Equatorial Guinea,GNQ,1951,158.79646
Equatorial Guinea,GNQ,1952,158.88847
Equatorial Guinea,GNQ,1953,158.97276
Equatorial Guinea,GNQ,1954,159.0483
Equatorial Guinea,GNQ,1955,159.11528
Equatorial Guinea,GNQ,1956,159.17346
Equatorial Guinea,GNQ,1957,159.22353
Equatorial Guinea,GNQ,1958,159.26674
Equatorial Guinea,GNQ,1959,159.30307
Equatorial Guinea,GNQ,1960,159.33284
Equatorial Guinea,GNQ,1961,159.356
Equatorial Guinea,GNQ,1962,159.37279
Equatorial Guinea,GNQ,1963,159.38173
Equatorial Guinea,GNQ,1964,159.3826
Equatorial Guinea,GNQ,1965,159.37502
Equatorial Guinea,GNQ,1966,159.36034
Equatorial Guinea,GNQ,1967,159.33963
Equatorial Guinea,GNQ,1968,159.31306
Equatorial Guinea,GNQ,1969,159.281
Equatorial Guinea,GNQ,1970,159.24292
Equatorial Guinea,GNQ,1971,159.19908
Equatorial Guinea,GNQ,1972,159.14963
Equatorial Guinea,GNQ,1973,159.09488
Equatorial Guinea,GNQ,1974,159.03572
Equatorial Guinea,GNQ,1975,158.97215
Equatorial Guinea,GNQ,1976,158.90413
Equatorial Guinea,GNQ,1977,158.83153
Equatorial Guinea,GNQ,1978,158.7543
Equatorial Guinea,GNQ,1979,158.67317
Equatorial Guinea,GNQ,1980,158.59062
Equatorial Guinea,GNQ,1981,158.50821
Equatorial Guinea,GNQ,1982,158.42754
Equatorial Guinea,GNQ,1983,158.34933
Equatorial Guinea,GNQ,1984,158.27296
Equatorial Guinea,GNQ,1985,158.19728
Equatorial Guinea,GNQ,1986,158.12152
Equatorial Guinea,GNQ,1987,158.04446
Equatorial Guinea,GNQ,1988,157.9658
Equatorial Guinea,GNQ,1989,157.88618
Equatorial Guinea,GNQ,1990,157.80592
Equatorial Guinea,GNQ,1991,157.72606
Equatorial Guinea,GNQ,1992,157.64653
Equatorial Guinea,GNQ,1993,157.56676
Equatorial Guinea,GNQ,1994,157.48651
Equatorial Guinea,GNQ,1995,157.40637
Equatorial Guinea,GNQ,1996,157.32634
Eritrea,ERI,1896,152.1109
Eritrea,ERI,1897,152.22516
Eritrea,ERI,1898,152.33975
Eritrea,ERI,1899,152.45462
Eritrea,ERI,1900,152.56927
Eritrea,ERI,1901,152.68355
Eritrea,ERI,1902,152.79727
Eritrea,ERI,1903,152.90987
Eritrea,ERI,1904,153.02136
Eritrea,ERI,1905,153.13159
Eritrea,ERI,1906,153.24031
Eritrea,ERI,1907,153.3479
Eritrea,ERI,1908,153.45448
Eritrea,ERI,1909,153.56027
Eritrea,ERI,1910,153.66579
Eritrea,ERI,1911,153.77158
Eritrea,ERI,1912,153.87813
Eritrea,ERI,1913,153.98546
Eritrea,ERI,1914,154.09367
Eritrea,ERI,1915,154.20319
Eritrea,ERI,1916,154.31345
Eritrea,ERI,1917,154.42484
Eritrea,ERI,1918,154.53706
Eritrea,ERI,1919,154.6492
Eritrea,ERI,1920,154.76126
Eritrea,ERI,1921,154.8724
Eritrea,ERI,1922,154.98228
Eritrea,ERI,1923,155.08997
Eritrea,ERI,1924,155.19577
Eritrea,ERI,1925,155.30136
Eritrea,ERI,1926,155.40671
Eritrea,ERI,1927,155.51227
Eritrea,ERI,1928,155.6188
Eritrea,ERI,1929,155.7264
Eritrea,ERI,1930,155.83464
Eritrea,ERI,1931,155.94249
Eritrea,ERI,1932,156.05003
Eritrea,ERI,1933,156.15813
Eritrea,ERI,1934,156.26755
Eritrea,ERI,1935,156.37778
Eritrea,ERI,1936,156.48883
Eritrea,ERI,1937,156.59988
Eritrea,ERI,1938,156.71037
Eritrea,ERI,1939,156.81973
Eritrea,ERI,1940,156.9266
Eritrea,ERI,1941,157.03088
Eritrea,ERI,1942,157.1327
Eritrea,ERI,1943,157.23305
Eritrea,ERI,1944,157.3322
Eritrea,ERI,1945,157.4295
Eritrea,ERI,1946,157.52533
Eritrea,ERI,1947,157.6197
Eritrea,ERI,1948,157.71155
Eritrea,ERI,1949,157.8015
Eritrea,ERI,1950,157.89021
Eritrea,ERI,1951,157.97649
Eritrea,ERI,1952,158.05844
Eritrea,ERI,1953,158.1352
Eritrea,ERI,1954,158.20552
Eritrea,ERI,1955,158.26877
Eritrea,ERI,1956,158.32477
Eritrea,ERI,1957,158.37364
Eritrea,ERI,1958,158.41591
Eritrea,ERI,1959,158.45164
Eritrea,ERI,1960,158.48013
Eritrea,ERI,1961,158.50092
Eritrea,ERI,1962,158.51385
Eritrea,ERI,1963,158.51747
Eritrea,ERI,1964,158.51071
Eritrea,ERI,1965,158.49422
Eritrea,ERI,1966,158.46857
Eritrea,ERI,1967,158.43515
Eritrea,ERI,1968,158.39456
Eritrea,ERI,1969,158.34715
Eritrea,ERI,1970,158.29308
Eritrea,ERI,1971,158.2331
Eritrea,ERI,1972,158.16835
Eritrea,ERI,1973,158.09972
Eritrea,ERI,1974,158.02896
Eritrea,ERI,1975,157.95537
Eritrea,ERI,1976,157.87886
Eritrea,ERI,1977,157.7997
Eritrea,ERI,1978,157.71828
Eritrea,ERI,1979,157.635
Eritrea,ERI,1980,157.55136
Eritrea,ERI,1981,157.46909
Eritrea,ERI,1982,157.38982
Eritrea,ERI,1983,157.3136
Eritrea,ERI,1984,157.23985
Eritrea,ERI,1985,157.16759
Eritrea,ERI,1986,157.09625
Eritrea,ERI,1987,157.02458
Eritrea,ERI,1988,156.95267
Eritrea,ERI,1989,156.88098
Eritrea,ERI,1990,156.809
Eritrea,ERI,1991,156.73845
Eritrea,ERI,1992,156.66837
Eritrea,ERI,1993,156.59842
Eritrea,ERI,1994,156.52792
Eritrea,ERI,1995,156.45738
Eritrea,ERI,1996,156.38664
Estonia,EST,1896,156.47307
Estonia,EST,1897,156.64406
Estonia,EST,1898,156.81514
Estonia,EST,1899,156.98615
Estonia,EST,1900,157.15701
Estonia,EST,1901,157.3273
Estonia,EST,1902,157.49715
Estonia,EST,1903,157.66626
Estonia,EST,1904,157.83417
Estonia,EST,1905,158.00113
Estonia,EST,1906,158.16681
Estonia,EST,1907,158.33127
Estonia,EST,1908,158.49486
Estonia,EST,1909,158.65724
Estonia,EST,1910,158.81923
Estonia,EST,1911,158.98161
Estonia,EST,1912,159.14539
Estonia,EST,1913,159.3112
Estonia,EST,1914,159.47855
Estonia,EST,1915,159.64824
Estonia,EST,1916,159.8197
Estonia,EST,1917,159.99284
Estonia,EST,1918,160.1663
Estonia,EST,1919,160.33824
Estonia,EST,1920,160.50815
Estonia,EST,1921,160.67448
Estonia,EST,1922,160.83669
Estonia,EST,1923,160.99379
Estonia,EST,1924,161.1459
Estonia,EST,1925,161.2945
Estonia,EST,1926,161.44052
Estonia,EST,1927,161.58463
Estonia,EST,1928,161.7279
Estonia,EST,1929,161.87088
Estonia,EST,1930,162.01517
Estonia,EST,1931,162.15921
Estonia,EST,1932,162.30386
Estonia,EST,1933,162.44931
Estonia,EST,1934,162.59644
Estonia,EST,1935,162.74545
Estonia,EST,1936,162.8958
Estonia,EST,1937,163.04652
Estonia,EST,1938,163.19664
Estonia,EST,1939,163.34528
Estonia,EST,1940,163.49185
Estonia,EST,1941,163.63599
Estonia,EST,1942,163.7775
Estonia,EST,1943,163.9162
Estonia,EST,1944,164.05295
Estonia,EST,1945,164.18813
Estonia,EST,1946,164.32205
Estonia,EST,1947,164.4541
Estonia,EST,1948,164.58406
Estonia,EST,1949,164.71225
Estonia,EST,1950,164.8396
Estonia,EST,1951,164.96686
Estonia,EST,1952,165.09393
Estonia,EST,1953,165.22134
Estonia,EST,1954,165.3489
Estonia,EST,1955,165.47684
Estonia,EST,1956,165.60489
Estonia,EST,1957,165.73329
Estonia,EST,1958,165.8622
Estonia,EST,1959,165.99156
Estonia,EST,1960,166.12071
Estonia,EST,1961,166.24841
Estonia,EST,1962,166.37361
Estonia,EST,1963,166.49376
Estonia,EST,1964,166.60658
Estonia,EST,1965,166.71109
Estonia,EST,1966,166.80759
Estonia,EST,1967,166.89676
Estonia,EST,1968,166.97868
Estonia,EST,1969,167.05424
Estonia,EST,1970,167.12355
Estonia,EST,1971,167.18784
Estonia,EST,1972,167.24796
Estonia,EST,1973,167.30475
Estonia,EST,1974,167.35934
Estonia,EST,1975,167.41208
Estonia,EST,1976,167.463
Estonia,EST,1977,167.51183
Estonia,EST,1978,167.55963
Estonia,EST,1979,167.6073
Estonia,EST,1980,167.65709
Estonia,EST,1981,167.71004
Estonia,EST,1982,167.76634
Estonia,EST,1983,167.82674
Estonia,EST,1984,167.88998
Estonia,EST,1985,167.95494
Estonia,EST,1986,168.02087
Estonia,EST,1987,168.08694
Estonia,EST,1988,168.15184
Estonia,EST,1989,168.21582
Estonia,EST,1990,168.27936
Estonia,EST,1991,168.34332
Estonia,EST,1992,168.40816
Estonia,EST,1993,168.47398
Estonia,EST,1994,168.54
Estonia,EST,1995,168.60646
Estonia,EST,1996,168.67271
Eswatini,SWZ,1896,152.8583
Eswatini,SWZ,1897,152.96997
Eswatini,SWZ,1898,153.0818
Eswatini,SWZ,1899,153.19383
Eswatini,SWZ,1900,153.30551
Eswatini,SWZ,1901,153.41658
Eswatini,SWZ,1902,153.52713
Eswatini,SWZ,1903,153.6365
Eswatini,SWZ,1904,153.74435
Eswatini,SWZ,1905,153.85097
Eswatini,SWZ,1906,153.9565
Eswatini,SWZ,1907,154.06122
Eswatini,SWZ,1908,154.1649
Eswatini,SWZ,1909,154.26816
Eswatini,SWZ,1910,154.37128
Eswatini,SWZ,1911,154.47502
Eswatini,SWZ,1912,154.57957
Eswatini,SWZ,1913,154.68481
Eswatini,SWZ,1914,154.791
Eswatini,SWZ,1915,154.89857
Eswatini,SWZ,1916,155.00732
Eswatini,SWZ,1917,155.1172
Eswatini,SWZ,1918,155.22809
Eswatini,SWZ,1919,155.33905
Eswatini,SWZ,1920,155.4502
Eswatini,SWZ,1921,155.56061
Eswatini,SWZ,1922,155.66978
Eswatini,SWZ,1923,155.77696
Eswatini,SWZ,1924,155.88272
Eswatini,SWZ,1925,155.98856
Eswatini,SWZ,1926,156.09486
Eswatini,SWZ,1927,156.20163
Eswatini,SWZ,1928,156.30908
Eswatini,SWZ,1929,156.41713
Eswatini,SWZ,1930,156.52547
Eswatini,SWZ,1931,156.63327
Eswatini,SWZ,1932,156.74113
Eswatini,SWZ,1933,156.84961
Eswatini,SWZ,1934,156.95937
Eswatini,SWZ,1935,157.07019
Eswatini,SWZ,1936,157.1821
Eswatini,SWZ,1937,157.29494
Eswatini,SWZ,1938,157.40816
Eswatini,SWZ,1939,157.52129
Eswatini,SWZ,1940,157.63338
Eswatini,SWZ,1941,157.74454
Eswatini,SWZ,1942,157.85417
Eswatini,SWZ,1943,157.96387
Eswatini,SWZ,1944,158.07338
Eswatini,SWZ,1945,158.18292
Eswatini,SWZ,1946,158.29169
Eswatini,SWZ,1947,158.39984
Eswatini,SWZ,1948,158.50668
Eswatini,SWZ,1949,158.61208
Eswatini,SWZ,1950,158.71672
Eswatini,SWZ,1951,158.81999
Eswatini,SWZ,1952,158.91968
Eswatini,SWZ,1953,159.0154
Eswatini,SWZ,1954,159.10562
Eswatini,SWZ,1955,159.19095
Eswatini,SWZ,1956,159.27084
Eswatini,SWZ,1957,159.34619
Eswatini,SWZ,1958,159.41827
Eswatini,SWZ,1959,159.48738
Eswatini,SWZ,1960,159.55348
Eswatini,SWZ,1961,159.61649
Eswatini,SWZ,1962,159.67574
Eswatini,SWZ,1963,159.7299
Eswatini,SWZ,1964,159.77754
Eswatini,SWZ,1965,159.81802
Eswatini,SWZ,1966,159.8521
Eswatini,SWZ,1967,159.88031
Eswatini,SWZ,1968,159.90239
Eswatini,SWZ,1969,159.91763
Eswatini,SWZ,1970,159.9256
Eswatini,SWZ,1971,159.9257
Eswatini,SWZ,1972,159.91835
Eswatini,SWZ,1973,159.90372
Eswatini,SWZ,1974,159.88339
Eswatini,SWZ,1975,159.8568
Eswatini,SWZ,1976,159.82355
Eswatini,SWZ,1977,159.78336
Eswatini,SWZ,1978,159.73683
Eswatini,SWZ,1979,159.68402
Eswatini,SWZ,1980,159.62775
Eswatini,SWZ,1981,159.57019
Eswatini,SWZ,1982,159.51274
Eswatini,SWZ,1983,159.45605
Eswatini,SWZ,1984,159.39952
Eswatini,SWZ,1985,159.34216
Eswatini,SWZ,1986,159.28362
Eswatini,SWZ,1987,159.22305
Eswatini,SWZ,1988,159.16043
Eswatini,SWZ,1989,159.09683
Eswatini,SWZ,1990,159.03197
Eswatini,SWZ,1991,158.96716
Eswatini,SWZ,1992,158.902
Eswatini,SWZ,1993,158.83615
Eswatini,SWZ,1994,158.76926
Eswatini,SWZ,1995,158.70236
Eswatini,SWZ,1996,158.63557
Ethiopia,ETH,1896,152.17166
Ethiopia,ETH,1897,152.27385
Ethiopia,ETH,1898,152.37614
Ethiopia,ETH,1899,152.47845
Ethiopia,ETH,1900,152.58069
Ethiopia,ETH,1901,152.68279
Ethiopia,ETH,1902,152.7841
Ethiopia,ETH,1903,152.88449
Ethiopia,ETH,1904,152.98358
Ethiopia,ETH,1905,153.0814
Ethiopia,ETH,1906,153.17761
Ethiopia,ETH,1907,153.2727
Ethiopia,ETH,1908,153.36687
Ethiopia,ETH,1909,153.45996
Ethiopia,ETH,1910,153.55273
Ethiopia,ETH,1911,153.64557
Ethiopia,ETH,1912,153.73889
Ethiopia,ETH,1913,153.8327
Ethiopia,ETH,1914,153.92734
Ethiopia,ETH,1915,154.02303
Ethiopia,ETH,1916,154.11923
Ethiopia,ETH,1917,154.21645
Ethiopia,ETH,1918,154.31413
Ethiopia,ETH,1919,154.41156
Ethiopia,ETH,1920,154.50871
Ethiopia,ETH,1921,154.60509
Ethiopia,ETH,1922,154.7
Ethiopia,ETH,1923,154.79208
Ethiopia,ETH,1924,154.88232
Ethiopia,ETH,1925,154.97227
Ethiopia,ETH,1926,155.06181
Ethiopia,ETH,1927,155.15138
Ethiopia,ETH,1928,155.24118
Ethiopia,ETH,1929,155.33154
Ethiopia,ETH,1930,155.42189
Ethiopia,ETH,1931,155.51155
Ethiopia,ETH,1932,155.60086
Ethiopia,ETH,1933,155.6904
Ethiopia,ETH,1934,155.781
Ethiopia,ETH,1935,155.87204
Ethiopia,ETH,1936,155.9635
Ethiopia,ETH,1937,156.05467
Ethiopia,ETH,1938,156.14426
Ethiopia,ETH,1939,156.2321
Ethiopia,ETH,1940,156.31729
Ethiopia,ETH,1941,156.39926
Ethiopia,ETH,1942,156.47827
Ethiopia,ETH,1943,156.55498
Ethiopia,ETH,1944,156.62984
Ethiopia,ETH,1945,156.70224
Ethiopia,ETH,1946,156.77275
Ethiopia,ETH,1947,156.84128
Ethiopia,ETH,1948,156.9068
Ethiopia,ETH,1949,156.97006
Ethiopia,ETH,1950,157.03201
Ethiopia,ETH,1951,157.0914
Ethiopia,ETH,1952,157.14641
Ethiopia,ETH,1953,157.19623
Ethiopia,ETH,1954,157.23996
Ethiopia,ETH,1955,157.27716
Ethiopia,ETH,1956,157.3078
Ethiopia,ETH,1957,157.33252
Ethiopia,ETH,1958,157.35208
Ethiopia,ETH,1959,157.36623
Ethiopia,ETH,1960,157.37477
Ethiopia,ETH,1961,157.37762
Ethiopia,ETH,1962,157.37473
Ethiopia,ETH,1963,157.36446
Ethiopia,ETH,1964,157.34598
Ethiopia,ETH,1965,157.31973
Ethiopia,ETH,1966,157.2868
Ethiopia,ETH,1967,157.24858
Ethiopia,ETH,1968,157.20525
Ethiopia,ETH,1969,157.15712
Ethiopia,ETH,1970,157.10472
Ethiopia,ETH,1971,157.04861
Ethiopia,ETH,1972,156.98978
Ethiopia,ETH,1973,156.92924
Ethiopia,ETH,1974,156.86823
Ethiopia,ETH,1975,156.80643
Ethiopia,ETH,1976,156.74332
Ethiopia,ETH,1977,156.67941
Ethiopia,ETH,1978,156.61488
Ethiopia,ETH,1979,156.54982
Ethiopia,ETH,1980,156.48598
Ethiopia,ETH,1981,156.42442
Ethiopia,ETH,1982,156.36697
Ethiopia,ETH,1983,156.31345
Ethiopia,ETH,1984,156.26332
Ethiopia,ETH,1985,156.21523
Ethiopia,ETH,1986,156.16837
Ethiopia,ETH,1987,156.12144
Ethiopia,ETH,1988,156.07416
Ethiopia,ETH,1989,156.02771
Ethiopia,ETH,1990,155.98119
Ethiopia,ETH,1991,155.93567
Ethiopia,ETH,1992,155.89056
Ethiopia,ETH,1993,155.84557
Ethiopia,ETH,1994,155.80046
Ethiopia,ETH,1995,155.75539
Ethiopia,ETH,1996,155.71024
Europe and Central Asia,,1896,153.1882
Europe and Central Asia,,1897,153.3516
Europe and Central Asia,,1898,153.5154
Europe and Central Asia,,1899,153.6791
Europe and Central Asia,,1900,153.843
Europe and Central Asia,,1901,154.0066
Europe and Central Asia,,1902,154.1699
Europe and Central Asia,,1903,154.3326
Europe and Central Asia,,1904,154.4944
Europe and Central Asia,,1905,154.6554
Europe and Central Asia,,1906,154.8158
Europe and Central Asia,,1907,154.976
Europe and Central Asia,,1908,155.136
Europe and Central Asia,,1909,155.296
Europe and Central Asia,,1910,155.4573
Europe and Central Asia,,1911,155.6209
Europe and Central Asia,,1912,155.7878
Europe and Central Asia,,1913,155.9581
Europe and Central Asia,,1914,156.1317
Europe and Central Asia,,1915,156.3087
Europe and Central Asia,,1916,156.4885
Europe and Central Asia,,1917,156.6706
Europe and Central Asia,,1918,156.8538
Europe and Central Asia,,1919,157.0366
Europe and Central Asia,,1920,157.2184
Europe and Central Asia,,1921,157.3983
Europe and Central Asia,,1922,157.5759
Europe and Central Asia,,1923,157.7499
Europe and Central Asia,,1924,157.9206
Europe and Central Asia,,1925,158.0896
Europe and Central Asia,,1926,158.2568
Europe and Central Asia,,1927,158.4224
Europe and Central Asia,,1928,158.5868
Europe and Central Asia,,1929,158.75
Europe and Central Asia,,1930,158.9122
Europe and Central Asia,,1931,159.0718
Europe and Central Asia,,1932,159.2295
Europe and Central Asia,,1933,159.3864
Europe and Central Asia,,1934,159.5436
Europe and Central Asia,,1935,159.7009
Europe and Central Asia,,1936,159.8578
Europe and Central Asia,,1937,160.0129
Europe and Central Asia,,1938,160.1647
Europe and Central Asia,,1939,160.3121
Europe and Central Asia,,1940,160.4536
Europe and Central Asia,,1941,160.5883
Europe and Central Asia,,1942,160.7167
Europe and Central Asia,,1943,160.8398
Europe and Central Asia,,1944,160.9593
Europe and Central Asia,,1945,161.0762
Europe and Central Asia,,1946,161.1915
Europe and Central Asia,,1947,161.3056
Europe and Central Asia,,1948,161.4185
Europe and Central Asia,,1949,161.5308
Europe and Central Asia,,1950,161.6437
Europe and Central Asia,,1951,161.7572
Europe and Central Asia,,1952,161.871
Europe and Central Asia,,1953,161.9855
Europe and Central Asia,,1954,162.1006
Europe and Central Asia,,1955,162.2168
Europe and Central Asia,,1956,162.3336
Europe and Central Asia,,1957,162.4515
Europe and Central Asia,,1958,162.5706
Europe and Central Asia,,1959,162.6903
Europe and Central Asia,,1960,162.8101
Europe and Central Asia,,1961,162.929
Europe and Central Asia,,1962,163.0454
Europe and Central Asia,,1963,163.1565
Europe and Central Asia,,1964,163.2601
Europe and Central Asia,,1965,163.3552
Europe and Central Asia,,1966,163.4416
Europe and Central Asia,,1967,163.5206
Europe and Central Asia,,1968,163.5922
Europe and Central Asia,,1969,163.6574
Europe and Central Asia,,1970,163.716
Europe and Central Asia,,1971,163.7687
Europe and Central Asia,,1972,163.8157
Europe and Central Asia,,1973,163.8576
Europe and Central Asia,,1974,163.8946
Europe and Central Asia,,1975,163.9265
Europe and Central Asia,,1976,163.9531
Europe and Central Asia,,1977,163.974
Europe and Central Asia,,1978,163.9897
Europe and Central Asia,,1979,164.0011
Europe and Central Asia,,1980,164.0106
Europe and Central Asia,,1981,164.0195
Europe and Central Asia,,1982,164.0291
Europe and Central Asia,,1983,164.0402
Europe and Central Asia,,1984,164.0519
Europe and Central Asia,,1985,164.0635
Europe and Central Asia,,1986,164.0741
Europe and Central Asia,,1987,164.0829
Europe and Central Asia,,1988,164.0892
Europe and Central Asia,,1989,164.0934
Europe and Central Asia,,1990,164.0956
Europe and Central Asia,,1991,164.0973
Europe and Central Asia,,1992,164.0987
Europe and Central Asia,,1993,164.1
Europe and Central Asia,,1994,164.1011
Europe and Central Asia,,1995,164.1023
Europe and Central Asia,,1996,164.1035
Fiji,FJI,1896,153.47374
Fiji,FJI,1897,153.64879
Fiji,FJI,1898,153.82437
Fiji,FJI,1899,153.99966
Fiji,FJI,1900,154.17464
Fiji,FJI,1901,154.34857
Fiji,FJI,1902,154.52138
Fiji,FJI,1903,154.69205
Fiji,FJI,1904,154.86014
Fiji,FJI,1905,155.02585
Fiji,FJI,1906,155.18889
Fiji,FJI,1907,155.34885
Fiji,FJI,1908,155.50621
Fiji,FJI,1909,155.66103
Fiji,FJI,1910,155.814
Fiji,FJI,1911,155.96535
Fiji,FJI,1912,156.11557
Fiji,FJI,1913,156.2643
Fiji,FJI,1914,156.41203
Fiji,FJI,1915,156.55887
Fiji,FJI,1916,156.70471
Fiji,FJI,1917,156.84941
Fiji,FJI,1918,156.99295
Fiji,FJI,1919,157.13521
Fiji,FJI,1920,157.27626
Fiji,FJI,1921,157.41525
Fiji,FJI,1922,157.55212
Fiji,FJI,1923,157.68643
Fiji,FJI,1924,157.81822
Fiji,FJI,1925,157.94902
Fiji,FJI,1926,158.07973
Fiji,FJI,1927,158.20955
Fiji,FJI,1928,158.3387
Fiji,FJI,1929,158.46667
Fiji,FJI,1930,158.59364
Fiji,FJI,1931,158.7188
Fiji,FJI,1932,158.84172
Fiji,FJI,1933,158.96336
Fiji,FJI,1934,159.08437
Fiji,FJI,1935,159.20535
Fiji,FJI,1936,159.32614
Fiji,FJI,1937,159.44684
Fiji,FJI,1938,159.56721
Fiji,FJI,1939,159.68684
Fiji,FJI,1940,159.80502
Fiji,FJI,1941,159.92203
Fiji,FJI,1942,160.03821
Fiji,FJI,1943,160.155
Fiji,FJI,1944,160.27284
Fiji,FJI,1945,160.3915
Fiji,FJI,1946,160.51106
Fiji,FJI,1947,160.6311
Fiji,FJI,1948,160.75089
Fiji,FJI,1949,160.87021
Fiji,FJI,1950,160.98932
Fiji,FJI,1951,161.1079
Fiji,FJI,1952,161.22493
Fiji,FJI,1953,161.34004
Fiji,FJI,1954,161.45328
Fiji,FJI,1955,161.56404
Fiji,FJI,1956,161.67209
Fiji,FJI,1957,161.77823
Fiji,FJI,1958,161.88205
Fiji,FJI,1959,161.98291
Fiji,FJI,1960,162.08075
Fiji,FJI,1961,162.17514
Fiji,FJI,1962,162.26485
Fiji,FJI,1963,162.34883
Fiji,FJI,1964,162.42531
Fiji,FJI,1965,162.49318
Fiji,FJI,1966,162.55263
Fiji,FJI,1967,162.60446
Fiji,FJI,1968,162.64844
Fiji,FJI,1969,162.6849
Fiji,FJI,1970,162.7138
Fiji,FJI,1971,162.73515
Fiji,FJI,1972,162.74927
Fiji,FJI,1973,162.75623
Fiji,FJI,1974,162.7568
Fiji,FJI,1975,162.75041
Fiji,FJI,1976,162.73663
Fiji,FJI,1977,162.71484
Fiji,FJI,1978,162.68593
Fiji,FJI,1979,162.65057
Fiji,FJI,1980,162.61072
Fiji,FJI,1981,162.56772
Fiji,FJI,1982,162.52213
Fiji,FJI,1983,162.47487
Fiji,FJI,1984,162.42561
Fiji,FJI,1985,162.37393
Fiji,FJI,1986,162.31952
Fiji,FJI,1987,162.26216
Fiji,FJI,1988,162.20178
Fiji,FJI,1989,162.13977
Fiji,FJI,1990,162.0762
Fiji,FJI,1991,162.01231
Fiji,FJI,1992,161.94838
Fiji,FJI,1993,161.88463
Fiji,FJI,1994,161.82089
Fiji,FJI,1995,161.75691
Fiji,FJI,1996,161.69293
Finland,FIN,1896,153.92863
Finland,FIN,1897,154.09903
Finland,FIN,1898,154.26962
Finland,FIN,1899,154.44046
Finland,FIN,1900,154.61136
Finland,FIN,1901,154.78249
Finland,FIN,1902,154.9538
Finland,FIN,1903,155.12407
Finland,FIN,1904,155.29346
Finland,FIN,1905,155.46208
Finland,FIN,1906,155.6306
Finland,FIN,1907,155.7992
Finland,FIN,1908,155.9683
Finland,FIN,1909,156.1384
Finland,FIN,1910,156.31102
Finland,FIN,1911,156.4881
Finland,FIN,1912,156.67064
Finland,FIN,1913,156.85823
Finland,FIN,1914,157.05095
Finland,FIN,1915,157.24826
Finland,FIN,1916,157.44893
Finland,FIN,1917,157.65144
Finland,FIN,1918,157.85413
Finland,FIN,1919,158.05524
Finland,FIN,1920,158.25412
Finland,FIN,1921,158.45053
Finland,FIN,1922,158.6448
Finland,FIN,1923,158.83574
Finland,FIN,1924,159.02417
Finland,FIN,1925,159.2129
Finland,FIN,1926,159.40198
Finland,FIN,1927,159.59177
Finland,FIN,1928,159.78296
Finland,FIN,1929,159.97574
Finland,FIN,1930,160.16985
Finland,FIN,1931,160.36339
Finland,FIN,1932,160.55809
Finland,FIN,1933,160.7563
Finland,FIN,1934,160.95923
Finland,FIN,1935,161.16629
Finland,FIN,1936,161.37596
Finland,FIN,1937,161.58472
Finland,FIN,1938,161.78915
Finland,FIN,1939,161.98618
Finland,FIN,1940,162.17236
Finland,FIN,1941,162.34563
Finland,FIN,1942,162.5067
Finland,FIN,1943,162.65686
Finland,FIN,1944,162.79846
Finland,FIN,1945,162.9338
Finland,FIN,1946,163.0652
Finland,FIN,1947,163.19426
Finland,FIN,1948,163.32214
Finland,FIN,1949,163.45042
Finland,FIN,1950,163.58086
Finland,FIN,1951,163.71342
Finland,FIN,1952,163.84799
Finland,FIN,1953,163.98509
Finland,FIN,1954,164.12543
Finland,FIN,1955,164.26974
Finland,FIN,1956,164.41743
Finland,FIN,1957,164.56903
Finland,FIN,1958,164.72346
Finland,FIN,1959,164.87906
Finland,FIN,1960,165.0338
Finland,FIN,1961,165.18637
Finland,FIN,1962,165.33342
Finland,FIN,1963,165.47069
Finland,FIN,1964,165.59564
Finland,FIN,1965,165.70674
Finland,FIN,1966,165.8037
Finland,FIN,1967,165.88812
Finland,FIN,1968,165.96083
Finland,FIN,1969,166.02411
Finland,FIN,1970,166.0776
Finland,FIN,1971,166.12262
Finland,FIN,1972,166.15953
Finland,FIN,1973,166.1891
Finland,FIN,1974,166.2112
Finland,FIN,1975,166.22585
Finland,FIN,1976,166.2325
Finland,FIN,1977,166.23093
Finland,FIN,1978,166.22144
Finland,FIN,1979,166.20508
Finland,FIN,1980,166.18546
Finland,FIN,1981,166.16447
Finland,FIN,1982,166.1444
Finland,FIN,1983,166.12726
Finland,FIN,1984,166.11145
Finland,FIN,1985,166.09653
Finland,FIN,1986,166.0818
Finland,FIN,1987,166.0668
Finland,FIN,1988,166.05003
Finland,FIN,1989,166.03206
Finland,FIN,1990,166.01273
Finland,FIN,1991,165.99352
Finland,FIN,1992,165.97455
Finland,FIN,1993,165.95554
Finland,FIN,1994,165.93613
Finland,FIN,1995,165.91698
Finland,FIN,1996,165.8977
France,FRA,1896,155.34193
France,FRA,1897,155.42825
France,FRA,1898,155.5147
France,FRA,1899,155.60117
France,FRA,1900,155.68773
France,FRA,1901,155.77435
France,FRA,1902,155.86122
France,FRA,1903,155.94772
France,FRA,1904,156.0336
France,FRA,1905,156.11987
France,FRA,1906,156.20648
France,FRA,1907,156.2945
France,FRA,1908,156.38419
France,FRA,1909,156.47662
France,FRA,1910,156.5734
France,FRA,1911,156.67642
France,FRA,1912,156.78648
France,FRA,1913,156.90367
France,FRA,1914,157.0286
France,FRA,1915,157.16115
France,FRA,1916,157.30087
France,FRA,1917,157.44629
France,FRA,1918,157.59619
France,FRA,1919,157.74916
France,FRA,1920,157.9046
France,FRA,1921,158.06108
France,FRA,1922,158.21776
France,FRA,1923,158.37236
France,FRA,1924,158.525
France,FRA,1925,158.6766
France,FRA,1926,158.82669
France,FRA,1927,158.97493
France,FRA,1928,159.12059
France,FRA,1929,159.26367
France,FRA,1930,159.40375
France,FRA,1931,159.53917
France,FRA,1932,159.67032
France,FRA,1933,159.7987
France,FRA,1934,159.92632
France,FRA,1935,160.05367
France,FRA,1936,160.18056
France,FRA,1937,160.30598
France,FRA,1938,160.42839
France,FRA,1939,160.5463
France,FRA,1940,160.65779
France,FRA,1941,160.76202
France,FRA,1942,160.86037
France,FRA,1943,160.95442
France,FRA,1944,161.04692
France,FRA,1945,161.1389
France,FRA,1946,161.23154
France,FRA,1947,161.32639
France,FRA,1948,161.42384
France,FRA,1949,161.52417
France,FRA,1950,161.62878
France,FRA,1951,161.73737
France,FRA,1952,161.8499
France,FRA,1953,161.96663
France,FRA,1954,162.08769
France,FRA,1955,162.21326
France,FRA,1956,162.34225
France,FRA,1957,162.47495
France,FRA,1958,162.61108
France,FRA,1959,162.74918
France,FRA,1960,162.88847
France,FRA,1961,163.02786
France,FRA,1962,163.16487
France,FRA,1963,163.2964
France,FRA,1964,163.41962
France,FRA,1965,163.53326
France,FRA,1966,163.63713
France,FRA,1967,163.7331
France,FRA,1968,163.82211
France,FRA,1969,163.90561
France,FRA,1970,163.98347
France,FRA,1971,164.05681
France,FRA,1972,164.12607
France,FRA,1973,164.19084
France,FRA,1974,164.25073
France,FRA,1975,164.30484
France,FRA,1976,164.35294
France,FRA,1977,164.39465
France,FRA,1978,164.43108
France,FRA,1979,164.46281
France,FRA,1980,164.49208
France,FRA,1981,164.52019
France,FRA,1982,164.54865
France,FRA,1983,164.5782
France,FRA,1984,164.6082
France,FRA,1985,164.63771
France,FRA,1986,164.66595
France,FRA,1987,164.69263
France,FRA,1988,164.71713
France,FRA,1989,164.73965
France,FRA,1990,164.76027
France,FRA,1991,164.78069
France,FRA,1992,164.80107
France,FRA,1993,164.82153
France,FRA,1994,164.84154
France,FRA,1995,164.86174
France,FRA,1996,164.88159
French Polynesia,PYF,1896,156.29808
French Polynesia,PYF,1897,156.44797
French Polynesia,PYF,1898,156.59828
French Polynesia,PYF,1899,156.74843
French Polynesia,PYF,1900,156.89801
French Polynesia,PYF,1901,157.04683
French Polynesia,PYF,1902,157.1947
French Polynesia,PYF,1903,157.34052
French Polynesia,PYF,1904,157.48422
French Polynesia,PYF,1905,157.6258
French Polynesia,PYF,1906,157.7646
French Polynesia,PYF,1907,157.90077
French Polynesia,PYF,1908,158.03404
French Polynesia,PYF,1909,158.16463
French Polynesia,PYF,1910,158.29314
French Polynesia,PYF,1911,158.4201
French Polynesia,PYF,1912,158.54588
French Polynesia,PYF,1913,158.67041
French Polynesia,PYF,1914,158.79399
French Polynesia,PYF,1915,158.91652
French Polynesia,PYF,1916,159.03825
French Polynesia,PYF,1917,159.15886
French Polynesia,PYF,1918,159.2782
French Polynesia,PYF,1919,159.39568
French Polynesia,PYF,1920,159.51149
French Polynesia,PYF,1921,159.6255
French Polynesia,PYF,1922,159.73735
French Polynesia,PYF,1923,159.84642
French Polynesia,PYF,1924,159.9529
French Polynesia,PYF,1925,160.05812
French Polynesia,PYF,1926,160.16283
French Polynesia,PYF,1927,160.26665
French Polynesia,PYF,1928,160.36966
French Polynesia,PYF,1929,160.47174
French Polynesia,PYF,1930,160.57312
French Polynesia,PYF,1931,160.67245
French Polynesia,PYF,1932,160.76997
French Polynesia,PYF,1933,160.86652
French Polynesia,PYF,1934,160.96324
French Polynesia,PYF,1935,161.0608
French Polynesia,PYF,1936,161.15903
French Polynesia,PYF,1937,161.258
French Polynesia,PYF,1938,161.3575
French Polynesia,PYF,1939,161.45718
French Polynesia,PYF,1940,161.55672
French Polynesia,PYF,1941,161.65599
French Polynesia,PYF,1942,161.75563
French Polynesia,PYF,1943,161.85689
French Polynesia,PYF,1944,161.96013
French Polynesia,PYF,1945,162.06555
French Polynesia,PYF,1946,162.17311
French Polynesia,PYF,1947,162.28207
French Polynesia,PYF,1948,162.39156
French Polynesia,PYF,1949,162.50146
French Polynesia,PYF,1950,162.612
French Polynesia,PYF,1951,162.7229
French Polynesia,PYF,1952,162.83333
French Polynesia,PYF,1953,162.94319
French Polynesia,PYF,1954,163.05219
French Polynesia,PYF,1955,163.16037
French Polynesia,PYF,1956,163.26773
French Polynesia,PYF,1957,163.37453
French Polynesia,PYF,1958,163.48093
French Polynesia,PYF,1959,163.58653
French Polynesia,PYF,1960,163.69113
French Polynesia,PYF,1961,163.79434
French Polynesia,PYF,1962,163.89526
French Polynesia,PYF,1963,163.99243
French Polynesia,PYF,1964,164.08426
French Polynesia,PYF,1965,164.17001
French Polynesia,PYF,1966,164.24995
French Polynesia,PYF,1967,164.3246
French Polynesia,PYF,1968,164.39363
French Polynesia,PYF,1969,164.45708
French Polynesia,PYF,1970,164.51497
French Polynesia,PYF,1971,164.56699
French Polynesia,PYF,1972,164.61319
French Polynesia,PYF,1973,164.65375
French Polynesia,PYF,1974,164.68883
French Polynesia,PYF,1975,164.71793
French Polynesia,PYF,1976,164.74062
French Polynesia,PYF,1977,164.75618
French Polynesia,PYF,1978,164.76581
French Polynesia,PYF,1979,164.77
French Polynesia,PYF,1980,164.7704
French Polynesia,PYF,1981,164.76764
French Polynesia,PYF,1982,164.76262
French Polynesia,PYF,1983,164.75601
French Polynesia,PYF,1984,164.74782
French Polynesia,PYF,1985,164.7377
French Polynesia,PYF,1986,164.72508
French Polynesia,PYF,1987,164.70952
French Polynesia,PYF,1988,164.69128
French Polynesia,PYF,1989,164.67122
French Polynesia,PYF,1990,164.64944
French Polynesia,PYF,1991,164.62724
French Polynesia,PYF,1992,164.60483
French Polynesia,PYF,1993,164.58276
French Polynesia,PYF,1994,164.56062
French Polynesia,PYF,1995,164.53835
French Polynesia,PYF,1996,164.51604
Gabon,GAB,1896,152.92209
Gabon,GAB,1897,153.02592
Gabon,GAB,1898,153.1299
Gabon,GAB,1899,153.23373
Gabon,GAB,1900,153.33708
Gabon,GAB,1901,153.44012
Gabon,GAB,1902,153.54303
Gabon,GAB,1903,153.6452
Gabon,GAB,1904,153.74612
Gabon,GAB,1905,153.84601
Gabon,GAB,1906,153.94522
Gabon,GAB,1907,154.04344
Gabon,GAB,1908,154.14073
Gabon,GAB,1909,154.2372
Gabon,GAB,1910,154.33392
Gabon,GAB,1911,154.43153
Gabon,GAB,1912,154.53052
Gabon,GAB,1913,154.63101
Gabon,GAB,1914,154.7332
Gabon,GAB,1915,154.83722
Gabon,GAB,1916,154.94331
Gabon,GAB,1917,155.0516
Gabon,GAB,1918,155.16165
Gabon,GAB,1919,155.27296
Gabon,GAB,1920,155.38553
Gabon,GAB,1921,155.49869
Gabon,GAB,1922,155.61205
Gabon,GAB,1923,155.72461
Gabon,GAB,1924,155.8371
Gabon,GAB,1925,155.95096
Gabon,GAB,1926,156.06664
Gabon,GAB,1927,156.18402
Gabon,GAB,1928,156.30362
Gabon,GAB,1929,156.42566
Gabon,GAB,1930,156.54999
Gabon,GAB,1931,156.67542
Gabon,GAB,1932,156.80243
Gabon,GAB,1933,156.93118
Gabon,GAB,1934,157.0624
Gabon,GAB,1935,157.19594
Gabon,GAB,1936,157.33127
Gabon,GAB,1937,157.46835
Gabon,GAB,1938,157.60577
Gabon,GAB,1939,157.74333
Gabon,GAB,1940,157.88
Gabon,GAB,1941,158.01549
Gabon,GAB,1942,158.14948
Gabon,GAB,1943,158.28287
Gabon,GAB,1944,158.4156
Gabon,GAB,1945,158.54688
Gabon,GAB,1946,158.67664
Gabon,GAB,1947,158.80486
Gabon,GAB,1948,158.93019
Gabon,GAB,1949,159.05237
Gabon,GAB,1950,159.17108
Gabon,GAB,1951,159.28526
Gabon,GAB,1952,159.39317
Gabon,GAB,1953,159.49425
Gabon,GAB,1954,159.58746
Gabon,GAB,1955,159.67264
Gabon,GAB,1956,159.74966
Gabon,GAB,1957,159.81915
Gabon,GAB,1958,159.88248
Gabon,GAB,1959,159.93933
Gabon,GAB,1960,159.99022
Gabon,GAB,1961,160.03503
Gabon,GAB,1962,160.07416
Gabon,GAB,1963,160.10617
Gabon,GAB,1964,160.13058
Gabon,GAB,1965,160.14734
Gabon,GAB,1966,160.15746
Gabon,GAB,1967,160.1619
Gabon,GAB,1968,160.16077
Gabon,GAB,1969,160.15442
Gabon,GAB,1970,160.14236
Gabon,GAB,1971,160.12431
Gabon,GAB,1972,160.10062
Gabon,GAB,1973,160.07173
Gabon,GAB,1974,160.03833
Gabon,GAB,1975,160.00023
Gabon,GAB,1976,159.95741
Gabon,GAB,1977,159.90959
Gabon,GAB,1978,159.85721
Gabon,GAB,1979,159.801
Gabon,GAB,1980,159.743
Gabon,GAB,1981,159.68481
Gabon,GAB,1982,159.62817
Gabon,GAB,1983,159.57378
Gabon,GAB,1984,159.52112
Gabon,GAB,1985,159.46875
Gabon,GAB,1986,159.41597
Gabon,GAB,1987,159.36205
Gabon,GAB,1988,159.3061
Gabon,GAB,1989,159.24889
Gabon,GAB,1990,159.19037
Gabon,GAB,1991,159.13184
Gabon,GAB,1992,159.07326
Gabon,GAB,1993,159.01453
Gabon,GAB,1994,158.95511
Gabon,GAB,1995,158.8958
Gabon,GAB,1996,158.83649
Gambia,GMB,1896,155.52344
Gambia,GMB,1897,155.62523
Gambia,GMB,1898,155.72684
Gambia,GMB,1899,155.82825
Gambia,GMB,1900,155.9295
Gambia,GMB,1901,156.03035
Gambia,GMB,1902,156.13068
Gambia,GMB,1903,156.23027
Gambia,GMB,1904,156.32867
Gambia,GMB,1905,156.42596
Gambia,GMB,1906,156.52222
Gambia,GMB,1907,156.61766
Gambia,GMB,1908,156.71245
Gambia,GMB,1909,156.80672
Gambia,GMB,1910,156.90086
Gambia,GMB,1911,156.99556
Gambia,GMB,1912,157.09152
Gambia,GMB,1913,157.18895
Gambia,GMB,1914,157.28763
Gambia,GMB,1915,157.38791
Gambia,GMB,1916,157.48921
Gambia,GMB,1917,157.5923
Gambia,GMB,1918,157.6969
Gambia,GMB,1919,157.80225
Gambia,GMB,1920,157.90846
Gambia,GMB,1921,158.01485
Gambia,GMB,1922,158.12097
Gambia,GMB,1923,158.22545
Gambia,GMB,1924,158.32912
Gambia,GMB,1925,158.43372
Gambia,GMB,1926,158.53949
Gambia,GMB,1927,158.6469
Gambia,GMB,1928,158.75652
Gambia,GMB,1929,158.8685
Gambia,GMB,1930,158.98315
Gambia,GMB,1931,159.09933
Gambia,GMB,1932,159.21751
Gambia,GMB,1933,159.33817
Gambia,GMB,1934,159.46213
Gambia,GMB,1935,159.58891
Gambia,GMB,1936,159.7186
Gambia,GMB,1937,159.85083
Gambia,GMB,1938,159.98494
Gambia,GMB,1939,160.12045
Gambia,GMB,1940,160.25665
Gambia,GMB,1941,160.39278
Gambia,GMB,1942,160.52835
Gambia,GMB,1943,160.66426
Gambia,GMB,1944,160.80075
Gambia,GMB,1945,160.93695
Gambia,GMB,1946,161.07217
Gambia,GMB,1947,161.2064
Gambia,GMB,1948,161.33745
Gambia,GMB,1949,161.46417
Gambia,GMB,1950,161.58629
Gambia,GMB,1951,161.70216
Gambia,GMB,1952,161.80959
Gambia,GMB,1953,161.9076
Gambia,GMB,1954,161.99529
Gambia,GMB,1955,162.07277
Gambia,GMB,1956,162.14044
Gambia,GMB,1957,162.19984
Gambia,GMB,1958,162.25241
Gambia,GMB,1959,162.29846
Gambia,GMB,1960,162.33896
Gambia,GMB,1961,162.3741
Gambia,GMB,1962,162.40419
Gambia,GMB,1963,162.42769
Gambia,GMB,1964,162.44353
Gambia,GMB,1965,162.45209
Gambia,GMB,1966,162.45401
Gambia,GMB,1967,162.44997
Gambia,GMB,1968,162.44035
Gambia,GMB,1969,162.42517
Gambia,GMB,1970,162.40395
Gambia,GMB,1971,162.37631
Gambia,GMB,1972,162.34273
Gambia,GMB,1973,162.30385
Gambia,GMB,1974,162.26126
Gambia,GMB,1975,162.21559
Gambia,GMB,1976,162.16663
Gambia,GMB,1977,162.11398
Gambia,GMB,1978,162.05714
Gambia,GMB,1979,161.99657
Gambia,GMB,1980,161.93465
Gambia,GMB,1981,161.87262
Gambia,GMB,1982,161.81194
Gambia,GMB,1983,161.7523
Gambia,GMB,1984,161.69414
Gambia,GMB,1985,161.6362
Gambia,GMB,1986,161.57796
Gambia,GMB,1987,161.5181
Gambia,GMB,1988,161.45619
Gambia,GMB,1989,161.39299
Gambia,GMB,1990,161.32857
Gambia,GMB,1991,161.26411
Gambia,GMB,1992,161.19948
Gambia,GMB,1993,161.13426
Gambia,GMB,1994,161.06804
Gambia,GMB,1995,161.00168
Gambia,GMB,1996,160.93495
Georgia,GEO,1896,153.61281
Georgia,GEO,1897,153.77623
Georgia,GEO,1898,153.94003
Georgia,GEO,1899,154.10376
Georgia,GEO,1900,154.2678
Georgia,GEO,1901,154.43137
Georgia,GEO,1902,154.59433
Georgia,GEO,1903,154.75647
Georgia,GEO,1904,154.91737
Georgia,GEO,1905,155.07736
Georgia,GEO,1906,155.23659
Georgia,GEO,1907,155.39496
Georgia,GEO,1908,155.55229
Georgia,GEO,1909,155.70877
Georgia,GEO,1910,155.86525
Georgia,GEO,1911,156.02205
Georgia,GEO,1912,156.1796
Georgia,GEO,1913,156.33792
Georgia,GEO,1914,156.49734
Georgia,GEO,1915,156.65805
Georgia,GEO,1916,156.82004
Georgia,GEO,1917,156.98317
Georgia,GEO,1918,157.14758
Georgia,GEO,1919,157.31262
Georgia,GEO,1920,157.478
Georgia,GEO,1921,157.64261
Georgia,GEO,1922,157.80653
Georgia,GEO,1923,157.96857
Georgia,GEO,1924,158.1291
Georgia,GEO,1925,158.28886
Georgia,GEO,1926,158.44812
Georgia,GEO,1927,158.60707
Georgia,GEO,1928,158.76569
Georgia,GEO,1929,158.92427
Georgia,GEO,1930,159.08287
Georgia,GEO,1931,159.24031
Georgia,GEO,1932,159.39674
Georgia,GEO,1933,159.55252
Georgia,GEO,1934,159.7083
Georgia,GEO,1935,159.86409
Georgia,GEO,1936,160.01929
Georgia,GEO,1937,160.17311
Georgia,GEO,1938,160.3246
Georgia,GEO,1939,160.47314
Georgia,GEO,1940,160.61847
Georgia,GEO,1941,160.76009
Georgia,GEO,1942,160.89818
Georgia,GEO,1943,161.03407
Georgia,GEO,1944,161.16808
Georgia,GEO,1945,161.30045
Georgia,GEO,1946,161.43053
Georgia,GEO,1947,161.55803
Georgia,GEO,1948,161.68236
Georgia,GEO,1949,161.80298
Georgia,GEO,1950,161.92012
Georgia,GEO,1951,162.03415
Georgia,GEO,1952,162.14363
Georgia,GEO,1953,162.2494
Georgia,GEO,1954,162.35071
Georgia,GEO,1955,162.44809
Georgia,GEO,1956,162.54108
Georgia,GEO,1957,162.62984
Georgia,GEO,1958,162.71547
Georgia,GEO,1959,162.79752
Georgia,GEO,1960,162.8766
Georgia,GEO,1961,162.95242
Georgia,GEO,1962,163.02399
Georgia,GEO,1963,163.09013
Georgia,GEO,1964,163.14966
Georgia,GEO,1965,163.20193
Georgia,GEO,1966,163.24753
Georgia,GEO,1967,163.28722
Georgia,GEO,1968,163.32082
Georgia,GEO,1969,163.34851
Georgia,GEO,1970,163.37059
Georgia,GEO,1971,163.38725
Georgia,GEO,1972,163.3993
Georgia,GEO,1973,163.40778
Georgia,GEO,1974,163.41411
Georgia,GEO,1975,163.41725
Georgia,GEO,1976,163.41693
Georgia,GEO,1977,163.41275
Georgia,GEO,1978,163.40501
Georgia,GEO,1979,163.39409
Georgia,GEO,1980,163.38173
Georgia,GEO,1981,163.36893
Georgia,GEO,1982,163.3565
Georgia,GEO,1983,163.34444
Georgia,GEO,1984,163.33224
Georgia,GEO,1985,163.31876
Georgia,GEO,1986,163.30316
Georgia,GEO,1987,163.2845
Georgia,GEO,1988,163.26176
Georgia,GEO,1989,163.23535
Georgia,GEO,1990,163.20477
Georgia,GEO,1991,163.1717
Georgia,GEO,1992,163.13664
Georgia,GEO,1993,163.09999
Georgia,GEO,1994,163.06184
Georgia,GEO,1995,163.02321
Georgia,GEO,1996,162.98462
Germany,DEU,1896,155.99327
Germany,DEU,1897,156.13643
Germany,DEU,1898,156.27985
Germany,DEU,1899,156.42345
Germany,DEU,1900,156.56703
Germany,DEU,1901,156.71083
Germany,DEU,1902,156.85474
Germany,DEU,1903,156.99802
Germany,DEU,1904,157.14047
Germany,DEU,1905,157.2822
Germany,DEU,1906,157.42374
Germany,DEU,1907,157.56522
Germany,DEU,1908,157.70673
Germany,DEU,1909,157.84901
Germany,DEU,1910,157.99368
Germany,DEU,1911,158.14256
Germany,DEU,1912,158.29637
Germany,DEU,1913,158.4551
Germany,DEU,1914,158.61877
Germany,DEU,1915,158.78667
Germany,DEU,1916,158.9576
Germany,DEU,1917,159.13016
Germany,DEU,1918,159.30249
Germany,DEU,1919,159.47278
Germany,DEU,1920,159.6405
Germany,DEU,1921,159.80533
Germany,DEU,1922,159.96768
Germany,DEU,1923,160.12668
Germany,DEU,1924,160.28307
Germany,DEU,1925,160.43976
Germany,DEU,1926,160.59692
Germany,DEU,1927,160.75528
Germany,DEU,1928,160.91502
Germany,DEU,1929,161.076
Germany,DEU,1930,161.23761
Germany,DEU,1931,161.3977
Germany,DEU,1932,161.5578
Germany,DEU,1933,161.72002
Germany,DEU,1934,161.88501
Germany,DEU,1935,162.0518
Germany,DEU,1936,162.2182
Germany,DEU,1937,162.37987
Germany,DEU,1938,162.53285
Germany,DEU,1939,162.67404
Germany,DEU,1940,162.80005
Germany,DEU,1941,162.90985
Germany,DEU,1942,163.00507
Germany,DEU,1943,163.08871
Germany,DEU,1944,163.16415
Germany,DEU,1945,163.23477
Germany,DEU,1946,163.3039
Germany,DEU,1947,163.37433
Germany,DEU,1948,163.4486
Germany,DEU,1949,163.52908
Germany,DEU,1950,163.6181
Germany,DEU,1951,163.71527
Germany,DEU,1952,163.82059
Germany,DEU,1953,163.93446
Germany,DEU,1954,164.05716
Germany,DEU,1955,164.18877
Germany,DEU,1956,164.32889
Germany,DEU,1957,164.47745
Germany,DEU,1958,164.63295
Germany,DEU,1959,164.7928
Germany,DEU,1960,164.95427
Germany,DEU,1961,165.1159
Germany,DEU,1962,165.27403
Germany,DEU,1963,165.42403
Germany,DEU,1964,165.56236
Germany,DEU,1965,165.68706
Germany,DEU,1966,165.7973
Germany,DEU,1967,165.89418
Germany,DEU,1968,165.97813
Germany,DEU,1969,166.05095
Germany,DEU,1970,166.11203
Germany,DEU,1971,166.1627
Germany,DEU,1972,166.20357
Germany,DEU,1973,166.23502
Germany,DEU,1974,166.25722
Germany,DEU,1975,166.27036
Germany,DEU,1976,166.27458
Germany,DEU,1977,166.2702
Germany,DEU,1978,166.25792
Germany,DEU,1979,166.2387
Germany,DEU,1980,166.21611
Germany,DEU,1981,166.19258
Germany,DEU,1982,166.1702
Germany,DEU,1983,166.15044
Germany,DEU,1984,166.13191
Germany,DEU,1985,166.1139
Germany,DEU,1986,166.09587
Germany,DEU,1987,166.0769
Germany,DEU,1988,166.05608
Germany,DEU,1989,166.03392
Germany,DEU,1990,166.00996
Germany,DEU,1991,165.98581
Germany,DEU,1992,165.96164
Germany,DEU,1993,165.9373
Germany,DEU,1994,165.91275
Germany,DEU,1995,165.88824
Germany,DEU,1996,165.8636
Ghana,GHA,1896,153.31085
Ghana,GHA,1897,153.41495
Ghana,GHA,1898,153.51901
Ghana,GHA,1899,153.62318
Ghana,GHA,1900,153.72748
Ghana,GHA,1901,153.83167
Ghana,GHA,1902,153.93556
Ghana,GHA,1903,154.0385
Ghana,GHA,1904,154.14038
Ghana,GHA,1905,154.2414
Ghana,GHA,1906,154.3417
Ghana,GHA,1907,154.44109
Ghana,GHA,1908,154.53926
Ghana,GHA,1909,154.63696
Ghana,GHA,1910,154.73466
Ghana,GHA,1911,154.83284
Ghana,GHA,1912,154.93205
Ghana,GHA,1913,155.03236
Ghana,GHA,1914,155.13354
Ghana,GHA,1915,155.23601
Ghana,GHA,1916,155.33942
Ghana,GHA,1917,155.44444
Ghana,GHA,1918,155.55083
Ghana,GHA,1919,155.65768
Ghana,GHA,1920,155.76524
Ghana,GHA,1921,155.87273
Ghana,GHA,1922,155.97958
Ghana,GHA,1923,156.08488
Ghana,GHA,1924,156.18964
Ghana,GHA,1925,156.29503
Ghana,GHA,1926,156.40146
Ghana,GHA,1927,156.50934
Ghana,GHA,1928,156.61919
Ghana,GHA,1929,156.73145
Ghana,GHA,1930,156.84604
Ghana,GHA,1931,156.96199
Ghana,GHA,1932,157.07964
Ghana,GHA,1933,157.19958
Ghana,GHA,1934,157.32266
Ghana,GHA,1935,157.44853
Ghana,GHA,1936,157.57741
Ghana,GHA,1937,157.70886
Ghana,GHA,1938,157.842
Ghana,GHA,1939,157.97647
Ghana,GHA,1940,158.11104
Ghana,GHA,1941,158.24464
Ghana,GHA,1942,158.37692
Ghana,GHA,1943,158.50845
Ghana,GHA,1944,158.6391
Ghana,GHA,1945,158.7681
Ghana,GHA,1946,158.89507
Ghana,GHA,1947,159.01932
Ghana,GHA,1948,159.13913
Ghana,GHA,1949,159.25337
Ghana,GHA,1950,159.3615
Ghana,GHA,1951,159.46219
Ghana,GHA,1952,159.55298
Ghana,GHA,1953,159.63318
Ghana,GHA,1954,159.70145
Ghana,GHA,1955,159.7581
Ghana,GHA,1956,159.80402
Ghana,GHA,1957,159.841
Ghana,GHA,1958,159.87073
Ghana,GHA,1959,159.8935
Ghana,GHA,1960,159.91037
Ghana,GHA,1961,159.92197
Ghana,GHA,1962,159.92839
Ghana,GHA,1963,159.92809
Ghana,GHA,1964,159.91988
Ghana,GHA,1965,159.90424
Ghana,GHA,1966,159.88171
Ghana,GHA,1967,159.8533
Ghana,GHA,1968,159.81929
Ghana,GHA,1969,159.77988
Ghana,GHA,1970,159.73453
Ghana,GHA,1971,159.68318
Ghana,GHA,1972,159.62651
Ghana,GHA,1973,159.56563
Ghana,GHA,1974,159.50238
Ghana,GHA,1975,159.4371
Ghana,GHA,1976,159.36946
Ghana,GHA,1977,159.29903
Ghana,GHA,1978,159.22542
Ghana,GHA,1979,159.14864
Ghana,GHA,1980,159.07152
Ghana,GHA,1981,158.99496
Ghana,GHA,1982,158.92038
Ghana,GHA,1983,158.84769
Ghana,GHA,1984,158.77676
Ghana,GHA,1985,158.70674
Ghana,GHA,1986,158.637
Ghana,GHA,1987,158.56622
Ghana,GHA,1988,158.49432
Ghana,GHA,1989,158.42181
Ghana,GHA,1990,158.3486
Ghana,GHA,1991,158.27597
Ghana,GHA,1992,158.20369
Ghana,GHA,1993,158.131
Ghana,GHA,1994,158.05743
Ghana,GHA,1995,157.98364
Ghana,GHA,1996,157.9096
Greece,GRC,1896,150.57004
Greece,GRC,1897,150.6863
Greece,GRC,1898,150.80286
Greece,GRC,1899,150.91954
Greece,GRC,1900,151.03676
Greece,GRC,1901,151.15433
Greece,GRC,1902,151.27194
Greece,GRC,1903,151.38953
Greece,GRC,1904,151.50673
Greece,GRC,1905,151.62419
Greece,GRC,1906,151.74219
Greece,GRC,1907,151.86162
Greece,GRC,1908,151.98299
Greece,GRC,1909,152.10724
Greece,GRC,1910,152.23611
Greece,GRC,1911,152.37163
Greece,GRC,1912,152.51451
Greece,GRC,1913,152.66504
Greece,GRC,1914,152.82431
Greece,GRC,1915,152.9921
Greece,GRC,1916,153.1675
Greece,GRC,1917,153.34973
Greece,GRC,1918,153.53773
Greece,GRC,1919,153.72975
Greece,GRC,1920,153.92552
Greece,GRC,1921,154.1238
Greece,GRC,1922,154.32379
Greece,GRC,1923,154.5236
Greece,GRC,1924,154.72331
Greece,GRC,1925,154.92441
Greece,GRC,1926,155.12624
Greece,GRC,1927,155.32803
Greece,GRC,1928,155.52954
Greece,GRC,1929,155.73083
Greece,GRC,1930,155.93141
Greece,GRC,1931,156.1295
Greece,GRC,1932,156.32562
Greece,GRC,1933,156.5211
Greece,GRC,1934,156.71735
Greece,GRC,1935,156.91483
Greece,GRC,1936,157.11324
Greece,GRC,1937,157.31085
Greece,GRC,1938,157.50598
Greece,GRC,1939,157.69675
Greece,GRC,1940,157.88135
Greece,GRC,1941,158.05865
Greece,GRC,1942,158.22948
Greece,GRC,1943,158.39568
Greece,GRC,1944,158.5593
Greece,GRC,1945,158.72115
Greece,GRC,1946,158.88249
Greece,GRC,1947,159.04471
Greece,GRC,1948,159.20807
Greece,GRC,1949,159.37256
Greece,GRC,1950,159.53934
Greece,GRC,1951,159.70815
Greece,GRC,1952,159.87897
Greece,GRC,1953,160.05211
Greece,GRC,1954,160.2282
Greece,GRC,1955,160.40744
Greece,GRC,1956,160.5888
Greece,GRC,1957,160.7728
Greece,GRC,1958,160.959
Greece,GRC,1959,161.146
Greece,GRC,1960,161.33363
Greece,GRC,1961,161.52052
Greece,GRC,1962,161.70499
Greece,GRC,1963,161.8837
Greece,GRC,1964,162.05396
Greece,GRC,1965,162.21487
Greece,GRC,1966,162.36607
Greece,GRC,1967,162.50948
Greece,GRC,1968,162.64594
Greece,GRC,1969,162.77711
Greece,GRC,1970,162.90271
Greece,GRC,1971,163.02362
Greece,GRC,1972,163.1402
Greece,GRC,1973,163.25204
Greece,GRC,1974,163.35857
Greece,GRC,1975,163.45898
Greece,GRC,1976,163.55289
Greece,GRC,1977,163.64024
Greece,GRC,1978,163.72142
Greece,GRC,1979,163.7976
Greece,GRC,1980,163.87083
Greece,GRC,1981,163.94234
Greece,GRC,1982,164.0134
Greece,GRC,1983,164.08458
Greece,GRC,1984,164.15538
Greece,GRC,1985,164.2248
Greece,GRC,1986,164.29213
Greece,GRC,1987,164.35735
Greece,GRC,1988,164.4199
Greece,GRC,1989,164.47986
Greece,GRC,1990,164.53755
Greece,GRC,1991,164.59428
Greece,GRC,1992,164.65053
Greece,GRC,1993,164.7066
Greece,GRC,1994,164.76224
Greece,GRC,1995,164.81825
Greece,GRC,1996,164.8744
Greenland,GRL,1896,147.03885
Greenland,GRL,1897,147.17963
Greenland,GRL,1898,147.32082
Greenland,GRL,1899,147.46207
Greenland,GRL,1900,147.60315
Greenland,GRL,1901,147.74426
Greenland,GRL,1902,147.88565
Greenland,GRL,1903,148.0264
Greenland,GRL,1904,148.16637
Greenland,GRL,1905,148.30573
Greenland,GRL,1906,148.44516
Greenland,GRL,1907,148.5847
Greenland,GRL,1908,148.72467
Greenland,GRL,1909,148.8658
Greenland,GRL,1910,149.01004
Greenland,GRL,1911,149.15932
Greenland,GRL,1912,149.31438
Greenland,GRL,1913,149.47528
Greenland,GRL,1914,149.64182
Greenland,GRL,1915,149.81378
Greenland,GRL,1916,149.98943
Greenland,GRL,1917,150.16779
Greenland,GRL,1918,150.3472
Greenland,GRL,1919,150.52583
Greenland,GRL,1920,150.70316
Greenland,GRL,1921,150.87886
Greenland,GRL,1922,151.05322
Greenland,GRL,1923,151.22511
Greenland,GRL,1924,151.39575
Greenland,GRL,1925,151.56781
Greenland,GRL,1926,151.74123
Greenland,GRL,1927,151.91632
Greenland,GRL,1928,152.09395
Greenland,GRL,1929,152.27411
Greenland,GRL,1930,152.45671
Greenland,GRL,1931,152.64009
Greenland,GRL,1932,152.82565
Greenland,GRL,1933,153.01627
Greenland,GRL,1934,153.2133
Greenland,GRL,1935,153.41579
Greenland,GRL,1936,153.6222
Greenland,GRL,1937,153.82935
Greenland,GRL,1938,154.03435
Greenland,GRL,1939,154.23492
Greenland,GRL,1940,154.42784
Greenland,GRL,1941,154.61166
Greenland,GRL,1942,154.78738
Greenland,GRL,1943,154.95697
Greenland,GRL,1944,155.12337
Greenland,GRL,1945,155.28854
Greenland,GRL,1946,155.45485
Greenland,GRL,1947,155.62375
Greenland,GRL,1948,155.79637
Greenland,GRL,1949,155.97368
Greenland,GRL,1950,156.15695
Greenland,GRL,1951,156.34575
Greenland,GRL,1952,156.53955
Greenland,GRL,1953,156.73868
Greenland,GRL,1954,156.9432
Greenland,GRL,1955,157.15344
Greenland,GRL,1956,157.36842
Greenland,GRL,1957,157.58824
Greenland,GRL,1958,157.81148
Greenland,GRL,1959,158.03616
Greenland,GRL,1960,158.26079
Greenland,GRL,1961,158.48347
Greenland,GRL,1962,158.70099
Greenland,GRL,1963,158.90952
Greenland,GRL,1964,159.10583
Greenland,GRL,1965,159.28853
Greenland,GRL,1966,159.45737
Greenland,GRL,1967,159.6138
Greenland,GRL,1968,159.75836
Greenland,GRL,1969,159.89265
Greenland,GRL,1970,160.01637
Greenland,GRL,1971,160.13081
Greenland,GRL,1972,160.23619
Greenland,GRL,1973,160.33325
Greenland,GRL,1974,160.4216
Greenland,GRL,1975,160.50179
Greenland,GRL,1976,160.57336
Greenland,GRL,1977,160.6365
Greenland,GRL,1978,160.69214
Greenland,GRL,1979,160.7413
Greenland,GRL,1980,160.78711
Greenland,GRL,1981,160.8318
Greenland,GRL,1982,160.87756
Greenland,GRL,1983,160.92636
Greenland,GRL,1984,160.97655
Greenland,GRL,1985,161.02795
Greenland,GRL,1986,161.07947
Greenland,GRL,1987,161.1302
Greenland,GRL,1988,161.17899
Greenland,GRL,1989,161.22646
Greenland,GRL,1990,161.27252
Greenland,GRL,1991,161.3186
Greenland,GRL,1992,161.36484
Greenland,GRL,1993,161.41068
Greenland,GRL,1994,161.45609
Greenland,GRL,1995,161.5014
Greenland,GRL,1996,161.54662
Grenada,GRD,1896,153.80121
Grenada,GRD,1897,153.99849
Grenada,GRD,1898,154.19621
Grenada,GRD,1899,154.39403
Grenada,GRD,1900,154.59167
Grenada,GRD,1901,154.78877
Grenada,GRD,1902,154.98549
Grenada,GRD,1903,155.18153
Grenada,GRD,1904,155.37619
Grenada,GRD,1905,155.5699
Grenada,GRD,1906,155.76237
Grenada,GRD,1907,155.95364
Grenada,GRD,1908,156.14427
Grenada,GRD,1909,156.3341
Grenada,GRD,1910,156.52374
Grenada,GRD,1911,156.71361
Grenada,GRD,1912,156.90446
Grenada,GRD,1913,157.09685
Grenada,GRD,1914,157.29045
Grenada,GRD,1915,157.48546
Grenada,GRD,1916,157.68195
Grenada,GRD,1917,157.88045
Grenada,GRD,1918,158.07993
Grenada,GRD,1919,158.2798
Grenada,GRD,1920,158.48018
Grenada,GRD,1921,158.67967
Grenada,GRD,1922,158.87712
Grenada,GRD,1923,159.07167
Grenada,GRD,1924,159.26328
Grenada,GRD,1925,159.45271
Grenada,GRD,1926,159.6398
Grenada,GRD,1927,159.82462
Grenada,GRD,1928,160.00731
Grenada,GRD,1929,160.18759
Grenada,GRD,1930,160.36433
Grenada,GRD,1931,160.5367
Grenada,GRD,1932,160.70384
Grenada,GRD,1933,160.86707
Grenada,GRD,1934,161.02771
Grenada,GRD,1935,161.18617
Grenada,GRD,1936,161.34288
Grenada,GRD,1937,161.4972
Grenada,GRD,1938,161.64873
Grenada,GRD,1939,161.79642
Grenada,GRD,1940,161.94022
Grenada,GRD,1941,162.07973
Grenada,GRD,1942,162.21492
Grenada,GRD,1943,162.34758
Grenada,GRD,1944,162.47801
Grenada,GRD,1945,162.60661
Grenada,GRD,1946,162.73384
Grenada,GRD,1947,162.85895
Grenada,GRD,1948,162.98128
Grenada,GRD,1949,163.10033
Grenada,GRD,1950,163.21553
Grenada,GRD,1951,163.32664
Grenada,GRD,1952,163.43217
Grenada,GRD,1953,163.5323
Grenada,GRD,1954,163.62686
Grenada,GRD,1955,163.7166
Grenada,GRD,1956,163.80157
Grenada,GRD,1957,163.88234
Grenada,GRD,1958,163.95937
Grenada,GRD,1959,164.03282
Grenada,GRD,1960,164.10237
Grenada,GRD,1961,164.16771
Grenada,GRD,1962,164.22884
Grenada,GRD,1963,164.28445
Grenada,GRD,1964,164.33302
Grenada,GRD,1965,164.37378
Grenada,GRD,1966,164.40721
Grenada,GRD,1967,164.43393
Grenada,GRD,1968,164.45515
Grenada,GRD,1969,164.47183
Grenada,GRD,1970,164.48518
Grenada,GRD,1971,164.49673
Grenada,GRD,1972,164.50739
Grenada,GRD,1973,164.51743
Grenada,GRD,1974,164.52768
Grenada,GRD,1975,164.53703
Grenada,GRD,1976,164.54477
Grenada,GRD,1977,164.55057
Grenada,GRD,1978,164.55476
Grenada,GRD,1979,164.55804
Grenada,GRD,1980,164.56194
Grenada,GRD,1981,164.56667
Grenada,GRD,1982,164.57248
Grenada,GRD,1983,164.57938
Grenada,GRD,1984,164.58656
Grenada,GRD,1985,164.59253
Grenada,GRD,1986,164.59596
Grenada,GRD,1987,164.59615
Grenada,GRD,1988,164.59248
Grenada,GRD,1989,164.58585
Grenada,GRD,1990,164.57663
Grenada,GRD,1991,164.56624
Grenada,GRD,1992,164.55542
Grenada,GRD,1993,164.54442
Grenada,GRD,1994,164.53375
Grenada,GRD,1995,164.52347
Grenada,GRD,1996,164.51315
Guatemala,GTM,1896,140.29005
Guatemala,GTM,1897,140.4657
Guatemala,GTM,1898,140.64165
Guatemala,GTM,1899,140.81734
Guatemala,GTM,1900,140.99263
Guatemala,GTM,1901,141.1679
Guatemala,GTM,1902,141.34273
Guatemala,GTM,1903,141.5166
Guatemala,GTM,1904,141.68967
Guatemala,GTM,1905,141.86182
Guatemala,GTM,1906,142.03299
Guatemala,GTM,1907,142.20316
Guatemala,GTM,1908,142.37238
Guatemala,GTM,1909,142.5406
Guatemala,GTM,1910,142.70886
Guatemala,GTM,1911,142.87766
Guatemala,GTM,1912,143.04747
Guatemala,GTM,1913,143.21902
Guatemala,GTM,1914,143.39203
Guatemala,GTM,1915,143.5669
Guatemala,GTM,1916,143.74406
Guatemala,GTM,1917,143.92365
Guatemala,GTM,1918,144.10461
Guatemala,GTM,1919,144.28638
Guatemala,GTM,1920,144.46898
Guatemala,GTM,1921,144.65059
Guatemala,GTM,1922,144.82976
Guatemala,GTM,1923,145.00539
Guatemala,GTM,1924,145.17767
Guatemala,GTM,1925,145.34738
Guatemala,GTM,1926,145.51454
Guatemala,GTM,1927,145.6792
Guatemala,GTM,1928,145.84091
Guatemala,GTM,1929,146.00005
Guatemala,GTM,1930,146.15556
Guatemala,GTM,1931,146.30627
Guatemala,GTM,1932,146.45154
Guatemala,GTM,1933,146.59229
Guatemala,GTM,1934,146.72978
Guatemala,GTM,1935,146.86432
Guatemala,GTM,1936,146.997
Guatemala,GTM,1937,147.12744
Guatemala,GTM,1938,147.25566
Guatemala,GTM,1939,147.38004
Guatemala,GTM,1940,147.49998
Guatemala,GTM,1941,147.61499
Guatemala,GTM,1942,147.72513
Guatemala,GTM,1943,147.83136
Guatemala,GTM,1944,147.93451
Guatemala,GTM,1945,148.03508
Guatemala,GTM,1946,148.13396
Guatemala,GTM,1947,148.23105
Guatemala,GTM,1948,148.32565
Guatemala,GTM,1949,148.41801
Guatemala,GTM,1950,148.50723
Guatemala,GTM,1951,148.5924
Guatemala,GTM,1952,148.67235
Guatemala,GTM,1953,148.7469
Guatemala,GTM,1954,148.8153
Guatemala,GTM,1955,148.87776
Guatemala,GTM,1956,148.93466
Guatemala,GTM,1957,148.9862
Guatemala,GTM,1958,149.03267
Guatemala,GTM,1959,149.0741
Guatemala,GTM,1960,149.11082
Guatemala,GTM,1961,149.14273
Guatemala,GTM,1962,149.1703
Guatemala,GTM,1963,149.19215
Guatemala,GTM,1964,149.20749
Guatemala,GTM,1965,149.21608
Guatemala,GTM,1966,149.2178
Guatemala,GTM,1967,149.21355
Guatemala,GTM,1968,149.20393
Guatemala,GTM,1969,149.19113
Guatemala,GTM,1970,149.17538
Guatemala,GTM,1971,149.15846
Guatemala,GTM,1972,149.14107
Guatemala,GTM,1973,149.12431
Guatemala,GTM,1974,149.1094
Guatemala,GTM,1975,149.09583
Guatemala,GTM,1976,149.08287
Guatemala,GTM,1977,149.07092
Guatemala,GTM,1978,149.06143
Guatemala,GTM,1979,149.05492
Guatemala,GTM,1980,149.053
Guatemala,GTM,1981,149.05646
Guatemala,GTM,1982,149.06642
Guatemala,GTM,1983,149.08246
Guatemala,GTM,1984,149.10315
Guatemala,GTM,1985,149.12726
Guatemala,GTM,1986,149.15273
Guatemala,GTM,1987,149.17809
Guatemala,GTM,1988,149.20277
Guatemala,GTM,1989,149.22653
Guatemala,GTM,1990,149.24937
Guatemala,GTM,1991,149.2721
Guatemala,GTM,1992,149.29555
Guatemala,GTM,1993,149.31895
Guatemala,GTM,1994,149.34235
Guatemala,GTM,1995,149.36568
Guatemala,GTM,1996,149.38867
Guinea,GIN,1896,153.62337
Guinea,GIN,1897,153.72571
Guinea,GIN,1898,153.8282
Guinea,GIN,1899,153.9306
Guinea,GIN,1900,154.03308
Guinea,GIN,1901,154.13469
Guinea,GIN,1902,154.23569
Guinea,GIN,1903,154.33583
Guinea,GIN,1904,154.4345
Guinea,GIN,1905,154.53249
Guinea,GIN,1906,154.62921
Guinea,GIN,1907,154.72485
Guinea,GIN,1908,154.8195
Guinea,GIN,1909,154.91351
Guinea,GIN,1910,155.00746
Guinea,GIN,1911,155.102
Guinea,GIN,1912,155.19765
Guinea,GIN,1913,155.29434
Guinea,GIN,1914,155.39206
Guinea,GIN,1915,155.49123
Guinea,GIN,1916,155.59123
Guinea,GIN,1917,155.69267
Guinea,GIN,1918,155.79555
Guinea,GIN,1919,155.8991
Guinea,GIN,1920,156.00322
Guinea,GIN,1921,156.10709
Guinea,GIN,1922,156.21039
Guinea,GIN,1923,156.31181
Guinea,GIN,1924,156.41245
Guinea,GIN,1925,156.5136
Guinea,GIN,1926,156.6157
Guinea,GIN,1927,156.7194
Guinea,GIN,1928,156.82544
Guinea,GIN,1929,156.93367
Guinea,GIN,1930,157.04419
Guinea,GIN,1931,157.15648
Guinea,GIN,1932,157.27025
Guinea,GIN,1933,157.38623
Guinea,GIN,1934,157.50548
Guinea,GIN,1935,157.6275
Guinea,GIN,1936,157.75238
Guinea,GIN,1937,157.87975
Guinea,GIN,1938,158.00867
Guinea,GIN,1939,158.13873
Guinea,GIN,1940,158.2691
Guinea,GIN,1941,158.39922
Guinea,GIN,1942,158.52869
Guinea,GIN,1943,158.65817
Guinea,GIN,1944,158.78758
Guinea,GIN,1945,158.91637
Guinea,GIN,1946,159.04399
Guinea,GIN,1947,159.16995
Guinea,GIN,1948,159.29242
Guinea,GIN,1949,159.41011
Guinea,GIN,1950,159.52289
Guinea,GIN,1951,159.62938
Guinea,GIN,1952,159.72697
Guinea,GIN,1953,159.81516
Guinea,GIN,1954,159.89276
Guinea,GIN,1955,159.9594
Guinea,GIN,1956,160.01573
Guinea,GIN,1957,160.06317
Guinea,GIN,1958,160.10324
Guinea,GIN,1959,160.13641
Guinea,GIN,1960,160.16331
Guinea,GIN,1961,160.18431
Guinea,GIN,1962,160.19942
Guinea,GIN,1963,160.20729
Guinea,GIN,1964,160.20702
Guinea,GIN,1965,160.19849
Guinea,GIN,1966,160.18253
Guinea,GIN,1967,160.15976
Guinea,GIN,1968,160.13046
Guinea,GIN,1969,160.09467
Guinea,GIN,1970,160.05168
Guinea,GIN,1971,160.00142
Guinea,GIN,1972,159.94406
Guinea,GIN,1973,159.88077
Guinea,GIN,1974,159.81285
Guinea,GIN,1975,159.74062
Guinea,GIN,1976,159.66368
Guinea,GIN,1977,159.5823
Guinea,GIN,1978,159.49643
Guinea,GIN,1979,159.40613
Guinea,GIN,1980,159.31386
Guinea,GIN,1981,159.22087
Guinea,GIN,1982,159.12878
Guinea,GIN,1983,159.03726
Guinea,GIN,1984,158.94656
Guinea,GIN,1985,158.8558
Guinea,GIN,1986,158.76457
Guinea,GIN,1987,158.67172
Guinea,GIN,1988,158.577
Guinea,GIN,1989,158.48123
Guinea,GIN,1990,158.3844
Guinea,GIN,1991,158.28821
Guinea,GIN,1992,158.19212
Guinea,GIN,1993,158.09552
Guinea,GIN,1994,157.99785
Guinea,GIN,1995,157.89992
Guinea,GIN,1996,157.80162
Guinea-Bissau,GNB,1896,152.72572
Guinea-Bissau,GNB,1897,152.81831
Guinea-Bissau,GNB,1898,152.91093
Guinea-Bissau,GNB,1899,153.00366
Guinea-Bissau,GNB,1900,153.09637
Guinea-Bissau,GNB,1901,153.18892
Guinea-Bissau,GNB,1902,153.28122
Guinea-Bissau,GNB,1903,153.3729
Guinea-Bissau,GNB,1904,153.46336
Guinea-Bissau,GNB,1905,153.55296
Guinea-Bissau,GNB,1906,153.64146
Guinea-Bissau,GNB,1907,153.72905
Guinea-Bissau,GNB,1908,153.81548
Guinea-Bissau,GNB,1909,153.90118
Guinea-Bissau,GNB,1910,153.98701
Guinea-Bissau,GNB,1911,154.07372
Guinea-Bissau,GNB,1912,154.16151
Guinea-Bissau,GNB,1913,154.25038
Guinea-Bissau,GNB,1914,154.34036
Guinea-Bissau,GNB,1915,154.43213
Guinea-Bissau,GNB,1916,154.52496
Guinea-Bissau,GNB,1917,154.61952
Guinea-Bissau,GNB,1918,154.71553
Guinea-Bissau,GNB,1919,154.81256
Guinea-Bissau,GNB,1920,154.91075
Guinea-Bissau,GNB,1921,155.009
Guinea-Bissau,GNB,1922,155.10689
Guinea-Bissau,GNB,1923,155.20354
Guinea-Bissau,GNB,1924,155.29936
Guinea-Bissau,GNB,1925,155.39603
Guinea-Bissau,GNB,1926,155.49413
Guinea-Bissau,GNB,1927,155.59412
Guinea-Bissau,GNB,1928,155.69633
Guinea-Bissau,GNB,1929,155.80124
Guinea-Bissau,GNB,1930,155.90875
Guinea-Bissau,GNB,1931,156.0183
Guinea-Bissau,GNB,1932,156.13005
Guinea-Bissau,GNB,1933,156.2447
Guinea-Bissau,GNB,1934,156.36327
Guinea-Bissau,GNB,1935,156.48482
Guinea-Bissau,GNB,1936,156.6096
Guinea-Bissau,GNB,1937,156.73717
Guinea-Bissau,GNB,1938,156.86667
Guinea-Bissau,GNB,1939,156.99799
Guinea-Bissau,GNB,1940,157.1302
Guinea-Bissau,GNB,1941,157.26291
Guinea-Bissau,GNB,1942,157.39575
Guinea-Bissau,GNB,1943,157.52937
Guinea-Bissau,GNB,1944,157.66382
Guinea-Bissau,GNB,1945,157.79843
Guinea-Bissau,GNB,1946,157.93301
Guinea-Bissau,GNB,1947,158.0669
Guinea-Bissau,GNB,1948,158.1981
Guinea-Bissau,GNB,1949,158.3254
Guinea-Bissau,GNB,1950,158.44861
Guinea-Bissau,GNB,1951,158.56625
Guinea-Bissau,GNB,1952,158.676
Guinea-Bissau,GNB,1953,158.7772
Guinea-Bissau,GNB,1954,158.86899
Guinea-Bissau,GNB,1955,158.95158
Guinea-Bissau,GNB,1956,159.02525
Guinea-Bissau,GNB,1957,159.0916
Guinea-Bissau,GNB,1958,159.1519
Guinea-Bissau,GNB,1959,159.20656
Guinea-Bissau,GNB,1960,159.25607
Guinea-Bissau,GNB,1961,159.30086
Guinea-Bissau,GNB,1962,159.34111
Guinea-Bissau,GNB,1963,159.37547
Guinea-Bissau,GNB,1964,159.40263
Guinea-Bissau,GNB,1965,159.4229
Guinea-Bissau,GNB,1966,159.43718
Guinea-Bissau,GNB,1967,159.44572
Guinea-Bissau,GNB,1968,159.44853
Guinea-Bissau,GNB,1969,159.44609
Guinea-Bissau,GNB,1970,159.43744
Guinea-Bissau,GNB,1971,159.42223
Guinea-Bissau,GNB,1972,159.4008
Guinea-Bissau,GNB,1973,159.37402
Guinea-Bissau,GNB,1974,159.34341
Guinea-Bissau,GNB,1975,159.30931
Guinea-Bissau,GNB,1976,159.27104
Guinea-Bissau,GNB,1977,159.2284
Guinea-Bissau,GNB,1978,159.18144
Guinea-Bissau,GNB,1979,159.13065
Guinea-Bissau,GNB,1980,159.07848
Guinea-Bissau,GNB,1981,159.02592
Guinea-Bissau,GNB,1982,158.97452
Guinea-Bissau,GNB,1983,158.9242
Guinea-Bissau,GNB,1984,158.87498
Guinea-Bissau,GNB,1985,158.82611
Guinea-Bissau,GNB,1986,158.7768
Guinea-Bissau,GNB,1987,158.72615
Guinea-Bissau,GNB,1988,158.67355
Guinea-Bissau,GNB,1989,158.61993
Guinea-Bissau,GNB,1990,158.56538
Guinea-Bissau,GNB,1991,158.51144
Guinea-Bissau,GNB,1992,158.45764
Guinea-Bissau,GNB,1993,158.40327
Guinea-Bissau,GNB,1994,158.34813
Guinea-Bissau,GNB,1995,158.29254
Guinea-Bissau,GNB,1996,158.23627
Guyana,GUY,1896,148.65637
Guyana,GUY,1897,148.84485
Guyana,GUY,1898,149.0337
Guyana,GUY,1899,149.22258
Guyana,GUY,1900,149.41093
Guyana,GUY,1901,149.59898
Guyana,GUY,1902,149.78638
Guyana,GUY,1903,149.973
Guyana,GUY,1904,150.15843
Guyana,GUY,1905,150.3427
Guyana,GUY,1906,150.52591
Guyana,GUY,1907,150.70772
Guyana,GUY,1908,150.88867
Guyana,GUY,1909,151.06845
Guyana,GUY,1910,151.24776
Guyana,GUY,1911,151.42735
Guyana,GUY,1912,151.6077
Guyana,GUY,1913,151.78943
Guyana,GUY,1914,151.972
Guyana,GUY,1915,152.15593
Guyana,GUY,1916,152.34119
Guyana,GUY,1917,152.52812
Guyana,GUY,1918,152.7162
Guyana,GUY,1919,152.90486
Guyana,GUY,1920,153.09358
Guyana,GUY,1921,153.28098
Guyana,GUY,1922,153.4661
Guyana,GUY,1923,153.64821
Guyana,GUY,1924,153.82715
Guyana,GUY,1925,154.00383
Guyana,GUY,1926,154.17815
Guyana,GUY,1927,154.35036
Guyana,GUY,1928,154.52002
Guyana,GUY,1929,154.68726
Guyana,GUY,1930,154.8508
Guyana,GUY,1931,155.00986
Guyana,GUY,1932,155.16371
Guyana,GUY,1933,155.31369
Guyana,GUY,1934,155.46078
Guyana,GUY,1935,155.60533
Guyana,GUY,1936,155.74782
Guyana,GUY,1937,155.8878
Guyana,GUY,1938,156.02495
Guyana,GUY,1939,156.15807
Guyana,GUY,1940,156.28682
Guyana,GUY,1941,156.4109
Guyana,GUY,1942,156.53082
Guyana,GUY,1943,156.64835
Guyana,GUY,1944,156.76328
Guyana,GUY,1945,156.87627
Guyana,GUY,1946,156.98767
Guyana,GUY,1947,157.09705
Guyana,GUY,1948,157.20386
Guyana,GUY,1949,157.30783
Guyana,GUY,1950,157.40791
Guyana,GUY,1951,157.50371
Guyana,GUY,1952,157.59421
Guyana,GUY,1953,157.67935
Guyana,GUY,1954,157.7585
Guyana,GUY,1955,157.83238
Guyana,GUY,1956,157.90132
Guyana,GUY,1957,157.96532
Guyana,GUY,1958,158.02496
Guyana,GUY,1959,158.08057
Guyana,GUY,1960,158.13199
Guyana,GUY,1961,158.17924
Guyana,GUY,1962,158.222
Guyana,GUY,1963,158.25876
Guyana,GUY,1964,158.28827
Guyana,GUY,1965,158.31004
Guyana,GUY,1966,158.32454
Guyana,GUY,1967,158.33264
Guyana,GUY,1968,158.3354
Guyana,GUY,1969,158.3338
Guyana,GUY,1970,158.32889
Guyana,GUY,1971,158.32184
Guyana,GUY,1972,158.31378
Guyana,GUY,1973,158.30504
Guyana,GUY,1974,158.29684
Guyana,GUY,1975,158.28809
Guyana,GUY,1976,158.27759
Guyana,GUY,1977,158.26524
Guyana,GUY,1978,158.25143
Guyana,GUY,1979,158.23654
Guyana,GUY,1980,158.22194
Guyana,GUY,1981,158.20842
Guyana,GUY,1982,158.19632
Guyana,GUY,1983,158.18567
Guyana,GUY,1984,158.17584
Guyana,GUY,1985,158.16544
Guyana,GUY,1986,158.1528
Guyana,GUY,1987,158.1373
Guyana,GUY,1988,158.11794
Guyana,GUY,1989,158.09578
Guyana,GUY,1990,158.07135
Guyana,GUY,1991,158.04584
Guyana,GUY,1992,158.02019
Guyana,GUY,1993,157.99426
Guyana,GUY,1994,157.96848
Guyana,GUY,1995,157.94308
Guyana,GUY,1996,157.91777
Haiti,HTI,1896,149.73157
Haiti,HTI,1897,149.9239
Haiti,HTI,1898,150.1164
Haiti,HTI,1899,150.3092
Haiti,HTI,1900,150.50188
Haiti,HTI,1901,150.69458
Haiti,HTI,1902,150.88646
Haiti,HTI,1903,151.07745
Haiti,HTI,1904,151.26686
Haiti,HTI,1905,151.45546
Haiti,HTI,1906,151.64273
Haiti,HTI,1907,151.82875
Haiti,HTI,1908,152.0142
Haiti,HTI,1909,152.1985
Haiti,HTI,1910,152.38225
Haiti,HTI,1911,152.56642
Haiti,HTI,1912,152.75153
Haiti,HTI,1913,152.93814
Haiti,HTI,1914,153.12585
Haiti,HTI,1915,153.31468
Haiti,HTI,1916,153.50502
Haiti,HTI,1917,153.69684
Haiti,HTI,1918,153.88924
Haiti,HTI,1919,154.08163
Haiti,HTI,1920,154.27412
Haiti,HTI,1921,154.46544
Haiti,HTI,1922,154.65454
Haiti,HTI,1923,154.84056
Haiti,HTI,1924,155.023
Haiti,HTI,1925,155.20317
Haiti,HTI,1926,155.38063
Haiti,HTI,1927,155.55565
Haiti,HTI,1928,155.72816
Haiti,HTI,1929,155.89818
Haiti,HTI,1930,156.06458
Haiti,HTI,1931,156.22653
Haiti,HTI,1932,156.38316
Haiti,HTI,1933,156.53543
Haiti,HTI,1934,156.68452
Haiti,HTI,1935,156.8308
Haiti,HTI,1936,156.97498
Haiti,HTI,1937,157.11646
Haiti,HTI,1938,157.25475
Haiti,HTI,1939,157.38872
Haiti,HTI,1940,157.51808
Haiti,HTI,1941,157.64268
Haiti,HTI,1942,157.76263
Haiti,HTI,1943,157.87975
Haiti,HTI,1944,157.99432
Haiti,HTI,1945,158.10683
Haiti,HTI,1946,158.21744
Haiti,HTI,1947,158.32568
Haiti,HTI,1948,158.43117
Haiti,HTI,1949,158.53355
Haiti,HTI,1950,158.63185
Haiti,HTI,1951,158.72554
Haiti,HTI,1952,158.81346
Haiti,HTI,1953,158.89519
Haiti,HTI,1954,158.9705
Haiti,HTI,1955,159.04008
Haiti,HTI,1956,159.10422
Haiti,HTI,1957,159.16267
Haiti,HTI,1958,159.21645
Haiti,HTI,1959,159.26552
Haiti,HTI,1960,159.3099
Haiti,HTI,1961,159.3493
Haiti,HTI,1962,159.3837
Haiti,HTI,1963,159.41179
Haiti,HTI,1964,159.4324
Haiti,HTI,1965,159.44518
Haiti,HTI,1966,159.45044
Haiti,HTI,1967,159.44919
Haiti,HTI,1968,159.44261
Haiti,HTI,1969,159.43204
Haiti,HTI,1970,159.41826
Haiti,HTI,1971,159.40253
Haiti,HTI,1972,159.38591
Haiti,HTI,1973,159.36877
Haiti,HTI,1974,159.35208
Haiti,HTI,1975,159.33493
Haiti,HTI,1976,159.3166
Haiti,HTI,1977,159.29652
Haiti,HTI,1978,159.27519
Haiti,HTI,1979,159.25296
Haiti,HTI,1980,159.23099
Haiti,HTI,1981,159.2097
Haiti,HTI,1982,159.18945
Haiti,HTI,1983,159.1702
Haiti,HTI,1984,159.15067
Haiti,HTI,1985,159.12961
Haiti,HTI,1986,159.10526
Haiti,HTI,1987,159.07712
Haiti,HTI,1988,159.04419
Haiti,HTI,1989,159.00786
Haiti,HTI,1990,158.9683
Haiti,HTI,1991,158.92691
Haiti,HTI,1992,158.88483
Haiti,HTI,1993,158.84236
Haiti,HTI,1994,158.7999
Haiti,HTI,1995,158.7577
Haiti,HTI,1996,158.71538
Honduras,HND,1896,143.51834
Honduras,HND,1897,143.7212
Honduras,HND,1898,143.92445
Honduras,HND,1899,144.12756
Honduras,HND,1900,144.3305
Honduras,HND,1901,144.53314
Honduras,HND,1902,144.73517
Honduras,HND,1903,144.93617
Honduras,HND,1904,145.13588
Honduras,HND,1905,145.33463
Honduras,HND,1906,145.53256
Honduras,HND,1907,145.72975
Honduras,HND,1908,145.92633
Honduras,HND,1909,146.12198
Honduras,HND,1910,146.31757
Honduras,HND,1911,146.51382
Honduras,HND,1912,146.71126
Honduras,HND,1913,146.9102
Honduras,HND,1914,147.11105
Honduras,HND,1915,147.31404
Honduras,HND,1916,147.51912
Honduras,HND,1917,147.72655
Honduras,HND,1918,147.93562
Honduras,HND,1919,148.14534
Honduras,HND,1920,148.35558
Honduras,HND,1921,148.56477
Honduras,HND,1922,148.7718
Honduras,HND,1923,148.97548
Honduras,HND,1924,149.176
Honduras,HND,1925,149.3738
Honduras,HND,1926,149.56885
Honduras,HND,1927,149.76126
Honduras,HND,1928,149.95033
Honduras,HND,1929,150.13667
Honduras,HND,1930,150.31856
Honduras,HND,1931,150.49477
Honduras,HND,1932,150.66458
Honduras,HND,1933,150.82887
Honduras,HND,1934,150.98885
Honduras,HND,1935,151.14467
Honduras,HND,1936,151.29723
Honduras,HND,1937,151.44551
Honduras,HND,1938,151.5897
Honduras,HND,1939,151.72783
Honduras,HND,1940,151.85916
Honduras,HND,1941,151.98341
Honduras,HND,1942,152.10095
Honduras,HND,1943,152.21297
Honduras,HND,1944,152.3198
Honduras,HND,1945,152.42221
Honduras,HND,1946,152.52133
Honduras,HND,1947,152.61702
Honduras,HND,1948,152.70903
Honduras,HND,1949,152.7973
Honduras,HND,1950,152.88112
Honduras,HND,1951,152.9596
Honduras,HND,1952,153.03177
Honduras,HND,1953,153.09752
Honduras,HND,1954,153.15631
Honduras,HND,1955,153.20862
Honduras,HND,1956,153.25455
Honduras,HND,1957,153.29427
Honduras,HND,1958,153.32831
Honduras,HND,1959,153.35728
Honduras,HND,1960,153.3814
Honduras,HND,1961,153.40083
Honduras,HND,1962,153.41635
Honduras,HND,1963,153.42674
Honduras,HND,1964,153.43169
Honduras,HND,1965,153.43102
Honduras,HND,1966,153.42477
Honduras,HND,1967,153.41457
Honduras,HND,1968,153.40092
Honduras,HND,1969,153.38605
Honduras,HND,1970,153.37025
Honduras,HND,1971,153.35518
Honduras,HND,1972,153.3418
Honduras,HND,1973,153.33075
Honduras,HND,1974,153.32341
Honduras,HND,1975,153.31885
Honduras,HND,1976,153.31653
Honduras,HND,1977,153.31581
Honduras,HND,1978,153.31761
Honduras,HND,1979,153.3228
Honduras,HND,1980,153.33286
Honduras,HND,1981,153.34842
Honduras,HND,1982,153.37059
Honduras,HND,1983,153.39883
Honduras,HND,1984,153.43181
Honduras,HND,1985,153.46762
Honduras,HND,1986,153.5043
Honduras,HND,1987,153.5407
Honduras,HND,1988,153.57597
Honduras,HND,1989,153.6099
Honduras,HND,1990,153.64265
Honduras,HND,1991,153.67557
Honduras,HND,1992,153.70856
Honduras,HND,1993,153.74184
Honduras,HND,1994,153.77498
Honduras,HND,1995,153.80824
Honduras,HND,1996,153.84157
Hong Kong,HKG,1896,146.02809
Hong Kong,HKG,1897,146.2185
Hong Kong,HKG,1898,146.40915
Hong Kong,HKG,1899,146.60017
Hong Kong,HKG,1900,146.79088
Hong Kong,HKG,1901,146.98119
Hong Kong,HKG,1902,147.17099
Hong Kong,HKG,1903,147.3597
Hong Kong,HKG,1904,147.54652
Hong Kong,HKG,1905,147.73146
Hong Kong,HKG,1906,147.91449
Hong Kong,HKG,1907,148.095
Hong Kong,HKG,1908,148.27365
Hong Kong,HKG,1909,148.44974
Hong Kong,HKG,1910,148.62411
Hong Kong,HKG,1911,148.79668
Hong Kong,HKG,1912,148.96786
Hong Kong,HKG,1913,149.13783
Hong Kong,HKG,1914,149.30681
Hong Kong,HKG,1915,149.475
Hong Kong,HKG,1916,149.64285
Hong Kong,HKG,1917,149.81058
Hong Kong,HKG,1918,149.97832
Hong Kong,HKG,1919,150.14613
Hong Kong,HKG,1920,150.3151
Hong Kong,HKG,1921,150.48515
Hong Kong,HKG,1922,150.65627
Hong Kong,HKG,1923,150.8286
Hong Kong,HKG,1924,151.00272
Hong Kong,HKG,1925,151.1806
Hong Kong,HKG,1926,151.36266
Hong Kong,HKG,1927,151.54706
Hong Kong,HKG,1928,151.73267
Hong Kong,HKG,1929,151.91765
Hong Kong,HKG,1930,152.1009
Hong Kong,HKG,1931,152.27997
Hong Kong,HKG,1932,152.455
Hong Kong,HKG,1933,152.62755
Hong Kong,HKG,1934,152.79749
Hong Kong,HKG,1935,152.9651
Hong Kong,HKG,1936,153.1304
Hong Kong,HKG,1937,153.29309
Hong Kong,HKG,1938,153.45177
Hong Kong,HKG,1939,153.60553
Hong Kong,HKG,1940,153.75433
Hong Kong,HKG,1941,153.8988
Hong Kong,HKG,1942,154.04
Hong Kong,HKG,1943,154.17992
Hong Kong,HKG,1944,154.31926
Hong Kong,HKG,1945,154.45808
Hong Kong,HKG,1946,154.59662
Hong Kong,HKG,1947,154.73474
Hong Kong,HKG,1948,154.87125
Hong Kong,HKG,1949,155.00566
Hong Kong,HKG,1950,155.138
Hong Kong,HKG,1951,155.26779
Hong Kong,HKG,1952,155.3935
Hong Kong,HKG,1953,155.51465
Hong Kong,HKG,1954,155.63084
Hong Kong,HKG,1955,155.74202
Hong Kong,HKG,1956,155.84851
Hong Kong,HKG,1957,155.9514
Hong Kong,HKG,1958,156.05159
Hong Kong,HKG,1959,156.1491
Hong Kong,HKG,1960,156.24477
Hong Kong,HKG,1961,156.33885
Hong Kong,HKG,1962,156.43127
Hong Kong,HKG,1963,156.52046
Hong Kong,HKG,1964,156.60504
Hong Kong,HKG,1965,156.68513
Hong Kong,HKG,1966,156.76202
Hong Kong,HKG,1967,156.83792
Hong Kong,HKG,1968,156.91287
Hong Kong,HKG,1969,156.98686
Hong Kong,HKG,1970,157.0597
Hong Kong,HKG,1971,157.13191
Hong Kong,HKG,1972,157.20369
Hong Kong,HKG,1973,157.27565
Hong Kong,HKG,1974,157.34912
Hong Kong,HKG,1975,157.42323
Hong Kong,HKG,1976,157.49776
Hong Kong,HKG,1977,157.57164
Hong Kong,HKG,1978,157.64534
Hong Kong,HKG,1979,157.7192
Hong Kong,HKG,1980,157.79367
Hong Kong,HKG,1981,157.86923
Hong Kong,HKG,1982,157.94604
Hong Kong,HKG,1983,158.0237
Hong Kong,HKG,1984,158.10202
Hong Kong,HKG,1985,158.18011
Hong Kong,HKG,1986,158.25804
Hong Kong,HKG,1987,158.33475
Hong Kong,HKG,1988,158.41057
Hong Kong,HKG,1989,158.48611
Hong Kong,HKG,1990,158.56134
Hong Kong,HKG,1991,158.63712
Hong Kong,HKG,1992,158.71355
Hong Kong,HKG,1993,158.79083
Hong Kong,HKG,1994,158.86882
Hong Kong,HKG,1995,158.94688
Hong Kong,HKG,1996,159.0254
Hungary,HUN,1896,153.25409
Hungary,HUN,1897,153.45293
Hungary,HUN,1898,153.65204
Hungary,HUN,1899,153.85115
Hungary,HUN,1900,154.05032
Hungary,HUN,1901,154.24876
Hungary,HUN,1902,154.44681
Hungary,HUN,1903,154.6438
Hungary,HUN,1904,154.83965
Hungary,HUN,1905,155.03436
Hungary,HUN,1906,155.22801
Hungary,HUN,1907,155.42062
Hungary,HUN,1908,155.61198
Hungary,HUN,1909,155.80225
Hungary,HUN,1910,155.99184
Hungary,HUN,1911,156.18114
Hungary,HUN,1912,156.37091
Hungary,HUN,1913,156.56152
Hungary,HUN,1914,156.7526
Hungary,HUN,1915,156.94418
Hungary,HUN,1916,157.13628
Hungary,HUN,1917,157.32903
Hungary,HUN,1918,157.52107
Hungary,HUN,1919,157.71071
Hungary,HUN,1920,157.89764
Hungary,HUN,1921,158.08011
Hungary,HUN,1922,158.25757
Hungary,HUN,1923,158.42845
Hungary,HUN,1924,158.59303
Hungary,HUN,1925,158.75264
Hungary,HUN,1926,158.90741
Hungary,HUN,1927,159.05722
Hungary,HUN,1928,159.20282
Hungary,HUN,1929,159.34425
Hungary,HUN,1930,159.48178
Hungary,HUN,1931,159.6138
Hungary,HUN,1932,159.74092
Hungary,HUN,1933,159.8638
Hungary,HUN,1934,159.9833
Hungary,HUN,1935,160.0995
Hungary,HUN,1936,160.21225
Hungary,HUN,1937,160.32153
Hungary,HUN,1938,160.42688
Hungary,HUN,1939,160.52838
Hungary,HUN,1940,160.62532
Hungary,HUN,1941,160.7171
Hungary,HUN,1942,160.80374
Hungary,HUN,1943,160.88608
Hungary,HUN,1944,160.96523
Hungary,HUN,1945,161.04185
Hungary,HUN,1946,161.11732
Hungary,HUN,1947,161.19118
Hungary,HUN,1948,161.26335
Hungary,HUN,1949,161.33475
Hungary,HUN,1950,161.4066
Hungary,HUN,1951,161.47978
Hungary,HUN,1952,161.55429
Hungary,HUN,1953,161.63045
Hungary,HUN,1954,161.7086
Hungary,HUN,1955,161.78925
Hungary,HUN,1956,161.87222
Hungary,HUN,1957,161.95859
Hungary,HUN,1958,162.04889
Hungary,HUN,1959,162.14336
Hungary,HUN,1960,162.24155
Hungary,HUN,1961,162.34282
Hungary,HUN,1962,162.44582
Hungary,HUN,1963,162.5477
Hungary,HUN,1964,162.6461
Hungary,HUN,1965,162.74005
Hungary,HUN,1966,162.82935
Hungary,HUN,1967,162.91432
Hungary,HUN,1968,162.99422
Hungary,HUN,1969,163.06961
Hungary,HUN,1970,163.13962
Hungary,HUN,1971,163.20477
Hungary,HUN,1972,163.26456
Hungary,HUN,1973,163.31918
Hungary,HUN,1974,163.3686
Hungary,HUN,1975,163.4128
Hungary,HUN,1976,163.45119
Hungary,HUN,1977,163.48364
Hungary,HUN,1978,163.50998
Hungary,HUN,1979,163.53105
Hungary,HUN,1980,163.54904
Hungary,HUN,1981,163.56519
Hungary,HUN,1982,163.58041
Hungary,HUN,1983,163.5957
Hungary,HUN,1984,163.61037
Hungary,HUN,1985,163.6237
Hungary,HUN,1986,163.63486
Hungary,HUN,1987,163.6429
Hungary,HUN,1988,163.64778
Hungary,HUN,1989,163.65047
Hungary,HUN,1990,163.65144
Hungary,HUN,1991,163.65236
Hungary,HUN,1992,163.6532
Hungary,HUN,1993,163.65457
Hungary,HUN,1994,163.65625
Hungary,HUN,1995,163.65836
Hungary,HUN,1996,163.66055
Iceland,ISL,1896,158.55121
Iceland,ISL,1897,158.73174
Iceland,ISL,1898,158.91241
Iceland,ISL,1899,159.09337
Iceland,ISL,1900,159.27435
Iceland,ISL,1901,159.45528
Iceland,ISL,1902,159.63628
Iceland,ISL,1903,159.81674
Iceland,ISL,1904,159.99612
Iceland,ISL,1905,160.17488
Iceland,ISL,1906,160.35318
Iceland,ISL,1907,160.53136
Iceland,ISL,1908,160.70956
Iceland,ISL,1909,160.88815
Iceland,ISL,1910,161.06886
Iceland,ISL,1911,161.25362
Iceland,ISL,1912,161.44304
Iceland,ISL,1913,161.63715
Iceland,ISL,1914,161.83542
Iceland,ISL,1915,162.03773
Iceland,ISL,1916,162.24242
Iceland,ISL,1917,162.44855
Iceland,ISL,1918,162.65414
Iceland,ISL,1919,162.85721
Iceland,ISL,1920,163.05708
Iceland,ISL,1921,163.25323
Iceland,ISL,1922,163.44582
Iceland,ISL,1923,163.6335
Iceland,ISL,1924,163.81654
Iceland,ISL,1925,163.99725
Iceland,ISL,1926,164.17555
Iceland,ISL,1927,164.3518
Iceland,ISL,1928,164.52612
Iceland,ISL,1929,164.69821
Iceland,ISL,1930,164.86725
Iceland,ISL,1931,165.03145
Iceland,ISL,1932,165.19193
Iceland,ISL,1933,165.35121
Iceland,ISL,1934,165.51001
Iceland,ISL,1935,165.66766
Iceland,ISL,1936,165.82272
Iceland,ISL,1937,165.97182
Iceland,ISL,1938,166.11232
Iceland,ISL,1939,166.24149
Iceland,ISL,1940,166.35655
Iceland,ISL,1941,166.45613
Iceland,ISL,1942,166.54108
Iceland,ISL,1943,166.61311
Iceland,ISL,1944,166.67552
Iceland,ISL,1945,166.73073
Iceland,ISL,1946,166.78102
Iceland,ISL,1947,166.8284
Iceland,ISL,1948,166.87425
Iceland,ISL,1949,166.91989
Iceland,ISL,1950,166.96712
Iceland,ISL,1951,167.01582
Iceland,ISL,1952,167.06586
Iceland,ISL,1953,167.11752
Iceland,ISL,1954,167.17178
Iceland,ISL,1955,167.22926
Iceland,ISL,1956,167.28972
Iceland,ISL,1957,167.35428
Iceland,ISL,1958,167.42178
Iceland,ISL,1959,167.49086
Iceland,ISL,1960,167.55983
Iceland,ISL,1961,167.62772
Iceland,ISL,1962,167.69179
Iceland,ISL,1963,167.74821
Iceland,ISL,1964,167.79424
Iceland,ISL,1965,167.82819
Iceland,ISL,1966,167.84969
Iceland,ISL,1967,167.85991
Iceland,ISL,1968,167.85934
Iceland,ISL,1969,167.85014
Iceland,ISL,1970,167.83191
Iceland,ISL,1971,167.80579
Iceland,ISL,1972,167.77197
Iceland,ISL,1973,167.73096
Iceland,ISL,1974,167.68295
Iceland,ISL,1975,167.62769
Iceland,ISL,1976,167.56493
Iceland,ISL,1977,167.49431
Iceland,ISL,1978,167.41666
Iceland,ISL,1979,167.3333
Iceland,ISL,1980,167.24742
Iceland,ISL,1981,167.16104
Iceland,ISL,1982,167.07654
Iceland,ISL,1983,166.99556
Iceland,ISL,1984,166.91644
Iceland,ISL,1985,166.83832
Iceland,ISL,1986,166.76065
Iceland,ISL,1987,166.68254
Iceland,ISL,1988,166.60287
Iceland,ISL,1989,166.52187
Iceland,ISL,1990,166.43953
Iceland,ISL,1991,166.3573
Iceland,ISL,1992,166.27525
Iceland,ISL,1993,166.19304
Iceland,ISL,1994,166.11084
Iceland,ISL,1995,166.02864
Iceland,ISL,1996,165.94635
India,IND,1896,147.97014
India,IND,1897,148.02582
India,IND,1898,148.08159
India,IND,1899,148.13745
India,IND,1900,148.19296
India,IND,1901,148.24811
India,IND,1902,148.30266
India,IND,1903,148.35649
India,IND,1904,148.40933
India,IND,1905,148.46188
India,IND,1906,148.51395
India,IND,1907,148.56569
India,IND,1908,148.6172
India,IND,1909,148.66916
India,IND,1910,148.72198
India,IND,1911,148.77654
India,IND,1912,148.83232
India,IND,1913,148.88947
India,IND,1914,148.94763
India,IND,1915,149.007
India,IND,1916,149.06735
India,IND,1917,149.12868
India,IND,1918,149.19057
India,IND,1919,149.25203
India,IND,1920,149.31335
India,IND,1921,149.3739
India,IND,1922,149.43369
India,IND,1923,149.49211
India,IND,1924,149.55023
India,IND,1925,149.61023
India,IND,1926,149.67267
India,IND,1927,149.73807
India,IND,1928,149.80653
India,IND,1929,149.87852
India,IND,1930,149.95341
India,IND,1931,150.02974
India,IND,1932,150.10725
India,IND,1933,150.18672
India,IND,1934,150.26842
India,IND,1935,150.35257
India,IND,1936,150.43922
India,IND,1937,150.52765
India,IND,1938,150.61716
India,IND,1939,150.70671
India,IND,1940,150.79471
India,IND,1941,150.881
India,IND,1942,150.9657
India,IND,1943,151.05002
India,IND,1944,151.13405
India,IND,1945,151.21788
India,IND,1946,151.30174
India,IND,1947,151.38515
India,IND,1948,151.46768
India,IND,1949,151.54938
India,IND,1950,151.62996
India,IND,1951,151.70872
India,IND,1952,151.7842
India,IND,1953,151.85654
India,IND,1954,151.92513
India,IND,1955,151.98997
India,IND,1956,152.05135
India,IND,1957,152.10948
India,IND,1958,152.16553
India,IND,1959,152.21977
India,IND,1960,152.27238
India,IND,1961,152.32274
India,IND,1962,152.37021
India,IND,1963,152.41212
India,IND,1964,152.44699
India,IND,1965,152.47404
India,IND,1966,152.49371
India,IND,1967,152.50656
India,IND,1968,152.51276
India,IND,1969,152.51256
India,IND,1970,152.50691
India,IND,1971,152.49667
India,IND,1972,152.48305
India,IND,1973,152.46707
India,IND,1974,152.4511
India,IND,1975,152.43471
India,IND,1976,152.41826
India,IND,1977,152.40193
India,IND,1978,152.38622
India,IND,1979,152.37244
India,IND,1980,152.3625
India,IND,1981,152.3576
India,IND,1982,152.35835
India,IND,1983,152.36456
India,IND,1984,152.37535
India,IND,1985,152.38933
India,IND,1986,152.4056
India,IND,1987,152.42255
India,IND,1988,152.43939
India,IND,1989,152.45638
India,IND,1990,152.47339
India,IND,1991,152.49149
India,IND,1992,152.51048
India,IND,1993,152.53015
India,IND,1994,152.54984
India,IND,1995,152.56976
India,IND,1996,152.58963
Indonesia,IDN,1896,144.70331
Indonesia,IDN,1897,144.779
Indonesia,IDN,1898,144.85461
Indonesia,IDN,1899,144.93025
Indonesia,IDN,1900,145.00534
Indonesia,IDN,1901,145.07997
Indonesia,IDN,1902,145.154
Indonesia,IDN,1903,145.22676
Indonesia,IDN,1904,145.2977
Indonesia,IDN,1905,145.36702
Indonesia,IDN,1906,145.4347
Indonesia,IDN,1907,145.50073
Indonesia,IDN,1908,145.56554
Indonesia,IDN,1909,145.62872
Indonesia,IDN,1910,145.69145
Indonesia,IDN,1911,145.75375
Indonesia,IDN,1912,145.81686
Indonesia,IDN,1913,145.88092
Indonesia,IDN,1914,145.94646
Indonesia,IDN,1915,146.01392
Indonesia,IDN,1916,146.08394
Indonesia,IDN,1917,146.15706
Indonesia,IDN,1918,146.2338
Indonesia,IDN,1919,146.31436
Indonesia,IDN,1920,146.39905
Indonesia,IDN,1921,146.48845
Indonesia,IDN,1922,146.58266
Indonesia,IDN,1923,146.68172
Indonesia,IDN,1924,146.78621
Indonesia,IDN,1925,146.89882
Indonesia,IDN,1926,147.01938
Indonesia,IDN,1927,147.14607
Indonesia,IDN,1928,147.27788
Indonesia,IDN,1929,147.41344
Indonesia,IDN,1930,147.55151
Indonesia,IDN,1931,147.69078
Indonesia,IDN,1932,147.83185
Indonesia,IDN,1933,147.97577
Indonesia,IDN,1934,148.12355
Indonesia,IDN,1935,148.27478
Indonesia,IDN,1936,148.42831
Indonesia,IDN,1937,148.58286
Indonesia,IDN,1938,148.73688
Indonesia,IDN,1939,148.88849
Indonesia,IDN,1940,149.03638
Indonesia,IDN,1941,149.1812
Indonesia,IDN,1942,149.3237
Indonesia,IDN,1943,149.46515
Indonesia,IDN,1944,149.60693
Indonesia,IDN,1945,149.74811
Indonesia,IDN,1946,149.88817
Indonesia,IDN,1947,150.02557
Indonesia,IDN,1948,150.15898
Indonesia,IDN,1949,150.28746
Indonesia,IDN,1950,150.40993
Indonesia,IDN,1951,150.52528
Indonesia,IDN,1952,150.63203
Indonesia,IDN,1953,150.72961
Indonesia,IDN,1954,150.81746
Indonesia,IDN,1955,150.89578
Indonesia,IDN,1956,150.96495
Indonesia,IDN,1957,151.02605
Indonesia,IDN,1958,151.07994
Indonesia,IDN,1959,151.12784
Indonesia,IDN,1960,151.17056
Indonesia,IDN,1961,151.20871
Indonesia,IDN,1962,151.24263
Indonesia,IDN,1963,151.2716
Indonesia,IDN,1964,151.29541
Indonesia,IDN,1965,151.31505
Indonesia,IDN,1966,151.33275
Indonesia,IDN,1967,151.35027
Indonesia,IDN,1968,151.36774
Indonesia,IDN,1969,151.38509
Indonesia,IDN,1970,151.4027
Indonesia,IDN,1971,151.42143
Indonesia,IDN,1972,151.4416
Indonesia,IDN,1973,151.46391
Indonesia,IDN,1974,151.48933
Indonesia,IDN,1975,151.51747
Indonesia,IDN,1976,151.54897
Indonesia,IDN,1977,151.58273
Indonesia,IDN,1978,151.619
Indonesia,IDN,1979,151.65825
Indonesia,IDN,1980,151.70195
Indonesia,IDN,1981,151.75064
Indonesia,IDN,1982,151.80441
Indonesia,IDN,1983,151.86333
Indonesia,IDN,1984,151.92635
Indonesia,IDN,1985,151.99228
Indonesia,IDN,1986,152.06038
Indonesia,IDN,1987,152.12962
Indonesia,IDN,1988,152.19998
Indonesia,IDN,1989,152.2713
Indonesia,IDN,1990,152.34319
Indonesia,IDN,1991,152.4165
Indonesia,IDN,1992,152.49118
Indonesia,IDN,1993,152.56723
Indonesia,IDN,1994,152.64427
Indonesia,IDN,1995,152.72136
Indonesia,IDN,1996,152.79904
Iran,IRN,1896,148.54028
Iran,IRN,1897,148.67453
Iran,IRN,1898,148.80916
Iran,IRN,1899,148.94388
Iran,IRN,1900,149.07854
Iran,IRN,1901,149.21257
Iran,IRN,1902,149.34645
Iran,IRN,1903,149.47957
Iran,IRN,1904,149.6117
Iran,IRN,1905,149.74281
Iran,IRN,1906,149.87352
Iran,IRN,1907,150.00343
Iran,IRN,1908,150.1327
Iran,IRN,1909,150.26158
Iran,IRN,1910,150.3906
Iran,IRN,1911,150.52022
Iran,IRN,1912,150.65091
Iran,IRN,1913,150.78311
Iran,IRN,1914,150.91621
Iran,IRN,1915,151.05083
Iran,IRN,1916,151.18713
Iran,IRN,1917,151.32504
Iran,IRN,1918,151.46506
Iran,IRN,1919,151.60582
Iran,IRN,1920,151.74715
Iran,IRN,1921,151.8875
Iran,IRN,1922,152.02643
Iran,IRN,1923,152.16264
Iran,IRN,1924,152.2964
Iran,IRN,1925,152.42857
Iran,IRN,1926,152.55913
Iran,IRN,1927,152.68863
Iran,IRN,1928,152.81743
Iran,IRN,1929,152.94644
Iran,IRN,1930,153.0763
Iran,IRN,1931,153.20584
Iran,IRN,1932,153.33577
Iran,IRN,1933,153.46661
Iran,IRN,1934,153.59854
Iran,IRN,1935,153.73094
Iran,IRN,1936,153.86345
Iran,IRN,1937,153.99493
Iran,IRN,1938,154.12482
Iran,IRN,1939,154.25311
Iran,IRN,1940,154.37971
Iran,IRN,1941,154.50438
Iran,IRN,1942,154.62729
Iran,IRN,1943,154.74988
Iran,IRN,1944,154.87292
Iran,IRN,1945,154.99657
Iran,IRN,1946,155.12077
Iran,IRN,1947,155.24522
Iran,IRN,1948,155.36891
Iran,IRN,1949,155.49197
Iran,IRN,1950,155.6149
Iran,IRN,1951,155.738
Iran,IRN,1952,155.86023
Iran,IRN,1953,155.98152
Iran,IRN,1954,156.10158
Iran,IRN,1955,156.22066
Iran,IRN,1956,156.33777
Iran,IRN,1957,156.45387
Iran,IRN,1958,156.5695
Iran,IRN,1959,156.68375
Iran,IRN,1960,156.79703
Iran,IRN,1961,156.90968
Iran,IRN,1962,157.02097
Iran,IRN,1963,157.12944
Iran,IRN,1964,157.23454
Iran,IRN,1965,157.33601
Iran,IRN,1966,157.43544
Iran,IRN,1967,157.53406
Iran,IRN,1968,157.63168
Iran,IRN,1969,157.72754
Iran,IRN,1970,157.82101
Iran,IRN,1971,157.9125
Iran,IRN,1972,158.00212
Iran,IRN,1973,158.09052
Iran,IRN,1974,158.17934
Iran,IRN,1975,158.26706
Iran,IRN,1976,158.35324
Iran,IRN,1977,158.43607
Iran,IRN,1978,158.51582
Iran,IRN,1979,158.59288
Iran,IRN,1980,158.66861
Iran,IRN,1981,158.74356
Iran,IRN,1982,158.81908
Iran,IRN,1983,158.89488
Iran,IRN,1984,158.9699
Iran,IRN,1985,159.0433
Iran,IRN,1986,159.11418
Iran,IRN,1987,159.18187
Iran,IRN,1988,159.24568
Iran,IRN,1989,159.30568
Iran,IRN,1990,159.3618
Iran,IRN,1991,159.41573
Iran,IRN,1992,159.46794
Iran,IRN,1993,159.51918
Iran,IRN,1994,159.56885
Iran,IRN,1995,159.61789
Iran,IRN,1996,159.66687
Iraq,IRQ,1896,149.6838
Iraq,IRQ,1897,149.82404
Iraq,IRQ,1898,149.96466
Iraq,IRQ,1899,150.10556
Iraq,IRQ,1900,150.24644
Iraq,IRQ,1901,150.38681
Iraq,IRQ,1902,150.52673
Iraq,IRQ,1903,150.66602
Iraq,IRQ,1904,150.80418
Iraq,IRQ,1905,150.9414
Iraq,IRQ,1906,151.078
Iraq,IRQ,1907,151.2137
Iraq,IRQ,1908,151.34856
Iraq,IRQ,1909,151.4827
Iraq,IRQ,1910,151.61668
Iraq,IRQ,1911,151.75127
Iraq,IRQ,1912,151.88698
Iraq,IRQ,1913,152.02396
Iraq,IRQ,1914,152.16191
Iraq,IRQ,1915,152.3012
Iraq,IRQ,1916,152.44206
Iraq,IRQ,1917,152.58456
Iraq,IRQ,1918,152.7287
Iraq,IRQ,1919,152.87358
Iraq,IRQ,1920,153.01892
Iraq,IRQ,1921,153.16354
Iraq,IRQ,1922,153.30695
Iraq,IRQ,1923,153.44826
Iraq,IRQ,1924,153.58757
Iraq,IRQ,1925,153.72565
Iraq,IRQ,1926,153.86256
Iraq,IRQ,1927,153.99884
Iraq,IRQ,1928,154.13478
Iraq,IRQ,1929,154.27112
Iraq,IRQ,1930,154.40808
Iraq,IRQ,1931,154.54485
Iraq,IRQ,1932,154.68192
Iraq,IRQ,1933,154.8199
Iraq,IRQ,1934,154.95901
Iraq,IRQ,1935,155.09877
Iraq,IRQ,1936,155.23871
Iraq,IRQ,1937,155.37778
Iraq,IRQ,1938,155.51485
Iraq,IRQ,1939,155.65004
Iraq,IRQ,1940,155.78291
Iraq,IRQ,1941,155.91316
Iraq,IRQ,1942,156.0407
Iraq,IRQ,1943,156.16705
Iraq,IRQ,1944,156.29234
Iraq,IRQ,1945,156.41722
Iraq,IRQ,1946,156.54128
Iraq,IRQ,1947,156.66403
Iraq,IRQ,1948,156.78444
Iraq,IRQ,1949,156.90253
Iraq,IRQ,1950,157.01845
Iraq,IRQ,1951,157.13228
Iraq,IRQ,1952,157.24304
Iraq,IRQ,1953,157.35071
Iraq,IRQ,1954,157.45476
Iraq,IRQ,1955,157.55516
Iraq,IRQ,1956,157.65128
Iraq,IRQ,1957,157.74397
Iraq,IRQ,1958,157.83359
Iraq,IRQ,1959,157.91905
Iraq,IRQ,1960,158.00108
Iraq,IRQ,1961,158.07922
Iraq,IRQ,1962,158.15263
Iraq,IRQ,1963,158.22006
Iraq,IRQ,1964,158.28078
Iraq,IRQ,1965,158.33484
Iraq,IRQ,1966,158.384
Iraq,IRQ,1967,158.42938
Iraq,IRQ,1968,158.47093
Iraq,IRQ,1969,158.50804
Iraq,IRQ,1970,158.5405
Iraq,IRQ,1971,158.56865
Iraq,IRQ,1972,158.59268
Iraq,IRQ,1973,158.61333
Iraq,IRQ,1974,158.63232
Iraq,IRQ,1975,158.64874
Iraq,IRQ,1976,158.66278
Iraq,IRQ,1977,158.67343
Iraq,IRQ,1978,158.68102
Iraq,IRQ,1979,158.68636
Iraq,IRQ,1980,158.69115
Iraq,IRQ,1981,158.6964
Iraq,IRQ,1982,158.7031
Iraq,IRQ,1983,158.71112
Iraq,IRQ,1984,158.7195
Iraq,IRQ,1985,158.7276
Iraq,IRQ,1986,158.73457
Iraq,IRQ,1987,158.73943
Iraq,IRQ,1988,158.74078
Iraq,IRQ,1989,158.73914
Iraq,IRQ,1990,158.73378
Iraq,IRQ,1991,158.72667
Iraq,IRQ,1992,158.71814
Iraq,IRQ,1993,158.70854
Iraq,IRQ,1994,158.69727
Iraq,IRQ,1995,158.68535
Iraq,IRQ,1996,158.67357
Ireland,IRL,1896,153.95224
Ireland,IRL,1897,154.07393
Ireland,IRL,1898,154.19583
Ireland,IRL,1899,154.31789
Ireland,IRL,1900,154.44008
Ireland,IRL,1901,154.56235
Ireland,IRL,1902,154.68489
Ireland,IRL,1903,154.80757
Ireland,IRL,1904,154.92981
Ireland,IRL,1905,155.052
Ireland,IRL,1906,155.17479
Ireland,IRL,1907,155.29845
Ireland,IRL,1908,155.42291
Ireland,IRL,1909,155.54854
Ireland,IRL,1910,155.67743
Ireland,IRL,1911,155.81128
Ireland,IRL,1912,155.95096
Ireland,IRL,1913,156.09688
Ireland,IRL,1914,156.24901
Ireland,IRL,1915,156.4068
Ireland,IRL,1916,156.56941
Ireland,IRL,1917,156.73592
Ireland,IRL,1918,156.90497
Ireland,IRL,1919,157.07481
Ireland,IRL,1920,157.24582
Ireland,IRL,1921,157.41747
Ireland,IRL,1922,157.58997
Ireland,IRL,1923,157.76224
Ireland,IRL,1924,157.93494
Ireland,IRL,1925,158.11024
Ireland,IRL,1926,158.2882
Ireland,IRL,1927,158.46849
Ireland,IRL,1928,158.65088
Ireland,IRL,1929,158.8354
Ireland,IRL,1930,159.02052
Ireland,IRL,1931,159.20282
Ireland,IRL,1932,159.3813
Ireland,IRL,1933,159.55635
Ireland,IRL,1934,159.72896
Ireland,IRL,1935,159.89932
Ireland,IRL,1936,160.06721
Ireland,IRL,1937,160.2314
Ireland,IRL,1938,160.38977
Ireland,IRL,1939,160.54059
Ireland,IRL,1940,160.68146
Ireland,IRL,1941,160.81068
Ireland,IRL,1942,160.9288
Ireland,IRL,1943,161.03769
Ireland,IRL,1944,161.13857
Ireland,IRL,1945,161.23346
Ireland,IRL,1946,161.32481
Ireland,IRL,1947,161.41336
Ireland,IRL,1948,161.49992
Ireland,IRL,1949,161.58627
Ireland,IRL,1950,161.67418
Ireland,IRL,1951,161.76437
Ireland,IRL,1952,161.85687
Ireland,IRL,1953,161.95262
Ireland,IRL,1954,162.05167
Ireland,IRL,1955,162.15353
Ireland,IRL,1956,162.25694
Ireland,IRL,1957,162.3627
Ireland,IRL,1958,162.47112
Ireland,IRL,1959,162.5809
Ireland,IRL,1960,162.69229
Ireland,IRL,1961,162.80516
Ireland,IRL,1962,162.91783
Ireland,IRL,1963,163.02797
Ireland,IRL,1964,163.13217
Ireland,IRL,1965,163.22913
Ireland,IRL,1966,163.31844
Ireland,IRL,1967,163.40138
Ireland,IRL,1968,163.47862
Ireland,IRL,1969,163.55186
Ireland,IRL,1970,163.62135
Ireland,IRL,1971,163.68803
Ireland,IRL,1972,163.75249
Ireland,IRL,1973,163.81496
Ireland,IRL,1974,163.87538
Ireland,IRL,1975,163.9329
Ireland,IRL,1976,163.9873
Ireland,IRL,1977,164.0381
Ireland,IRL,1978,164.08551
Ireland,IRL,1979,164.13065
Ireland,IRL,1980,164.17621
Ireland,IRL,1981,164.2235
Ireland,IRL,1982,164.27441
Ireland,IRL,1983,164.33014
Ireland,IRL,1984,164.38963
Ireland,IRL,1985,164.45135
Ireland,IRL,1986,164.51413
Ireland,IRL,1987,164.577
Ireland,IRL,1988,164.63866
Ireland,IRL,1989,164.6992
Ireland,IRL,1990,164.75854
Ireland,IRL,1991,164.818
Ireland,IRL,1992,164.8774
Ireland,IRL,1993,164.93694
Ireland,IRL,1994,164.99588
Ireland,IRL,1995,165.05475
Ireland,IRL,1996,165.11375
Israel,ISR,1896,151.99535
Israel,ISR,1897,152.09354
Israel,ISR,1898,152.19208
Israel,ISR,1899,152.29073
Israel,ISR,1900,152.38933
Israel,ISR,1901,152.48817
Israel,ISR,1902,152.58733
Israel,ISR,1903,152.68616
Israel,ISR,1904,152.78468
Israel,ISR,1905,152.88339
Israel,ISR,1906,152.9829
Israel,ISR,1907,153.0839
Israel,ISR,1908,153.18687
Israel,ISR,1909,153.29243
Israel,ISR,1910,153.4027
Israel,ISR,1911,153.51924
Israel,ISR,1912,153.64284
Israel,ISR,1913,153.77364
Israel,ISR,1914,153.91245
Israel,ISR,1915,154.05911
Israel,ISR,1916,154.21283
Israel,ISR,1917,154.37285
Israel,ISR,1918,154.53767
Israel,ISR,1919,154.70563
Israel,ISR,1920,154.87599
Israel,ISR,1921,155.0481
Israel,ISR,1922,155.22076
Israel,ISR,1923,155.39177
Israel,ISR,1924,155.56094
Israel,ISR,1925,155.72948
Israel,ISR,1926,155.89651
Israel,ISR,1927,156.0611
Israel,ISR,1928,156.223
Israel,ISR,1929,156.38242
Israel,ISR,1930,156.53893
Israel,ISR,1931,156.69089
Israel,ISR,1932,156.83885
Israel,ISR,1933,156.9848
Israel,ISR,1934,157.13057
Israel,ISR,1935,157.27672
Israel,ISR,1936,157.42334
Israel,ISR,1937,157.56905
Israel,ISR,1938,157.71239
Israel,ISR,1939,157.85213
Israel,ISR,1940,157.98651
Israel,ISR,1941,158.11407
Israel,ISR,1942,158.23625
Israel,ISR,1943,158.35448
Israel,ISR,1944,158.47081
Israel,ISR,1945,158.58607
Israel,ISR,1946,158.7015
Israel,ISR,1947,158.8184
Israel,ISR,1948,158.93698
Israel,ISR,1949,159.05711
Israel,ISR,1950,159.18011
Israel,ISR,1951,159.30573
Israel,ISR,1952,159.4339
Israel,ISR,1953,159.56445
Israel,ISR,1954,159.69785
Israel,ISR,1955,159.8341
Israel,ISR,1956,159.97198
Israel,ISR,1957,160.11188
Israel,ISR,1958,160.25323
Israel,ISR,1959,160.3946
Israel,ISR,1960,160.53552
Israel,ISR,1961,160.67448
Israel,ISR,1962,160.80939
Israel,ISR,1963,160.93716
Israel,ISR,1964,161.05507
Israel,ISR,1965,161.16162
Israel,ISR,1966,161.25665
Israel,ISR,1967,161.34225
Israel,ISR,1968,161.419
Israel,ISR,1969,161.48906
Israel,ISR,1970,161.55237
Israel,ISR,1971,161.6098
Israel,ISR,1972,161.66132
Israel,ISR,1973,161.707
Israel,ISR,1974,161.7465
Israel,ISR,1975,161.779
Israel,ISR,1976,161.80447
Israel,ISR,1977,161.82285
Israel,ISR,1978,161.83466
Israel,ISR,1979,161.84158
Israel,ISR,1980,161.84564
Israel,ISR,1981,161.84836
Israel,ISR,1982,161.85075
Israel,ISR,1983,161.8538
Israel,ISR,1984,161.85684
Israel,ISR,1985,161.85912
Israel,ISR,1986,161.86021
Israel,ISR,1987,161.85963
Israel,ISR,1988,161.85684
Israel,ISR,1989,161.8523
Israel,ISR,1990,161.84587
Israel,ISR,1991,161.83917
Israel,ISR,1992,161.83218
Israel,ISR,1993,161.82526
Israel,ISR,1994,161.81793
Israel,ISR,1995,161.81096
Israel,ISR,1996,161.80408
Italy,ITA,1896,153.50368
Italy,ITA,1897,153.5593
Italy,ITA,1898,153.61542
Italy,ITA,1899,153.67163
Italy,ITA,1900,153.72829
Italy,ITA,1901,153.78514
Italy,ITA,1902,153.84232
Italy,ITA,1903,153.89912
Italy,ITA,1904,153.95583
Italy,ITA,1905,154.01328
Italy,ITA,1906,154.07242
Italy,ITA,1907,154.13399
Italy,ITA,1908,154.19885
Italy,ITA,1909,154.2681
Italy,ITA,1910,154.34389
Italy,ITA,1911,154.42854
Italy,ITA,1912,154.5232
Italy,ITA,1913,154.62767
Italy,ITA,1914,154.7432
Italy,ITA,1915,154.86934
Italy,ITA,1916,155.00517
Italy,ITA,1917,155.14929
Italy,ITA,1918,155.29993
Italy,ITA,1919,155.45575
Italy,ITA,1920,155.61513
Italy,ITA,1921,155.7765
Italy,ITA,1922,155.93816
Italy,ITA,1923,156.09738
Italy,ITA,1924,156.25397
Italy,ITA,1925,156.40862
Italy,ITA,1926,156.56023
Italy,ITA,1927,156.70706
Italy,ITA,1928,156.84811
Italy,ITA,1929,156.98357
Italy,ITA,1930,157.11284
Italy,ITA,1931,157.23448
Italy,ITA,1932,157.34933
Italy,ITA,1933,157.45927
Italy,ITA,1934,157.567
Italy,ITA,1935,157.67372
Italy,ITA,1936,157.77977
Italy,ITA,1937,157.88419
Italy,ITA,1938,157.98529
Italy,ITA,1939,158.08102
Italy,ITA,1940,158.17003
Italy,ITA,1941,158.25087
Italy,ITA,1942,158.3256
Italy,ITA,1943,158.39703
Italy,ITA,1944,158.46771
Italy,ITA,1945,158.53906
Italy,ITA,1946,158.61238
Italy,ITA,1947,158.68983
Italy,ITA,1948,158.77197
Italy,ITA,1949,158.85892
Italy,ITA,1950,158.95253
Italy,ITA,1951,159.05327
Italy,ITA,1952,159.16115
Italy,ITA,1953,159.27725
Italy,ITA,1954,159.40195
Italy,ITA,1955,159.53542
Italy,ITA,1956,159.67728
Italy,ITA,1957,159.82764
Italy,ITA,1958,159.98613
Italy,ITA,1959,160.15111
Italy,ITA,1960,160.3221
Italy,ITA,1961,160.49794
Italy,ITA,1962,160.67618
Italy,ITA,1963,160.85301
Italy,ITA,1964,161.02513
Italy,ITA,1965,161.19081
Italy,ITA,1966,161.34993
Italy,ITA,1967,161.50423
Italy,ITA,1968,161.65445
Italy,ITA,1969,161.80185
Italy,ITA,1970,161.94586
Italy,ITA,1971,162.08679
Italy,ITA,1972,162.22432
Italy,ITA,1973,162.35776
Italy,ITA,1974,162.48682
Italy,ITA,1975,162.61009
Italy,ITA,1976,162.72734
Italy,ITA,1977,162.83813
Italy,ITA,1978,162.94328
Italy,ITA,1979,163.04367
Italy,ITA,1980,163.1413
Italy,ITA,1981,163.23767
Italy,ITA,1982,163.33414
Italy,ITA,1983,163.43127
Italy,ITA,1984,163.5287
Italy,ITA,1985,163.62558
Italy,ITA,1986,163.72101
Italy,ITA,1987,163.8148
Italy,ITA,1988,163.90683
Italy,ITA,1989,163.99663
Italy,ITA,1990,164.08437
Italy,ITA,1991,164.17169
Italy,ITA,1992,164.25917
Italy,ITA,1993,164.3469
Italy,ITA,1994,164.43416
Italy,ITA,1995,164.5216
Italy,ITA,1996,164.60919
Jamaica,JAM,1896,152.26073
Jamaica,JAM,1897,152.46162
Jamaica,JAM,1898,152.66306
Jamaica,JAM,1899,152.86435
Jamaica,JAM,1900,153.06554
Jamaica,JAM,1901,153.26689
Jamaica,JAM,1902,153.46788
Jamaica,JAM,1903,153.66818
Jamaica,JAM,1904,153.86716
Jamaica,JAM,1905,154.06474
Jamaica,JAM,1906,154.26106
Jamaica,JAM,1907,154.45605
Jamaica,JAM,1908,154.65051
Jamaica,JAM,1909,154.84433
Jamaica,JAM,1910,155.03795
Jamaica,JAM,1911,155.23198
Jamaica,JAM,1912,155.42665
Jamaica,JAM,1913,155.62288
Jamaica,JAM,1914,155.82013
Jamaica,JAM,1915,156.01895
Jamaica,JAM,1916,156.21921
Jamaica,JAM,1917,156.42102
Jamaica,JAM,1918,156.6238
Jamaica,JAM,1919,156.82713
Jamaica,JAM,1920,157.03075
Jamaica,JAM,1921,157.23322
Jamaica,JAM,1922,157.43379
Jamaica,JAM,1923,157.63162
Jamaica,JAM,1924,157.82664
Jamaica,JAM,1925,158.01962
Jamaica,JAM,1926,158.21037
Jamaica,JAM,1927,158.39946
Jamaica,JAM,1928,158.58643
Jamaica,JAM,1929,158.77138
Jamaica,JAM,1930,158.95323
Jamaica,JAM,1931,159.13118
Jamaica,JAM,1932,159.30429
Jamaica,JAM,1933,159.47388
Jamaica,JAM,1934,159.64085
Jamaica,JAM,1935,159.80621
Jamaica,JAM,1936,159.97052
Jamaica,JAM,1937,160.1329
Jamaica,JAM,1938,160.29272
Jamaica,JAM,1939,160.44955
Jamaica,JAM,1940,160.60275
Jamaica,JAM,1941,160.75223
Jamaica,JAM,1942,160.898
Jamaica,JAM,1943,161.04196
Jamaica,JAM,1944,161.18463
Jamaica,JAM,1945,161.32603
Jamaica,JAM,1946,161.46638
Jamaica,JAM,1947,161.60535
Jamaica,JAM,1948,161.7421
Jamaica,JAM,1949,161.87608
Jamaica,JAM,1950,162.00612
Jamaica,JAM,1951,162.13188
Jamaica,JAM,1952,162.25185
Jamaica,JAM,1953,162.36598
Jamaica,JAM,1954,162.47379
Jamaica,JAM,1955,162.57573
Jamaica,JAM,1956,162.67215
Jamaica,JAM,1957,162.76308
Jamaica,JAM,1958,162.84906
Jamaica,JAM,1959,162.93019
Jamaica,JAM,1960,163.00641
Jamaica,JAM,1961,163.07745
Jamaica,JAM,1962,163.1431
Jamaica,JAM,1963,163.2019
Jamaica,JAM,1964,163.2527
Jamaica,JAM,1965,163.29486
Jamaica,JAM,1966,163.32866
Jamaica,JAM,1967,163.35515
Jamaica,JAM,1968,163.37505
Jamaica,JAM,1969,163.3898
Jamaica,JAM,1970,163.39978
Jamaica,JAM,1971,163.40671
Jamaica,JAM,1972,163.41125
Jamaica,JAM,1973,163.41383
Jamaica,JAM,1974,163.41524
Jamaica,JAM,1975,163.41505
Jamaica,JAM,1976,163.4122
Jamaica,JAM,1977,163.40678
Jamaica,JAM,1978,163.39894
Jamaica,JAM,1979,163.38953
Jamaica,JAM,1980,163.38023
Jamaica,JAM,1981,163.37146
Jamaica,JAM,1982,163.3637
Jamaica,JAM,1983,163.35706
Jamaica,JAM,1984,163.3509
Jamaica,JAM,1985,163.34361
Jamaica,JAM,1986,163.33371
Jamaica,JAM,1987,163.32088
Jamaica,JAM,1988,163.30406
Jamaica,JAM,1989,163.28435
Jamaica,JAM,1990,163.26219
Jamaica,JAM,1991,163.23888
Jamaica,JAM,1992,163.2155
Jamaica,JAM,1993,163.1917
Jamaica,JAM,1994,163.16797
Jamaica,JAM,1995,163.14455
Jamaica,JAM,1996,163.12123
Japan,JPN,1896,142.29358
Japan,JPN,1897,142.55873
Japan,JPN,1898,142.8248
Japan,JPN,1899,143.0914
Japan,JPN,1900,143.35834
Japan,JPN,1901,143.62474
Japan,JPN,1902,143.8901
Japan,JPN,1903,144.15335
Japan,JPN,1904,144.41405
Japan,JPN,1905,144.67216
Japan,JPN,1906,144.92732
Japan,JPN,1907,145.17935
Japan,JPN,1908,145.42805
Japan,JPN,1909,145.67377
Japan,JPN,1910,145.91695
Japan,JPN,1911,146.15779
Japan,JPN,1912,146.3974
Japan,JPN,1913,146.6368
Japan,JPN,1914,146.8759
Japan,JPN,1915,147.11528
Japan,JPN,1916,147.35588
Japan,JPN,1917,147.59914
Japan,JPN,1918,147.8461
Japan,JPN,1919,148.0958
Japan,JPN,1920,148.34796
Japan,JPN,1921,148.60066
Japan,JPN,1922,148.85255
Japan,JPN,1923,149.10295
Japan,JPN,1924,149.35185
Japan,JPN,1925,149.60114
Japan,JPN,1926,149.85164
Japan,JPN,1927,150.10355
Japan,JPN,1928,150.35747
Japan,JPN,1929,150.61292
Japan,JPN,1930,150.86842
Japan,JPN,1931,151.12154
Japan,JPN,1932,151.371
Japan,JPN,1933,151.61774
Japan,JPN,1934,151.8622
Japan,JPN,1935,152.10536
Japan,JPN,1936,152.3476
Japan,JPN,1937,152.58888
Japan,JPN,1938,152.82863
Japan,JPN,1939,153.06607
Japan,JPN,1940,153.29973
Japan,JPN,1941,153.52963
Japan,JPN,1942,153.75581
Japan,JPN,1943,153.97884
Japan,JPN,1944,154.19868
Japan,JPN,1945,154.41525
Japan,JPN,1946,154.62868
Japan,JPN,1947,154.83815
Japan,JPN,1948,155.04312
Japan,JPN,1949,155.2439
Japan,JPN,1950,155.44121
Japan,JPN,1951,155.6356
Japan,JPN,1952,155.82623
Japan,JPN,1953,156.01341
Japan,JPN,1954,156.19678
Japan,JPN,1955,156.37585
Japan,JPN,1956,156.5499
Japan,JPN,1957,156.71814
Japan,JPN,1958,156.88104
Japan,JPN,1959,157.03905
Japan,JPN,1960,157.19342
Japan,JPN,1961,157.34422
Japan,JPN,1962,157.49002
Japan,JPN,1963,157.6292
Japan,JPN,1964,157.75935
Japan,JPN,1965,157.87915
Japan,JPN,1966,157.98813
Japan,JPN,1967,158.08582
Japan,JPN,1968,158.17212
Japan,JPN,1969,158.2474
Japan,JPN,1970,158.31206
Japan,JPN,1971,158.36678
Japan,JPN,1972,158.4119
Japan,JPN,1973,158.44868
Japan,JPN,1974,158.47835
Japan,JPN,1975,158.50046
Japan,JPN,1976,158.5153
Japan,JPN,1977,158.52243
Japan,JPN,1978,158.52237
Japan,JPN,1979,158.5164
Japan,JPN,1980,158.50726
Japan,JPN,1981,158.49638
Japan,JPN,1982,158.48524
Japan,JPN,1983,158.47514
Japan,JPN,1984,158.46594
Japan,JPN,1985,158.45714
Japan,JPN,1986,158.4482
Japan,JPN,1987,158.43837
Japan,JPN,1988,158.42694
Japan,JPN,1989,158.4142
Japan,JPN,1990,158.4002
Japan,JPN,1991,158.38599
Japan,JPN,1992,158.37184
Japan,JPN,1993,158.35806
Japan,JPN,1994,158.34395
Japan,JPN,1995,158.32944
Japan,JPN,1996,158.3148
Jordan,JOR,1896,150.20483
Jordan,JOR,1897,150.33711
Jordan,JOR,1898,150.46965
Jordan,JOR,1899,150.60223
Jordan,JOR,1900,150.73486
Jordan,JOR,1901,150.86699
Jordan,JOR,1902,150.99892
Jordan,JOR,1903,151.13013
Jordan,JOR,1904,151.26045
Jordan,JOR,1905,151.38974
Jordan,JOR,1906,151.5181
Jordan,JOR,1907,151.6454
Jordan,JOR,1908,151.77176
Jordan,JOR,1909,151.89734
Jordan,JOR,1910,152.02277
Jordan,JOR,1911,152.14845
Jordan,JOR,1912,152.27534
Jordan,JOR,1913,152.40352
Jordan,JOR,1914,152.53285
Jordan,JOR,1915,152.66357
Jordan,JOR,1916,152.79575
Jordan,JOR,1917,152.92926
Jordan,JOR,1918,153.06456
Jordan,JOR,1919,153.20044
Jordan,JOR,1920,153.33673
Jordan,JOR,1921,153.47235
Jordan,JOR,1922,153.60703
Jordan,JOR,1923,153.73938
Jordan,JOR,1924,153.86975
Jordan,JOR,1925,153.99905
Jordan,JOR,1926,154.12737
Jordan,JOR,1927,154.25508
Jordan,JOR,1928,154.38246
Jordan,JOR,1929,154.51035
Jordan,JOR,1930,154.63927
Jordan,JOR,1931,154.76785
Jordan,JOR,1932,154.8968
Jordan,JOR,1933,155.02655
Jordan,JOR,1934,155.15747
Jordan,JOR,1935,155.289
Jordan,JOR,1936,155.42067
Jordan,JOR,1937,155.55138
Jordan,JOR,1938,155.68039
Jordan,JOR,1939,155.80742
Jordan,JOR,1940,155.93173
Jordan,JOR,1941,156.05316
Jordan,JOR,1942,156.1718
Jordan,JOR,1943,156.28859
Jordan,JOR,1944,156.40434
Jordan,JOR,1945,156.51941
Jordan,JOR,1946,156.63412
Jordan,JOR,1947,156.74792
Jordan,JOR,1948,156.8598
Jordan,JOR,1949,156.9701
Jordan,JOR,1950,157.07924
Jordan,JOR,1951,157.18729
Jordan,JOR,1952,157.29346
Jordan,JOR,1953,157.39755
Jordan,JOR,1954,157.49934
Jordan,JOR,1955,157.59898
Jordan,JOR,1956,157.6956
Jordan,JOR,1957,157.7899
Jordan,JOR,1958,157.88205
Jordan,JOR,1959,157.97116
Jordan,JOR,1960,158.05739
Jordan,JOR,1961,158.14026
Jordan,JOR,1962,158.21895
Jordan,JOR,1963,158.29192
Jordan,JOR,1964,158.35884
Jordan,JOR,1965,158.41959
Jordan,JOR,1966,158.47565
Jordan,JOR,1967,158.52835
Jordan,JOR,1968,158.57759
Jordan,JOR,1969,158.62234
Jordan,JOR,1970,158.66208
Jordan,JOR,1971,158.69711
Jordan,JOR,1972,158.72755
Jordan,JOR,1973,158.75392
Jordan,JOR,1974,158.77797
Jordan,JOR,1975,158.79846
Jordan,JOR,1976,158.81584
Jordan,JOR,1977,158.82892
Jordan,JOR,1978,158.83841
Jordan,JOR,1979,158.84546
Jordan,JOR,1980,158.8515
Jordan,JOR,1981,158.85735
Jordan,JOR,1982,158.86458
Jordan,JOR,1983,158.87306
Jordan,JOR,1984,158.88193
Jordan,JOR,1985,158.8904
Jordan,JOR,1986,158.8971
Jordan,JOR,1987,158.90149
Jordan,JOR,1988,158.90242
Jordan,JOR,1989,158.90028
Jordan,JOR,1990,158.89441
Jordan,JOR,1991,158.88632
Jordan,JOR,1992,158.87657
Jordan,JOR,1993,158.86569
Jordan,JOR,1994,158.85347
Jordan,JOR,1995,158.8407
Jordan,JOR,1996,158.82805
Kazakhstan,KAZ,1896,151.13414
Kazakhstan,KAZ,1897,151.29193
Kazakhstan,KAZ,1898,151.45015
Kazakhstan,KAZ,1899,151.60855
Kazakhstan,KAZ,1900,151.76689
Kazakhstan,KAZ,1901,151.9249
Kazakhstan,KAZ,1902,152.08237
Kazakhstan,KAZ,1903,152.23892
Kazakhstan,KAZ,1904,152.39418
Kazakhstan,KAZ,1905,152.54837
Kazakhstan,KAZ,1906,152.70184
Kazakhstan,KAZ,1907,152.85457
Kazakhstan,KAZ,1908,153.00626
Kazakhstan,KAZ,1909,153.15698
Kazakhstan,KAZ,1910,153.30763
Kazakhstan,KAZ,1911,153.45847
Kazakhstan,KAZ,1912,153.61028
Kazakhstan,KAZ,1913,153.76297
Kazakhstan,KAZ,1914,153.91675
Kazakhstan,KAZ,1915,154.07173
Kazakhstan,KAZ,1916,154.2277
Kazakhstan,KAZ,1917,154.38455
Kazakhstan,KAZ,1918,154.54245
Kazakhstan,KAZ,1919,154.701
Kazakhstan,KAZ,1920,154.8597
Kazakhstan,KAZ,1921,155.01752
Kazakhstan,KAZ,1922,155.17448
Kazakhstan,KAZ,1923,155.32953
Kazakhstan,KAZ,1924,155.4831
Kazakhstan,KAZ,1925,155.6357
Kazakhstan,KAZ,1926,155.78728
Kazakhstan,KAZ,1927,155.93837
Kazakhstan,KAZ,1928,156.08894
Kazakhstan,KAZ,1929,156.23917
Kazakhstan,KAZ,1930,156.38892
Kazakhstan,KAZ,1931,156.53726
Kazakhstan,KAZ,1932,156.68448
Kazakhstan,KAZ,1933,156.83084
Kazakhstan,KAZ,1934,156.9771
Kazakhstan,KAZ,1935,157.12306
Kazakhstan,KAZ,1936,157.26831
Kazakhstan,KAZ,1937,157.41182
Kazakhstan,KAZ,1938,157.55312
Kazakhstan,KAZ,1939,157.69154
Kazakhstan,KAZ,1940,157.82655
Kazakhstan,KAZ,1941,157.95766
Kazakhstan,KAZ,1942,158.08502
Kazakhstan,KAZ,1943,158.20975
Kazakhstan,KAZ,1944,158.33186
Kazakhstan,KAZ,1945,158.4522
Kazakhstan,KAZ,1946,158.57033
Kazakhstan,KAZ,1947,158.68594
Kazakhstan,KAZ,1948,158.7978
Kazakhstan,KAZ,1949,158.90593
Kazakhstan,KAZ,1950,159.01036
Kazakhstan,KAZ,1951,159.11145
Kazakhstan,KAZ,1952,159.20795
Kazakhstan,KAZ,1953,159.30055
Kazakhstan,KAZ,1954,159.38864
Kazakhstan,KAZ,1955,159.4724
Kazakhstan,KAZ,1956,159.55173
Kazakhstan,KAZ,1957,159.62737
Kazakhstan,KAZ,1958,159.69952
Kazakhstan,KAZ,1959,159.76866
Kazakhstan,KAZ,1960,159.83514
Kazakhstan,KAZ,1961,159.89868
Kazakhstan,KAZ,1962,159.95798
Kazakhstan,KAZ,1963,160.01224
Kazakhstan,KAZ,1964,160.06032
Kazakhstan,KAZ,1965,160.10149
Kazakhstan,KAZ,1966,160.1362
Kazakhstan,KAZ,1967,160.16553
Kazakhstan,KAZ,1968,160.1893
Kazakhstan,KAZ,1969,160.20775
Kazakhstan,KAZ,1970,160.22067
Kazakhstan,KAZ,1971,160.22858
Kazakhstan,KAZ,1972,160.23206
Kazakhstan,KAZ,1973,160.23174
Kazakhstan,KAZ,1974,160.22849
Kazakhstan,KAZ,1975,160.22195
Kazakhstan,KAZ,1976,160.2119
Kazakhstan,KAZ,1977,160.19797
Kazakhstan,KAZ,1978,160.1803
Kazakhstan,KAZ,1979,160.15948
Kazakhstan,KAZ,1980,160.13754
Kazakhstan,KAZ,1981,160.11496
Kazakhstan,KAZ,1982,160.0926
Kazakhstan,KAZ,1983,160.07072
Kazakhstan,KAZ,1984,160.04884
Kazakhstan,KAZ,1985,160.02551
Kazakhstan,KAZ,1986,159.9998
Kazakhstan,KAZ,1987,159.97086
Kazakhstan,KAZ,1988,159.93773
Kazakhstan,KAZ,1989,159.90096
Kazakhstan,KAZ,1990,159.86009
Kazakhstan,KAZ,1991,159.81676
Kazakhstan,KAZ,1992,159.77155
Kazakhstan,KAZ,1993,159.72478
Kazakhstan,KAZ,1994,159.6764
Kazakhstan,KAZ,1995,159.62741
Kazakhstan,KAZ,1996,159.57834
Kenya,KEN,1896,155.90314
Kenya,KEN,1897,155.99579
Kenya,KEN,1898,156.08896
Kenya,KEN,1899,156.1825
Kenya,KEN,1900,156.27563
Kenya,KEN,1901,156.36835
Kenya,KEN,1902,156.4604
Kenya,KEN,1903,156.55168
Kenya,KEN,1904,156.64154
Kenya,KEN,1905,156.73009
Kenya,KEN,1906,156.81721
Kenya,KEN,1907,156.90327
Kenya,KEN,1908,156.98822
Kenya,KEN,1909,157.0726
Kenya,KEN,1910,157.15651
Kenya,KEN,1911,157.2405
Kenya,KEN,1912,157.32484
Kenya,KEN,1913,157.40971
Kenya,KEN,1914,157.49522
Kenya,KEN,1915,157.58151
Kenya,KEN,1916,157.66835
Kenya,KEN,1917,157.75633
Kenya,KEN,1918,157.84459
Kenya,KEN,1919,157.93254
Kenya,KEN,1920,158.0201
Kenya,KEN,1921,158.10637
Kenya,KEN,1922,158.19046
Kenya,KEN,1923,158.27158
Kenya,KEN,1924,158.35046
Kenya,KEN,1925,158.42859
Kenya,KEN,1926,158.50618
Kenya,KEN,1927,158.5834
Kenya,KEN,1928,158.66066
Kenya,KEN,1929,158.73834
Kenya,KEN,1930,158.8155
Kenya,KEN,1931,158.89095
Kenya,KEN,1932,158.96527
Kenya,KEN,1933,159.03941
Kenya,KEN,1934,159.11453
Kenya,KEN,1935,159.19005
Kenya,KEN,1936,159.2659
Kenya,KEN,1937,159.34131
Kenya,KEN,1938,159.41573
Kenya,KEN,1939,159.48895
Kenya,KEN,1940,159.55984
Kenya,KEN,1941,159.62816
Kenya,KEN,1942,159.6939
Kenya,KEN,1943,159.75864
Kenya,KEN,1944,159.82243
Kenya,KEN,1945,159.885
Kenya,KEN,1946,159.9468
Kenya,KEN,1947,160.00792
Kenya,KEN,1948,160.06744
Kenya,KEN,1949,160.12607
Kenya,KEN,1950,160.18465
Kenya,KEN,1951,160.24217
Kenya,KEN,1952,160.29655
Kenya,KEN,1953,160.3474
Kenya,KEN,1954,160.39345
Kenya,KEN,1955,160.43425
Kenya,KEN,1956,160.46948
Kenya,KEN,1957,160.49982
Kenya,KEN,1958,160.5257
Kenya,KEN,1959,160.54703
Kenya,KEN,1960,160.56316
Kenya,KEN,1961,160.57365
Kenya,KEN,1962,160.57811
Kenya,KEN,1963,160.57483
Kenya,KEN,1964,160.56252
Kenya,KEN,1965,160.54164
Kenya,KEN,1966,160.51282
Kenya,KEN,1967,160.47697
Kenya,KEN,1968,160.43471
Kenya,KEN,1969,160.38591
Kenya,KEN,1970,160.33069
Kenya,KEN,1971,160.2696
Kenya,KEN,1972,160.20331
Kenya,KEN,1973,160.13275
Kenya,KEN,1974,160.05923
Kenya,KEN,1975,159.98203
Kenya,KEN,1976,159.90096
Kenya,KEN,1977,159.81607
Kenya,KEN,1978,159.72778
Kenya,KEN,1979,159.63649
Kenya,KEN,1980,159.54431
Kenya,KEN,1981,159.45303
Kenya,KEN,1982,159.36386
Kenya,KEN,1983,159.27725
Kenya,KEN,1984,159.1924
Kenya,KEN,1985,159.10799
Kenya,KEN,1986,159.02412
Kenya,KEN,1987,158.9395
Kenya,KEN,1988,158.85376
Kenya,KEN,1989,158.76802
Kenya,KEN,1990,158.6813
Kenya,KEN,1991,158.59517
Kenya,KEN,1992,158.50934
Kenya,KEN,1993,158.42342
Kenya,KEN,1994,158.337
Kenya,KEN,1995,158.25041
Kenya,KEN,1996,158.16405
Kiribati,KIR,1896,151.73648
Kiribati,KIR,1897,151.98131
Kiribati,KIR,1898,152.22643
Kiribati,KIR,1899,152.47136
Kiribati,KIR,1900,152.71533
Kiribati,KIR,1901,152.95752
Kiribati,KIR,1902,153.1976
Kiribati,KIR,1903,153.43404
Kiribati,KIR,1904,153.66661
Kiribati,KIR,1905,153.8946
Kiribati,KIR,1906,154.11732
Kiribati,KIR,1907,154.33429
Kiribati,KIR,1908,154.54587
Kiribati,KIR,1909,154.75163
Kiribati,KIR,1910,154.95206
Kiribati,KIR,1911,155.14784
Kiribati,KIR,1912,155.33884
Kiribati,KIR,1913,155.52486
Kiribati,KIR,1914,155.70612
Kiribati,KIR,1915,155.8825
Kiribati,KIR,1916,156.05397
Kiribati,KIR,1917,156.21988
Kiribati,KIR,1918,156.38022
Kiribati,KIR,1919,156.53458
Kiribati,KIR,1920,156.68292
Kiribati,KIR,1921,156.82475
Kiribati,KIR,1922,156.95973
Kiribati,KIR,1923,157.08711
Kiribati,KIR,1924,157.20717
Kiribati,KIR,1925,157.32127
Kiribati,KIR,1926,157.4299
Kiribati,KIR,1927,157.53265
Kiribati,KIR,1928,157.6298
Kiribati,KIR,1929,157.72198
Kiribati,KIR,1930,157.80876
Kiribati,KIR,1931,157.88922
Kiribati,KIR,1932,157.9636
Kiribati,KIR,1933,158.03285
Kiribati,KIR,1934,158.09827
Kiribati,KIR,1935,158.16058
Kiribati,KIR,1936,158.2202
Kiribati,KIR,1937,158.27695
Kiribati,KIR,1938,158.33113
Kiribati,KIR,1939,158.38264
Kiribati,KIR,1940,158.43108
Kiribati,KIR,1941,158.47678
Kiribati,KIR,1942,158.52036
Kiribati,KIR,1943,158.56334
Kiribati,KIR,1944,158.60632
Kiribati,KIR,1945,158.64961
Kiribati,KIR,1946,158.69324
Kiribati,KIR,1947,158.73659
Kiribati,KIR,1948,158.77888
Kiribati,KIR,1949,158.82056
Kiribati,KIR,1950,158.86151
Kiribati,KIR,1951,158.90172
Kiribati,KIR,1952,158.94066
Kiribati,KIR,1953,158.97798
Kiribati,KIR,1954,159.01335
Kiribati,KIR,1955,159.04726
Kiribati,KIR,1956,159.07944
Kiribati,KIR,1957,159.11047
Kiribati,KIR,1958,159.14037
Kiribati,KIR,1959,159.16841
Kiribati,KIR,1960,159.19432
Kiribati,KIR,1961,159.21783
Kiribati,KIR,1962,159.23799
Kiribati,KIR,1963,159.25343
Kiribati,KIR,1964,159.26256
Kiribati,KIR,1965,159.26497
Kiribati,KIR,1966,159.26045
Kiribati,KIR,1967,159.24985
Kiribati,KIR,1968,159.23282
Kiribati,KIR,1969,159.20946
Kiribati,KIR,1970,159.18007
Kiribati,KIR,1971,159.1444
Kiribati,KIR,1972,159.10266
Kiribati,KIR,1973,159.05536
Kiribati,KIR,1974,159.00278
Kiribati,KIR,1975,158.94443
Kiribati,KIR,1976,158.87964
Kiribati,KIR,1977,158.80817
Kiribati,KIR,1978,158.73079
Kiribati,KIR,1979,158.64827
Kiribati,KIR,1980,158.56218
Kiribati,KIR,1981,158.47353
Kiribati,KIR,1982,158.38353
Kiribati,KIR,1983,158.2927
Kiribati,KIR,1984,158.20071
Kiribati,KIR,1985,158.10721
Kiribati,KIR,1986,158.012
Kiribati,KIR,1987,157.91441
Kiribati,KIR,1988,157.81479
Kiribati,KIR,1989,157.71384
Kiribati,KIR,1990,157.61179
Kiribati,KIR,1991,157.50966
Kiribati,KIR,1992,157.40764
Kiribati,KIR,1993,157.3058
Kiribati,KIR,1994,157.20407
Kiribati,KIR,1995,157.10234
Kiribati,KIR,1996,157.00082
Kuwait,KWT,1896,150.26048
Kuwait,KWT,1897,150.39981
Kuwait,KWT,1898,150.53932
Kuwait,KWT,1899,150.67867
Kuwait,KWT,1900,150.81796
Kuwait,KWT,1901,150.95683
Kuwait,KWT,1902,151.0953
Kuwait,KWT,1903,151.2329
Kuwait,KWT,1904,151.36943
Kuwait,KWT,1905,151.50525
Kuwait,KWT,1906,151.6402
Kuwait,KWT,1907,151.77426
Kuwait,KWT,1908,151.90753
Kuwait,KWT,1909,152.04019
Kuwait,KWT,1910,152.17278
Kuwait,KWT,1911,152.30585
Kuwait,KWT,1912,152.43993
Kuwait,KWT,1913,152.57507
Kuwait,KWT,1914,152.71115
Kuwait,KWT,1915,152.84853
Kuwait,KWT,1916,152.98747
Kuwait,KWT,1917,153.12802
Kuwait,KWT,1918,153.27028
Kuwait,KWT,1919,153.41345
Kuwait,KWT,1920,153.5573
Kuwait,KWT,1921,153.70041
Kuwait,KWT,1922,153.84245
Kuwait,KWT,1923,153.98236
Kuwait,KWT,1924,154.12053
Kuwait,KWT,1925,154.25778
Kuwait,KWT,1926,154.39383
Kuwait,KWT,1927,154.52916
Kuwait,KWT,1928,154.66437
Kuwait,KWT,1929,154.80028
Kuwait,KWT,1930,154.93745
Kuwait,KWT,1931,155.07465
Kuwait,KWT,1932,155.21219
Kuwait,KWT,1933,155.35129
Kuwait,KWT,1934,155.492
Kuwait,KWT,1935,155.63405
Kuwait,KWT,1936,155.77696
Kuwait,KWT,1937,155.91934
Kuwait,KWT,1938,156.06049
Kuwait,KWT,1939,156.2006
Kuwait,KWT,1940,156.33939
Kuwait,KWT,1941,156.47672
Kuwait,KWT,1942,156.61183
Kuwait,KWT,1943,156.7463
Kuwait,KWT,1944,156.88068
Kuwait,KWT,1945,157.01524
Kuwait,KWT,1946,157.14975
Kuwait,KWT,1947,157.28374
Kuwait,KWT,1948,157.416
Kuwait,KWT,1949,157.54677
Kuwait,KWT,1950,157.67636
Kuwait,KWT,1951,157.8052
Kuwait,KWT,1952,157.93158
Kuwait,KWT,1953,158.05527
Kuwait,KWT,1954,158.17598
Kuwait,KWT,1955,158.29358
Kuwait,KWT,1956,158.40695
Kuwait,KWT,1957,158.51659
Kuwait,KWT,1958,158.62286
Kuwait,KWT,1959,158.72487
Kuwait,KWT,1960,158.82263
Kuwait,KWT,1961,158.91571
Kuwait,KWT,1962,159.00288
Kuwait,KWT,1963,159.08241
Kuwait,KWT,1964,159.15375
Kuwait,KWT,1965,159.21657
Kuwait,KWT,1966,159.2725
Kuwait,KWT,1967,159.32286
Kuwait,KWT,1968,159.36757
Kuwait,KWT,1969,159.4064
Kuwait,KWT,1970,159.43903
Kuwait,KWT,1971,159.46605
Kuwait,KWT,1972,159.48758
Kuwait,KWT,1973,159.5048
Kuwait,KWT,1974,159.51978
Kuwait,KWT,1975,159.53156
Kuwait,KWT,1976,159.54039
Kuwait,KWT,1977,159.54503
Kuwait,KWT,1978,159.54611
Kuwait,KWT,1979,159.5445
Kuwait,KWT,1980,159.54234
Kuwait,KWT,1981,159.54053
Kuwait,KWT,1982,159.54025
Kuwait,KWT,1983,159.5418
Kuwait,KWT,1984,159.5443
Kuwait,KWT,1985,159.54701
Kuwait,KWT,1986,159.54837
Kuwait,KWT,1987,159.54785
Kuwait,KWT,1988,159.54404
Kuwait,KWT,1989,159.53691
Kuwait,KWT,1990,159.52612
Kuwait,KWT,1991,159.51335
Kuwait,KWT,1992,159.49887
Kuwait,KWT,1993,159.48317
Kuwait,KWT,1994,159.46574
Kuwait,KWT,1995,159.4477
Kuwait,KWT,1996,159.42957
Kyrgyzstan,KGZ,1896,150.18474
Kyrgyzstan,KGZ,1897,150.33958
Kyrgyzstan,KGZ,1898,150.49484
Kyrgyzstan,KGZ,1899,150.65007
Kyrgyzstan,KGZ,1900,150.8055
Kyrgyzstan,KGZ,1901,150.96022
Kyrgyzstan,KGZ,1902,151.1145
Kyrgyzstan,KGZ,1903,151.2683
Kyrgyzstan,KGZ,1904,151.421
Kyrgyzstan,KGZ,1905,151.57259
Kyrgyzstan,KGZ,1906,151.72359
Kyrgyzstan,KGZ,1907,151.87347
Kyrgyzstan,KGZ,1908,152.02232
Kyrgyzstan,KGZ,1909,152.17041
Kyrgyzstan,KGZ,1910,152.3184
Kyrgyzstan,KGZ,1911,152.46675
Kyrgyzstan,KGZ,1912,152.61594
Kyrgyzstan,KGZ,1913,152.76581
Kyrgyzstan,KGZ,1914,152.91641
Kyrgyzstan,KGZ,1915,153.0681
Kyrgyzstan,KGZ,1916,153.22083
Kyrgyzstan,KGZ,1917,153.37488
Kyrgyzstan,KGZ,1918,153.52982
Kyrgyzstan,KGZ,1919,153.68515
Kyrgyzstan,KGZ,1920,153.8409
Kyrgyzstan,KGZ,1921,153.99582
Kyrgyzstan,KGZ,1922,154.15002
Kyrgyzstan,KGZ,1923,154.3025
Kyrgyzstan,KGZ,1924,154.45341
Kyrgyzstan,KGZ,1925,154.60364
Kyrgyzstan,KGZ,1926,154.75343
Kyrgyzstan,KGZ,1927,154.90292
Kyrgyzstan,KGZ,1928,155.05202
Kyrgyzstan,KGZ,1929,155.2011
Kyrgyzstan,KGZ,1930,155.35027
Kyrgyzstan,KGZ,1931,155.49815
Kyrgyzstan,KGZ,1932,155.64497
Kyrgyzstan,KGZ,1933,155.79132
Kyrgyzstan,KGZ,1934,155.93791
Kyrgyzstan,KGZ,1935,156.08443
Kyrgyzstan,KGZ,1936,156.23047
Kyrgyzstan,KGZ,1937,156.3753
Kyrgyzstan,KGZ,1938,156.51814
Kyrgyzstan,KGZ,1939,156.65833
Kyrgyzstan,KGZ,1940,156.79541
Kyrgyzstan,KGZ,1941,156.92897
Kyrgyzstan,KGZ,1942,157.0593
Kyrgyzstan,KGZ,1943,157.18735
Kyrgyzstan,KGZ,1944,157.31335
Kyrgyzstan,KGZ,1945,157.43791
Kyrgyzstan,KGZ,1946,157.56062
Kyrgyzstan,KGZ,1947,157.68109
Kyrgyzstan,KGZ,1948,157.7987
Kyrgyzstan,KGZ,1949,157.91318
Kyrgyzstan,KGZ,1950,158.02477
Kyrgyzstan,KGZ,1951,158.13333
Kyrgyzstan,KGZ,1952,158.23763
Kyrgyzstan,KGZ,1953,158.33846
Kyrgyzstan,KGZ,1954,158.43507
Kyrgyzstan,KGZ,1955,158.5278
Kyrgyzstan,KGZ,1956,158.6164
Kyrgyzstan,KGZ,1957,158.70161
Kyrgyzstan,KGZ,1958,158.78427
Kyrgyzstan,KGZ,1959,158.86427
Kyrgyzstan,KGZ,1960,158.94214
Kyrgyzstan,KGZ,1961,159.0173
Kyrgyzstan,KGZ,1962,159.0884
Kyrgyzstan,KGZ,1963,159.15453
Kyrgyzstan,KGZ,1964,159.21455
Kyrgyzstan,KGZ,1965,159.26784
Kyrgyzstan,KGZ,1966,159.31477
Kyrgyzstan,KGZ,1967,159.35596
Kyrgyzstan,KGZ,1968,159.39095
Kyrgyzstan,KGZ,1969,159.42003
Kyrgyzstan,KGZ,1970,159.44344
Kyrgyzstan,KGZ,1971,159.46202
Kyrgyzstan,KGZ,1972,159.47678
Kyrgyzstan,KGZ,1973,159.48853
Kyrgyzstan,KGZ,1974,159.49867
Kyrgyzstan,KGZ,1975,159.50621
Kyrgyzstan,KGZ,1976,159.5113
Kyrgyzstan,KGZ,1977,159.51381
Kyrgyzstan,KGZ,1978,159.51396
Kyrgyzstan,KGZ,1979,159.51207
Kyrgyzstan,KGZ,1980,159.50981
Kyrgyzstan,KGZ,1981,159.50786
Kyrgyzstan,KGZ,1982,159.5072
Kyrgyzstan,KGZ,1983,159.50757
Kyrgyzstan,KGZ,1984,159.50844
Kyrgyzstan,KGZ,1985,159.50896
Kyrgyzstan,KGZ,1986,159.50775
Kyrgyzstan,KGZ,1987,159.504
Kyrgyzstan,KGZ,1988,159.49692
Kyrgyzstan,KGZ,1989,159.48674
Kyrgyzstan,KGZ,1990,159.47255
Kyrgyzstan,KGZ,1991,159.4561
Kyrgyzstan,KGZ,1992,159.43787
Kyrgyzstan,KGZ,1993,159.41817
Kyrgyzstan,KGZ,1994,159.3972
Kyrgyzstan,KGZ,1995,159.37576
Kyrgyzstan,KGZ,1996,159.35419
Laos,LAO,1896,144.68765
Laos,LAO,1897,144.79825
Laos,LAO,1898,144.90874
Laos,LAO,1899,145.01923
Laos,LAO,1900,145.12944
Laos,LAO,1901,145.23918
Laos,LAO,1902,145.34837
Laos,LAO,1903,145.45639
Laos,LAO,1904,145.56293
Laos,LAO,1905,145.66791
Laos,LAO,1906,145.77151
Laos,LAO,1907,145.87347
Laos,LAO,1908,145.97414
Laos,LAO,1909,146.0732
Laos,LAO,1910,146.17163
Laos,LAO,1911,146.26956
Laos,LAO,1912,146.36801
Laos,LAO,1913,146.46729
Laos,LAO,1914,146.56784
Laos,LAO,1915,146.66956
Laos,LAO,1916,146.77316
Laos,LAO,1917,146.87923
Laos,LAO,1918,146.98817
Laos,LAO,1919,147.09955
Laos,LAO,1920,147.21425
Laos,LAO,1921,147.33224
Laos,LAO,1922,147.45367
Laos,LAO,1923,147.57834
Laos,LAO,1924,147.70686
Laos,LAO,1925,147.84146
Laos,LAO,1926,147.98224
Laos,LAO,1927,148.12746
Laos,LAO,1928,148.27646
Laos,LAO,1929,148.4277
Laos,LAO,1930,148.57974
Laos,LAO,1931,148.7314
Laos,LAO,1932,148.88315
Laos,LAO,1933,149.0361
Laos,LAO,1934,149.19081
Laos,LAO,1935,149.34686
Laos,LAO,1936,149.5032
Laos,LAO,1937,149.6586
Laos,LAO,1938,149.81116
Laos,LAO,1939,149.95926
Laos,LAO,1940,150.10172
Laos,LAO,1941,150.23917
Laos,LAO,1942,150.37225
Laos,LAO,1943,150.5027
Laos,LAO,1944,150.63173
Laos,LAO,1945,150.75853
Laos,LAO,1946,150.88272
Laos,LAO,1947,151.00299
Laos,LAO,1948,151.11844
Laos,LAO,1949,151.2283
Laos,LAO,1950,151.33128
Laos,LAO,1951,151.42648
Laos,LAO,1952,151.51228
Laos,LAO,1953,151.5886
Laos,LAO,1954,151.65485
Laos,LAO,1955,151.71138
Laos,LAO,1956,151.75862
Laos,LAO,1957,151.7977
Laos,LAO,1958,151.82977
Laos,LAO,1959,151.85535
Laos,LAO,1960,151.8756
Laos,LAO,1961,151.89091
Laos,LAO,1962,151.9016
Laos,LAO,1963,151.90668
Laos,LAO,1964,151.90614
Laos,LAO,1965,151.90048
Laos,LAO,1966,151.89153
Laos,LAO,1967,151.88112
Laos,LAO,1968,151.8689
Laos,LAO,1969,151.85439
Laos,LAO,1970,151.83728
Laos,LAO,1971,151.81819
Laos,LAO,1972,151.79742
Laos,LAO,1973,151.77568
Laos,LAO,1974,151.7535
Laos,LAO,1975,151.73035
Laos,LAO,1976,151.70618
Laos,LAO,1977,151.68048
Laos,LAO,1978,151.65358
Laos,LAO,1979,151.6261
Laos,LAO,1980,151.59933
Laos,LAO,1981,151.57402
Laos,LAO,1982,151.55
Laos,LAO,1983,151.52768
Laos,LAO,1984,151.50641
Laos,LAO,1985,151.48584
Laos,LAO,1986,151.46567
Laos,LAO,1987,151.44493
Laos,LAO,1988,151.42375
Laos,LAO,1989,151.40213
Laos,LAO,1990,151.38023
Laos,LAO,1991,151.35936
Laos,LAO,1992,151.33954
Laos,LAO,1993,151.32085
Laos,LAO,1994,151.30293
Laos,LAO,1995,151.28506
Laos,LAO,1996,151.26761
Latin America and Caribbean,,1896,147.9171
Latin America and Caribbean,,1897,148.1039
Latin America and Caribbean,,1898,148.291
Latin America and Caribbean,,1899,148.4781
Latin America and Caribbean,,1900,148.665
Latin America and Caribbean,,1901,148.8517
Latin America and Caribbean,,1902,149.0377
Latin America and Caribbean,,1903,149.223
Latin America and Caribbean,,1904,149.4071
Latin America and Caribbean,,1905,149.5901
Latin America and Caribbean,,1906,149.772
Latin America and Caribbean,,1907,149.9529
Latin America and Caribbean,,1908,150.1331
Latin America and Caribbean,,1909,150.3124
Latin America and Caribbean,,1910,150.4915
Latin America and Caribbean,,1911,150.6712
Latin America and Caribbean,,1912,150.852
Latin America and Caribbean,,1913,151.0344
Latin America and Caribbean,,1914,151.2184
Latin America and Caribbean,,1915,151.4041
Latin America and Caribbean,,1916,151.5917
Latin America and Caribbean,,1917,151.7815
Latin America and Caribbean,,1918,151.9726
Latin America and Caribbean,,1919,152.1646
Latin America and Caribbean,,1920,152.3573
Latin America and Caribbean,,1921,152.5493
Latin America and Caribbean,,1922,152.7395
Latin America and Caribbean,,1923,152.927
Latin America and Caribbean,,1924,153.1117
Latin America and Caribbean,,1925,153.2946
Latin America and Caribbean,,1926,153.4755
Latin America and Caribbean,,1927,153.6546
Latin America and Caribbean,,1928,153.8319
Latin America and Caribbean,,1929,154.0072
Latin America and Caribbean,,1930,154.1796
Latin America and Caribbean,,1931,154.3476
Latin America and Caribbean,,1932,154.5106
Latin America and Caribbean,,1933,154.6696
Latin America and Caribbean,,1934,154.8258
Latin America and Caribbean,,1935,154.9797
Latin America and Caribbean,,1936,155.1318
Latin America and Caribbean,,1937,155.2816
Latin America and Caribbean,,1938,155.4287
Latin America and Caribbean,,1939,155.5719
Latin America and Caribbean,,1940,155.7107
Latin America and Caribbean,,1941,155.8448
Latin America and Caribbean,,1942,155.9743
Latin America and Caribbean,,1943,156.101
Latin America and Caribbean,,1944,156.2251
Latin America and Caribbean,,1945,156.3469
Latin America and Caribbean,,1946,156.4672
Latin America and Caribbean,,1947,156.5857
Latin America and Caribbean,,1948,156.7018
Latin America and Caribbean,,1949,156.8155
Latin America and Caribbean,,1950,156.9259
Latin America and Caribbean,,1951,157.0324
Latin America and Caribbean,,1952,157.134
Latin America and Caribbean,,1953,157.2305
Latin America and Caribbean,,1954,157.3214
Latin America and Caribbean,,1955,157.4074
Latin America and Caribbean,,1956,157.4889
Latin America and Caribbean,,1957,157.5659
Latin America and Caribbean,,1958,157.6389
Latin America and Caribbean,,1959,157.7082
Latin America and Caribbean,,1960,157.7736
Latin America and Caribbean,,1961,157.835
Latin America and Caribbean,,1962,157.8924
Latin America and Caribbean,,1963,157.9445
Latin America and Caribbean,,1964,157.99
Latin America and Caribbean,,1965,158.0284
Latin America and Caribbean,,1966,158.06
Latin America and Caribbean,,1967,158.0857
Latin America and Caribbean,,1968,158.1063
Latin America and Caribbean,,1969,158.1235
Latin America and Caribbean,,1970,158.1377
Latin America and Caribbean,,1971,158.1505
Latin America and Caribbean,,1972,158.1629
Latin America and Caribbean,,1973,158.1752
Latin America and Caribbean,,1974,158.1883
Latin America and Caribbean,,1975,158.2014
Latin America and Caribbean,,1976,158.2135
Latin America and Caribbean,,1977,158.2246
Latin America and Caribbean,,1978,158.2351
Latin America and Caribbean,,1979,158.2459
Latin America and Caribbean,,1980,158.2584
Latin America and Caribbean,,1981,158.2731
Latin America and Caribbean,,1982,158.2909
Latin America and Caribbean,,1983,158.3113
Latin America and Caribbean,,1984,158.3333
Latin America and Caribbean,,1985,158.3558
Latin America and Caribbean,,1986,158.377
Latin America and Caribbean,,1987,158.3962
Latin America and Caribbean,,1988,158.4127
Latin America and Caribbean,,1989,158.4268
Latin America and Caribbean,,1990,158.4392
Latin America and Caribbean,,1991,158.4511
Latin America and Caribbean,,1992,158.4631
Latin America and Caribbean,,1993,158.4752
Latin America and Caribbean,,1994,158.4874
Latin America and Caribbean,,1995,158.4998
Latin America and Caribbean,,1996,158.5122
Latvia,LVA,1896,155.5115
Latvia,LVA,1897,155.68799
Latvia,LVA,1898,155.86479
Latvia,LVA,1899,156.04185
Latvia,LVA,1900,156.21864
Latvia,LVA,1901,156.39494
Latvia,LVA,1902,156.57079
Latvia,LVA,1903,156.7458
Latvia,LVA,1904,156.91968
Latvia,LVA,1905,157.09242
Latvia,LVA,1906,157.26422
Latvia,LVA,1907,157.43521
Latvia,LVA,1908,157.60524
Latvia,LVA,1909,157.77441
Latvia,LVA,1910,157.94347
Latvia,LVA,1911,158.11319
Latvia,LVA,1912,158.28471
Latvia,LVA,1913,158.45839
Latvia,LVA,1914,158.63412
Latvia,LVA,1915,158.81247
Latvia,LVA,1916,158.99312
Latvia,LVA,1917,159.17563
Latvia,LVA,1918,159.35907
Latvia,LVA,1919,159.54129
Latvia,LVA,1920,159.72223
Latvia,LVA,1921,159.9004
Latvia,LVA,1922,160.07515
Latvia,LVA,1923,160.24525
Latvia,LVA,1924,160.41109
Latvia,LVA,1925,160.57353
Latvia,LVA,1926,160.73364
Latvia,LVA,1927,160.89171
Latvia,LVA,1928,161.0489
Latvia,LVA,1929,161.20537
Latvia,LVA,1930,161.3625
Latvia,LVA,1931,161.51868
Latvia,LVA,1932,161.67499
Latvia,LVA,1933,161.83177
Latvia,LVA,1934,161.99059
Latvia,LVA,1935,162.15102
Latvia,LVA,1936,162.31326
Latvia,LVA,1937,162.47635
Latvia,LVA,1938,162.6396
Latvia,LVA,1939,162.80246
Latvia,LVA,1940,162.9647
Latvia,LVA,1941,163.12553
Latvia,LVA,1942,163.28516
Latvia,LVA,1943,163.44334
Latvia,LVA,1944,163.60107
Latvia,LVA,1945,163.75856
Latvia,LVA,1946,163.9159
Latvia,LVA,1947,164.07275
Latvia,LVA,1948,164.22838
Latvia,LVA,1949,164.3834
Latvia,LVA,1950,164.53867
Latvia,LVA,1951,164.69475
Latvia,LVA,1952,164.85117
Latvia,LVA,1953,165.00842
Latvia,LVA,1954,165.16577
Latvia,LVA,1955,165.32362
Latvia,LVA,1956,165.48141
Latvia,LVA,1957,165.63992
Latvia,LVA,1958,165.79926
Latvia,LVA,1959,165.95956
Latvia,LVA,1960,166.12024
Latvia,LVA,1961,166.28021
Latvia,LVA,1962,166.4384
Latvia,LVA,1963,166.59224
Latvia,LVA,1964,166.73967
Latvia,LVA,1965,166.8799
Latvia,LVA,1966,167.01314
Latvia,LVA,1967,167.13965
Latvia,LVA,1968,167.25978
Latvia,LVA,1969,167.3742
Latvia,LVA,1970,167.48297
Latvia,LVA,1971,167.58643
Latvia,LVA,1972,167.6854
Latvia,LVA,1973,167.78076
Latvia,LVA,1974,167.87387
Latvia,LVA,1975,167.9646
Latvia,LVA,1976,168.05307
Latvia,LVA,1977,168.13864
Latvia,LVA,1978,168.22191
Latvia,LVA,1979,168.30382
Latvia,LVA,1980,168.38641
Latvia,LVA,1981,168.47066
Latvia,LVA,1982,168.55702
Latvia,LVA,1983,168.64626
Latvia,LVA,1984,168.73701
Latvia,LVA,1985,168.82823
Latvia,LVA,1986,168.91936
Latvia,LVA,1987,169.00966
Latvia,LVA,1988,169.09836
Latvia,LVA,1989,169.18568
Latvia,LVA,1990,169.27217
Latvia,LVA,1991,169.35876
Latvia,LVA,1992,169.44588
Latvia,LVA,1993,169.53346
Latvia,LVA,1994,169.62141
Latvia,LVA,1995,169.70966
Latvia,LVA,1996,169.79793
Lebanon,LBN,1896,149.61208
Lebanon,LBN,1897,149.7415
Lebanon,LBN,1898,149.8711
Lebanon,LBN,1899,150.00095
Lebanon,LBN,1900,150.13055
Lebanon,LBN,1901,150.25993
Lebanon,LBN,1902,150.38916
Lebanon,LBN,1903,150.51724
Lebanon,LBN,1904,150.6442
Lebanon,LBN,1905,150.7704
Lebanon,LBN,1906,150.8961
Lebanon,LBN,1907,151.02113
Lebanon,LBN,1908,151.14542
Lebanon,LBN,1909,151.2693
Lebanon,LBN,1910,151.39355
Lebanon,LBN,1911,151.51869
Lebanon,LBN,1912,151.64536
Lebanon,LBN,1913,151.77354
Lebanon,LBN,1914,151.9033
Lebanon,LBN,1915,152.03488
Lebanon,LBN,1916,152.16861
Lebanon,LBN,1917,152.30447
Lebanon,LBN,1918,152.44284
Lebanon,LBN,1919,152.58261
Lebanon,LBN,1920,152.724
Lebanon,LBN,1921,152.86559
Lebanon,LBN,1922,153.00703
Lebanon,LBN,1923,153.14732
Lebanon,LBN,1924,153.287
Lebanon,LBN,1925,153.42703
Lebanon,LBN,1926,153.56732
Lebanon,LBN,1927,153.70807
Lebanon,LBN,1928,153.84952
Lebanon,LBN,1929,153.9926
Lebanon,LBN,1930,154.13773
Lebanon,LBN,1931,154.28404
Lebanon,LBN,1932,154.43196
Lebanon,LBN,1933,154.58221
Lebanon,LBN,1934,154.73477
Lebanon,LBN,1935,154.88942
Lebanon,LBN,1936,155.04588
Lebanon,LBN,1937,155.20331
Lebanon,LBN,1938,155.36066
Lebanon,LBN,1939,155.51826
Lebanon,LBN,1940,155.67574
Lebanon,LBN,1941,155.83325
Lebanon,LBN,1942,155.99074
Lebanon,LBN,1943,156.14948
Lebanon,LBN,1944,156.30998
Lebanon,LBN,1945,156.4727
Lebanon,LBN,1946,156.63739
Lebanon,LBN,1947,156.80359
Lebanon,LBN,1948,156.97
Lebanon,LBN,1949,157.13675
Lebanon,LBN,1950,157.3042
Lebanon,LBN,1951,157.47243
Lebanon,LBN,1952,157.64012
Lebanon,LBN,1953,157.80736
Lebanon,LBN,1954,157.9735
Lebanon,LBN,1955,158.1388
Lebanon,LBN,1956,158.30229
Lebanon,LBN,1957,158.46465
Lebanon,LBN,1958,158.62599
Lebanon,LBN,1959,158.78531
Lebanon,LBN,1960,158.94257
Lebanon,LBN,1961,159.09734
Lebanon,LBN,1962,159.24857
Lebanon,LBN,1963,159.39471
Lebanon,LBN,1964,159.53516
Lebanon,LBN,1965,159.66982
Lebanon,LBN,1966,159.80002
Lebanon,LBN,1967,159.92682
Lebanon,LBN,1968,160.05023
Lebanon,LBN,1969,160.16927
Lebanon,LBN,1970,160.28343
Lebanon,LBN,1971,160.39337
Lebanon,LBN,1972,160.49922
Lebanon,LBN,1973,160.60162
Lebanon,LBN,1974,160.70221
Lebanon,LBN,1975,160.79965
Lebanon,LBN,1976,160.8947
Lebanon,LBN,1977,160.98567
Lebanon,LBN,1978,161.07314
Lebanon,LBN,1979,161.15787
Lebanon,LBN,1980,161.24174
Lebanon,LBN,1981,161.3255
Lebanon,LBN,1982,161.41034
Lebanon,LBN,1983,161.49582
Lebanon,LBN,1984,161.58101
Lebanon,LBN,1985,161.66545
Lebanon,LBN,1986,161.7481
Lebanon,LBN,1987,161.82825
Lebanon,LBN,1988,161.9048
Lebanon,LBN,1989,161.97769
Lebanon,LBN,1990,162.04669
Lebanon,LBN,1991,162.11356
Lebanon,LBN,1992,162.17879
Lebanon,LBN,1993,162.24301
Lebanon,LBN,1994,162.30562
Lebanon,LBN,1995,162.36751
Lebanon,LBN,1996,162.42938
Lesotho,LSO,1896,153.06358
Lesotho,LSO,1897,153.17476
Lesotho,LSO,1898,153.28618
Lesotho,LSO,1899,153.39775
Lesotho,LSO,1900,153.50883
Lesotho,LSO,1901,153.61964
Lesotho,LSO,1902,153.72984
Lesotho,LSO,1903,153.83871
Lesotho,LSO,1904,153.94612
Lesotho,LSO,1905,154.05208
Lesotho,LSO,1906,154.15681
Lesotho,LSO,1907,154.26047
Lesotho,LSO,1908,154.3631
Lesotho,LSO,1909,154.4652
Lesotho,LSO,1910,154.56712
Lesotho,LSO,1911,154.66919
Lesotho,LSO,1912,154.77202
Lesotho,LSO,1913,154.87529
Lesotho,LSO,1914,154.97905
Lesotho,LSO,1915,155.0837
Lesotho,LSO,1916,155.18916
Lesotho,LSO,1917,155.29524
Lesotho,LSO,1918,155.40181
Lesotho,LSO,1919,155.50804
Lesotho,LSO,1920,155.61378
Lesotho,LSO,1921,155.71799
Lesotho,LSO,1922,155.82033
Lesotho,LSO,1923,155.9201
Lesotho,LSO,1924,156.01746
Lesotho,LSO,1925,156.11414
Lesotho,LSO,1926,156.21063
Lesotho,LSO,1927,156.30644
Lesotho,LSO,1928,156.4019
Lesotho,LSO,1929,156.49736
Lesotho,LSO,1930,156.5922
Lesotho,LSO,1931,156.68544
Lesotho,LSO,1932,156.77773
Lesotho,LSO,1933,156.86911
Lesotho,LSO,1934,156.9605
Lesotho,LSO,1935,157.05177
Lesotho,LSO,1936,157.14317
Lesotho,LSO,1937,157.23393
Lesotho,LSO,1938,157.32355
Lesotho,LSO,1939,157.41145
Lesotho,LSO,1940,157.49683
Lesotho,LSO,1941,157.57928
Lesotho,LSO,1942,157.65857
Lesotho,LSO,1943,157.73598
Lesotho,LSO,1944,157.81198
Lesotho,LSO,1945,157.88618
Lesotho,LSO,1946,157.95772
Lesotho,LSO,1947,158.02684
Lesotho,LSO,1948,158.0925
Lesotho,LSO,1949,158.15454
Lesotho,LSO,1950,158.21378
Lesotho,LSO,1951,158.26945
Lesotho,LSO,1952,158.32005
Lesotho,LSO,1953,158.36487
Lesotho,LSO,1954,158.40327
Lesotho,LSO,1955,158.43542
Lesotho,LSO,1956,158.461
Lesotho,LSO,1957,158.48097
Lesotho,LSO,1958,158.49673
Lesotho,LSO,1959,158.5088
Lesotho,LSO,1960,158.5174
Lesotho,LSO,1961,158.52306
Lesotho,LSO,1962,158.52518
Lesotho,LSO,1963,158.5224
Lesotho,LSO,1964,158.51334
Lesotho,LSO,1965,158.49782
Lesotho,LSO,1966,158.47649
Lesotho,LSO,1967,158.44972
Lesotho,LSO,1968,158.41754
Lesotho,LSO,1969,158.37921
Lesotho,LSO,1970,158.33417
Lesotho,LSO,1971,158.28207
Lesotho,LSO,1972,158.2232
Lesotho,LSO,1973,158.15782
Lesotho,LSO,1974,158.08727
Lesotho,LSO,1975,158.0103
Lesotho,LSO,1976,157.9265
Lesotho,LSO,1977,157.83571
Lesotho,LSO,1978,157.73839
Lesotho,LSO,1979,157.63486
Lesotho,LSO,1980,157.52762
Lesotho,LSO,1981,157.41847
Lesotho,LSO,1982,157.30925
Lesotho,LSO,1983,157.20062
Lesotho,LSO,1984,157.09224
Lesotho,LSO,1985,156.9828
Lesotho,LSO,1986,156.87245
Lesotho,LSO,1987,156.75987
Lesotho,LSO,1988,156.6453
Lesotho,LSO,1989,156.52968
Lesotho,LSO,1990,156.41269
Lesotho,LSO,1991,156.2957
Lesotho,LSO,1992,156.17896
Lesotho,LSO,1993,156.06184
Lesotho,LSO,1994,155.94406
Lesotho,LSO,1995,155.8262
Lesotho,LSO,1996,155.70828
Liberia,LBR,1896,151.61731
Liberia,LBR,1897,151.71204
Liberia,LBR,1898,151.80675
Liberia,LBR,1899,151.9013
Liberia,LBR,1900,151.99605
Liberia,LBR,1901,152.09053
Liberia,LBR,1902,152.18442
Liberia,LBR,1903,152.27766
Liberia,LBR,1904,152.36969
Liberia,LBR,1905,152.46075
Liberia,LBR,1906,152.5508
Liberia,LBR,1907,152.63991
Liberia,LBR,1908,152.72786
Liberia,LBR,1909,152.81525
Liberia,LBR,1910,152.90276
Liberia,LBR,1911,152.9908
Liberia,LBR,1912,153.0801
Liberia,LBR,1913,153.17043
Liberia,LBR,1914,153.2619
Liberia,LBR,1915,153.3548
Liberia,LBR,1916,153.4486
Liberia,LBR,1917,153.54395
Liberia,LBR,1918,153.64073
Liberia,LBR,1919,153.7382
Liberia,LBR,1920,153.83647
Liberia,LBR,1921,153.93452
Liberia,LBR,1922,154.03183
Liberia,LBR,1923,154.12769
Liberia,LBR,1924,154.2228
Liberia,LBR,1925,154.31839
Liberia,LBR,1926,154.41496
Liberia,LBR,1927,154.51279
Liberia,LBR,1928,154.61261
Liberia,LBR,1929,154.7148
Liberia,LBR,1930,154.81966
Liberia,LBR,1931,154.92615
Liberia,LBR,1932,155.03436
Liberia,LBR,1933,155.14494
Liberia,LBR,1934,155.25882
Liberia,LBR,1935,155.37549
Liberia,LBR,1936,155.49506
Liberia,LBR,1937,155.61722
Liberia,LBR,1938,155.74121
Liberia,LBR,1939,155.86655
Liberia,LBR,1940,155.99242
Liberia,LBR,1941,156.1183
Liberia,LBR,1942,156.24382
Liberia,LBR,1943,156.36964
Liberia,LBR,1944,156.4959
Liberia,LBR,1945,156.62175
Liberia,LBR,1946,156.74677
Liberia,LBR,1947,156.87036
Liberia,LBR,1948,156.99094
Liberia,LBR,1949,157.10713
Liberia,LBR,1950,157.21873
Liberia,LBR,1951,157.32425
Liberia,LBR,1952,157.42151
Liberia,LBR,1953,157.5097
Liberia,LBR,1954,157.5878
Liberia,LBR,1955,157.65584
Liberia,LBR,1956,157.71443
Liberia,LBR,1957,157.76486
Liberia,LBR,1958,157.80853
Liberia,LBR,1959,157.84583
Liberia,LBR,1960,157.87726
Liberia,LBR,1961,157.90295
Liberia,LBR,1962,157.92296
Liberia,LBR,1963,157.93607
Liberia,LBR,1964,157.94072
Liberia,LBR,1965,157.9372
Liberia,LBR,1966,157.92613
Liberia,LBR,1967,157.90839
Liberia,LBR,1968,157.88377
Liberia,LBR,1969,157.85248
Liberia,LBR,1970,157.81374
Liberia,LBR,1971,157.76747
Liberia,LBR,1972,157.71382
Liberia,LBR,1973,157.65369
Liberia,LBR,1974,157.58864
Liberia,LBR,1975,157.5192
Liberia,LBR,1976,157.44487
Liberia,LBR,1977,157.36551
Liberia,LBR,1978,157.28123
Liberia,LBR,1979,157.19229
Liberia,LBR,1980,157.10133
Liberia,LBR,1981,157.01016
Liberia,LBR,1982,156.92001
Liberia,LBR,1983,156.83096
Liberia,LBR,1984,156.7433
Liberia,LBR,1985,156.6559
Liberia,LBR,1986,156.56848
Liberia,LBR,1987,156.47998
Liberia,LBR,1988,156.3903
Liberia,LBR,1989,156.29993
Liberia,LBR,1990,156.20868
Liberia,LBR,1991,156.11821
Liberia,LBR,1992,156.0279
Liberia,LBR,1993,155.937
Liberia,LBR,1994,155.84532
Liberia,LBR,1995,155.75293
Liberia,LBR,1996,155.6604
Libya,LBY,1896,150.17813
Libya,LBY,1897,150.31769
Libya,LBY,1898,150.4574
Libya,LBY,1899,150.59741
Libya,LBY,1900,150.73755
Libya,LBY,1901,150.87692
Libya,LBY,1902,151.0158
Libya,LBY,1903,151.15366
Libya,LBY,1904,151.29025
Libya,LBY,1905,151.42615
Libya,LBY,1906,151.5616
Libya,LBY,1907,151.69627
Libya,LBY,1908,151.8303
Libya,LBY,1909,151.96379
Libya,LBY,1910,152.09721
Libya,LBY,1911,152.23145
Libya,LBY,1912,152.36702
Libya,LBY,1913,152.50394
Libya,LBY,1914,152.642
Libya,LBY,1915,152.78175
Libya,LBY,1916,152.92337
Libya,LBY,1917,153.06711
Libya,LBY,1918,153.21307
Libya,LBY,1919,153.3601
Libya,LBY,1920,153.50845
Libya,LBY,1921,153.65672
Libya,LBY,1922,153.80457
Libya,LBY,1923,153.95105
Libya,LBY,1924,154.09659
Libya,LBY,1925,154.24182
Libya,LBY,1926,154.38661
Libya,LBY,1927,154.53133
Libya,LBY,1928,154.6765
Libya,LBY,1929,154.82278
Libya,LBY,1930,154.97064
Libya,LBY,1931,155.11905
Libya,LBY,1932,155.26851
Libya,LBY,1933,155.41971
Libya,LBY,1934,155.57283
Libya,LBY,1935,155.72754
Libya,LBY,1936,155.88335
Libya,LBY,1937,156.03944
Libya,LBY,1938,156.19489
Libya,LBY,1939,156.34995
Libya,LBY,1940,156.50421
Libya,LBY,1941,156.65742
Libya,LBY,1942,156.80966
Libya,LBY,1943,156.96214
Libya,LBY,1944,157.11528
Libya,LBY,1945,157.26949
Libya,LBY,1946,157.42459
Libya,LBY,1947,157.58011
Libya,LBY,1948,157.73462
Libya,LBY,1949,157.88837
Libya,LBY,1950,158.04178
Libya,LBY,1951,158.19495
Libya,LBY,1952,158.34645
Libya,LBY,1953,158.49657
Libya,LBY,1954,158.64494
Libya,LBY,1955,158.79147
Libya,LBY,1956,158.93541
Libya,LBY,1957,159.07718
Libya,LBY,1958,159.21681
Libya,LBY,1959,159.35362
Libya,LBY,1960,159.48778
Libya,LBY,1961,159.61884
Libya,LBY,1962,159.74579
Libya,LBY,1963,159.8675
Libya,LBY,1964,159.98296
Libya,LBY,1965,160.09225
Libya,LBY,1966,160.19676
Libya,LBY,1967,160.29764
Libya,LBY,1968,160.39473
Libya,LBY,1969,160.48723
Libya,LBY,1970,160.57481
Libya,LBY,1971,160.65797
Libya,LBY,1972,160.73697
Libya,LBY,1973,160.8124
Libya,LBY,1974,160.88611
Libya,LBY,1975,160.95721
Libya,LBY,1976,161.02548
Libya,LBY,1977,161.08992
Libya,LBY,1978,161.15114
Libya,LBY,1979,161.20976
Libya,LBY,1980,161.26741
Libya,LBY,1981,161.32532
Libya,LBY,1982,161.38463
Libya,LBY,1983,161.44505
Libya,LBY,1984,161.506
Libya,LBY,1985,161.56664
Libya,LBY,1986,161.62567
Libya,LBY,1987,161.68248
Libya,LBY,1988,161.73618
Libya,LBY,1989,161.78673
Libya,LBY,1990,161.83351
Libya,LBY,1991,161.8785
Libya,LBY,1992,161.92194
Libya,LBY,1993,161.96426
Libya,LBY,1994,162.00476
Libya,LBY,1995,162.04459
Libya,LBY,1996,162.08426
Lithuania,LTU,1896,154.08902
Lithuania,LTU,1897,154.27353
Lithuania,LTU,1898,154.45813
Lithuania,LTU,1899,154.64282
Lithuania,LTU,1900,154.8274
Lithuania,LTU,1901,155.01144
Lithuania,LTU,1902,155.19498
Lithuania,LTU,1903,155.37753
Lithuania,LTU,1904,155.5591
Lithuania,LTU,1905,155.73978
Lithuania,LTU,1906,155.91978
Lithuania,LTU,1907,156.09875
Lithuania,LTU,1908,156.27658
Lithuania,LTU,1909,156.45296
Lithuania,LTU,1910,156.62898
Lithuania,LTU,1911,156.80576
Lithuania,LTU,1912,156.98404
Lithuania,LTU,1913,157.16438
Lithuania,LTU,1914,157.34634
Lithuania,LTU,1915,157.53072
Lithuania,LTU,1916,157.71712
Lithuania,LTU,1917,157.90553
Lithuania,LTU,1918,158.0945
Lithuania,LTU,1919,158.28195
Lithuania,LTU,1920,158.46768
Lithuania,LTU,1921,158.65042
Lithuania,LTU,1922,158.82962
Lithuania,LTU,1923,159.0042
Lithuania,LTU,1924,159.17413
Lithuania,LTU,1925,159.34035
Lithuania,LTU,1926,159.504
Lithuania,LTU,1927,159.66512
Lithuania,LTU,1928,159.82486
Lithuania,LTU,1929,159.98363
Lithuania,LTU,1930,160.14233
Lithuania,LTU,1931,160.30008
Lithuania,LTU,1932,160.45798
Lithuania,LTU,1933,160.6165
Lithuania,LTU,1934,160.77678
Lithuania,LTU,1935,160.93889
Lithuania,LTU,1936,161.10214
Lithuania,LTU,1937,161.26562
Lithuania,LTU,1938,161.42848
Lithuania,LTU,1939,161.5901
Lithuania,LTU,1940,161.75014
Lithuania,LTU,1941,161.9082
Lithuania,LTU,1942,162.06366
Lithuania,LTU,1943,162.2165
Lithuania,LTU,1944,162.36781
Lithuania,LTU,1945,162.5179
Lithuania,LTU,1946,162.66692
Lithuania,LTU,1947,162.81416
Lithuania,LTU,1948,162.959
Lithuania,LTU,1949,163.10179
Lithuania,LTU,1950,163.24327
Lithuania,LTU,1951,163.38422
Lithuania,LTU,1952,163.52408
Lithuania,LTU,1953,163.66336
Lithuania,LTU,1954,163.80118
Lithuania,LTU,1955,163.93756
Lithuania,LTU,1956,164.07231
Lithuania,LTU,1957,164.20587
Lithuania,LTU,1958,164.33864
Lithuania,LTU,1959,164.47078
Lithuania,LTU,1960,164.60118
Lithuania,LTU,1961,164.7291
Lithuania,LTU,1962,164.85294
Lithuania,LTU,1963,164.97038
Lithuania,LTU,1964,165.0794
Lithuania,LTU,1965,165.17921
Lithuania,LTU,1966,165.27055
Lithuania,LTU,1967,165.35367
Lithuania,LTU,1968,165.42885
Lithuania,LTU,1969,165.49718
Lithuania,LTU,1970,165.55862
Lithuania,LTU,1971,165.61433
Lithuania,LTU,1972,165.6649
Lithuania,LTU,1973,165.71135
Lithuania,LTU,1974,165.75452
Lithuania,LTU,1975,165.79497
Lithuania,LTU,1976,165.8332
Lithuania,LTU,1977,165.86893
Lithuania,LTU,1978,165.90251
Lithuania,LTU,1979,165.93504
Lithuania,LTU,1980,165.96861
Lithuania,LTU,1981,166.004
Lithuania,LTU,1982,166.04192
Lithuania,LTU,1983,166.0826
Lithuania,LTU,1984,166.12521
Lithuania,LTU,1985,166.16869
Lithuania,LTU,1986,166.2123
Lithuania,LTU,1987,166.25517
Lithuania,LTU,1988,166.29668
Lithuania,LTU,1989,166.33672
Lithuania,LTU,1990,166.37556
Lithuania,LTU,1991,166.41435
Lithuania,LTU,1992,166.45383
Lithuania,LTU,1993,166.49396
Lithuania,LTU,1994,166.53448
Lithuania,LTU,1995,166.57523
Lithuania,LTU,1996,166.61609
Luxembourg,LUX,1896,154.82764
Luxembourg,LUX,1897,154.97707
Luxembourg,LUX,1898,155.12662
Luxembourg,LUX,1899,155.27632
Luxembourg,LUX,1900,155.42596
Luxembourg,LUX,1901,155.57562
Luxembourg,LUX,1902,155.72556
Luxembourg,LUX,1903,155.87473
Luxembourg,LUX,1904,156.023
Luxembourg,LUX,1905,156.17067
Luxembourg,LUX,1906,156.31798
Luxembourg,LUX,1907,156.46518
Luxembourg,LUX,1908,156.61241
Luxembourg,LUX,1909,156.76013
Luxembourg,LUX,1910,156.90993
Luxembourg,LUX,1911,157.06415
Luxembourg,LUX,1912,157.22359
Luxembourg,LUX,1913,157.38818
Luxembourg,LUX,1914,157.55772
Luxembourg,LUX,1915,157.73196
Luxembourg,LUX,1916,157.90913
Luxembourg,LUX,1917,158.088
Luxembourg,LUX,1918,158.26683
Luxembourg,LUX,1919,158.44391
Luxembourg,LUX,1920,158.6182
Luxembourg,LUX,1921,158.7897
Luxembourg,LUX,1922,158.95834
Luxembourg,LUX,1923,159.12308
Luxembourg,LUX,1924,159.28485
Luxembourg,LUX,1925,159.44608
Luxembourg,LUX,1926,159.60686
Luxembourg,LUX,1927,159.76753
Luxembourg,LUX,1928,159.92874
Luxembourg,LUX,1929,160.09042
Luxembourg,LUX,1930,160.25224
Luxembourg,LUX,1931,160.41252
Luxembourg,LUX,1932,160.57275
Luxembourg,LUX,1933,160.73526
Luxembourg,LUX,1934,160.9011
Luxembourg,LUX,1935,161.06999
Luxembourg,LUX,1936,161.24022
Luxembourg,LUX,1937,161.40881
Luxembourg,LUX,1938,161.57314
Luxembourg,LUX,1939,161.73044
Luxembourg,LUX,1940,161.87752
Luxembourg,LUX,1941,162.01357
Luxembourg,LUX,1942,162.13957
Luxembourg,LUX,1943,162.25717
Luxembourg,LUX,1944,162.36925
Luxembourg,LUX,1945,162.47809
Luxembourg,LUX,1946,162.58572
Luxembourg,LUX,1947,162.69409
Luxembourg,LUX,1948,162.80405
Luxembourg,LUX,1949,162.9166
Luxembourg,LUX,1950,163.03323
Luxembourg,LUX,1951,163.15315
Luxembourg,LUX,1952,163.27634
Luxembourg,LUX,1953,163.40291
Luxembourg,LUX,1954,163.53304
Luxembourg,LUX,1955,163.6669
Luxembourg,LUX,1956,163.80385
Luxembourg,LUX,1957,163.94415
Luxembourg,LUX,1958,164.08649
Luxembourg,LUX,1959,164.22952
Luxembourg,LUX,1960,164.37085
Luxembourg,LUX,1961,164.50932
Luxembourg,LUX,1962,164.64209
Luxembourg,LUX,1963,164.76538
Luxembourg,LUX,1964,164.87616
Luxembourg,LUX,1965,164.97305
Luxembourg,LUX,1966,165.05565
Luxembourg,LUX,1967,165.12556
Luxembourg,LUX,1968,165.1832
Luxembourg,LUX,1969,165.23032
Luxembourg,LUX,1970,165.26663
Luxembourg,LUX,1971,165.29318
Luxembourg,LUX,1972,165.31041
Luxembourg,LUX,1973,165.31912
Luxembourg,LUX,1974,165.31924
Luxembourg,LUX,1975,165.31097
Luxembourg,LUX,1976,165.29393
Luxembourg,LUX,1977,165.2681
Luxembourg,LUX,1978,165.23424
Luxembourg,LUX,1979,165.1938
Luxembourg,LUX,1980,165.14966
Luxembourg,LUX,1981,165.10379
Luxembourg,LUX,1982,165.0587
Luxembourg,LUX,1983,165.0161
Luxembourg,LUX,1984,164.97455
Luxembourg,LUX,1985,164.93347
Luxembourg,LUX,1986,164.89236
Luxembourg,LUX,1987,164.85027
Luxembourg,LUX,1988,164.8061
Luxembourg,LUX,1989,164.7605
Luxembourg,LUX,1990,164.71317
Luxembourg,LUX,1991,164.66597
Luxembourg,LUX,1992,164.61865
Luxembourg,LUX,1993,164.57124
Luxembourg,LUX,1994,164.52368
Luxembourg,LUX,1995,164.4763
Luxembourg,LUX,1996,164.42867
Madagascar,MDG,1896,149.67726
Madagascar,MDG,1897,149.79494
Madagascar,MDG,1898,149.91281
Madagascar,MDG,1899,150.03098
Madagascar,MDG,1900,150.14886
Madagascar,MDG,1901,150.26625
Madagascar,MDG,1902,150.38292
Madagascar,MDG,1903,150.49861
Madagascar,MDG,1904,150.613
Madagascar,MDG,1905,150.72597
Madagascar,MDG,1906,150.8373
Madagascar,MDG,1907,150.94733
Madagascar,MDG,1908,151.0561
Madagascar,MDG,1909,151.16405
Madagascar,MDG,1910,151.27153
Madagascar,MDG,1911,151.37898
Madagascar,MDG,1912,151.48682
Madagascar,MDG,1913,151.59517
Madagascar,MDG,1914,151.7044
Madagascar,MDG,1915,151.81458
Madagascar,MDG,1916,151.9252
Madagascar,MDG,1917,152.03664
Madagascar,MDG,1918,152.14812
Madagascar,MDG,1919,152.25943
Madagascar,MDG,1920,152.37004
Madagascar,MDG,1921,152.4796
Madagascar,MDG,1922,152.58736
Madagascar,MDG,1923,152.69217
Madagascar,MDG,1924,152.79478
Madagascar,MDG,1925,152.89659
Madagascar,MDG,1926,152.99791
Madagascar,MDG,1927,153.09877
Madagascar,MDG,1928,153.19987
Madagascar,MDG,1929,153.30145
Madagascar,MDG,1930,153.40262
Madagascar,MDG,1931,153.5026
Madagascar,MDG,1932,153.60172
Madagascar,MDG,1933,153.70067
Madagascar,MDG,1934,153.80008
Madagascar,MDG,1935,153.89943
Madagascar,MDG,1936,153.9985
Madagascar,MDG,1937,154.09662
Madagascar,MDG,1938,154.19284
Madagascar,MDG,1939,154.2869
Madagascar,MDG,1940,154.37764
Madagascar,MDG,1941,154.46475
Madagascar,MDG,1942,154.54846
Madagascar,MDG,1943,154.62955
Madagascar,MDG,1944,154.70836
Madagascar,MDG,1945,154.78424
Madagascar,MDG,1946,154.8575
Madagascar,MDG,1947,154.92798
Madagascar,MDG,1948,154.99457
Madagascar,MDG,1949,155.05768
Madagascar,MDG,1950,155.11829
Madagascar,MDG,1951,155.17516
Madagascar,MDG,1952,155.22604
Madagascar,MDG,1953,155.27057
Madagascar,MDG,1954,155.3073
Madagascar,MDG,1955,155.33553
Madagascar,MDG,1956,155.35472
Madagascar,MDG,1957,155.36514
Madagascar,MDG,1958,155.36714
Madagascar,MDG,1959,155.36028
Madagascar,MDG,1960,155.34387
Madagascar,MDG,1961,155.31784
Madagascar,MDG,1962,155.28181
Madagascar,MDG,1963,155.23453
Madagascar,MDG,1964,155.17496
Madagascar,MDG,1965,155.1038
Madagascar,MDG,1966,155.02254
Madagascar,MDG,1967,154.93193
Madagascar,MDG,1968,154.83296
Madagascar,MDG,1969,154.72643
Madagascar,MDG,1970,154.61247
Madagascar,MDG,1971,154.49187
Madagascar,MDG,1972,154.36607
Madagascar,MDG,1973,154.23631
Madagascar,MDG,1974,154.1042
Madagascar,MDG,1975,153.96953
Madagascar,MDG,1976,153.83199
Madagascar,MDG,1977,153.69194
Madagascar,MDG,1978,153.55005
Madagascar,MDG,1979,153.40645
Madagascar,MDG,1980,153.26328
Madagascar,MDG,1981,153.12181
Madagascar,MDG,1982,152.98375
Madagascar,MDG,1983,152.84909
Madagascar,MDG,1984,152.71713
Madagascar,MDG,1985,152.58679
Madagascar,MDG,1986,152.45781
Madagascar,MDG,1987,152.32892
Madagascar,MDG,1988,152.19974
Madagascar,MDG,1989,152.07112
Madagascar,MDG,1990,151.9424
Madagascar,MDG,1991,151.81502
Madagascar,MDG,1992,151.68816
Madagascar,MDG,1993,151.56143
Madagascar,MDG,1994,151.43433
Madagascar,MDG,1995,151.30728
Madagascar,MDG,1996,151.18015
Malawi,MWI,1896,151.41096
Malawi,MWI,1897,151.52284
Malawi,MWI,1898,151.635
Malawi,MWI,1899,151.74725
Malawi,MWI,1900,151.8593
Malawi,MWI,1901,151.97098
Malawi,MWI,1902,152.0819
Malawi,MWI,1903,152.19183
Malawi,MWI,1904,152.30075
Malawi,MWI,1905,152.4083
Malawi,MWI,1906,152.51419
Malawi,MWI,1907,152.619
Malawi,MWI,1908,152.72269
Malawi,MWI,1909,152.82535
Malawi,MWI,1910,152.92772
Malawi,MWI,1911,153.03033
Malawi,MWI,1912,153.13383
Malawi,MWI,1913,153.23782
Malawi,MWI,1914,153.34274
Malawi,MWI,1915,153.44879
Malawi,MWI,1916,153.55553
Malawi,MWI,1917,153.66324
Malawi,MWI,1918,153.77124
Malawi,MWI,1919,153.8791
Malawi,MWI,1920,153.98679
Malawi,MWI,1921,154.0935
Malawi,MWI,1922,154.19853
Malawi,MWI,1923,154.30074
Malawi,MWI,1924,154.40086
Malawi,MWI,1925,154.5003
Malawi,MWI,1926,154.59961
Malawi,MWI,1927,154.69868
Malawi,MWI,1928,154.79848
Malawi,MWI,1929,154.89911
Malawi,MWI,1930,154.99977
Malawi,MWI,1931,155.09952
Malawi,MWI,1932,155.19868
Malawi,MWI,1933,155.29793
Malawi,MWI,1934,155.39827
Malawi,MWI,1935,155.49925
Malawi,MWI,1936,155.60051
Malawi,MWI,1937,155.70113
Malawi,MWI,1938,155.80017
Malawi,MWI,1939,155.89738
Malawi,MWI,1940,155.99185
Malawi,MWI,1941,156.08336
Malawi,MWI,1942,156.17165
Malawi,MWI,1943,156.25792
Malawi,MWI,1944,156.3425
Malawi,MWI,1945,156.42488
Malawi,MWI,1946,156.50499
Malawi,MWI,1947,156.58276
Malawi,MWI,1948,156.65746
Malawi,MWI,1949,156.72934
Malawi,MWI,1950,156.79921
Malawi,MWI,1951,156.86592
Malawi,MWI,1952,156.92761
Malawi,MWI,1953,156.98335
Malawi,MWI,1954,157.03198
Malawi,MWI,1955,157.07318
Malawi,MWI,1956,157.10641
Malawi,MWI,1957,157.13184
Malawi,MWI,1958,157.15044
Malawi,MWI,1959,157.16162
Malawi,MWI,1960,157.165
Malawi,MWI,1961,157.16066
Malawi,MWI,1962,157.14815
Malawi,MWI,1963,157.1263
Malawi,MWI,1964,157.09398
Malawi,MWI,1965,157.0519
Malawi,MWI,1966,157.00107
Malawi,MWI,1967,156.94257
Malawi,MWI,1968,156.87708
Malawi,MWI,1969,156.80487
Malawi,MWI,1970,156.72643
Malawi,MWI,1971,156.64261
Malawi,MWI,1972,156.5544
Malawi,MWI,1973,156.46336
Malawi,MWI,1974,156.37099
Malawi,MWI,1975,156.27652
Malawi,MWI,1976,156.17973
Malawi,MWI,1977,156.08084
Malawi,MWI,1978,155.98053
Malawi,MWI,1979,155.87895
Malawi,MWI,1980,155.77805
Malawi,MWI,1981,155.67894
Malawi,MWI,1982,155.58372
Malawi,MWI,1983,155.49243
Malawi,MWI,1984,155.40424
Malawi,MWI,1985,155.31798
Malawi,MWI,1986,155.23323
Malawi,MWI,1987,155.1488
Malawi,MWI,1988,155.06435
Malawi,MWI,1989,154.98055
Malawi,MWI,1990,154.89705
Malawi,MWI,1991,154.81465
Malawi,MWI,1992,154.73273
Malawi,MWI,1993,154.65092
Malawi,MWI,1994,154.56866
Malawi,MWI,1995,154.48665
Malawi,MWI,1996,154.40466
Malaysia,MYS,1896,147.54298
Malaysia,MYS,1897,147.6313
Malaysia,MYS,1898,147.7199
Malaysia,MYS,1899,147.80864
Malaysia,MYS,1900,147.89703
Malaysia,MYS,1901,147.98492
Malaysia,MYS,1902,148.0725
Malaysia,MYS,1903,148.1587
Malaysia,MYS,1904,148.24344
Malaysia,MYS,1905,148.32663
Malaysia,MYS,1906,148.40828
Malaysia,MYS,1907,148.48814
Malaysia,MYS,1908,148.56674
Malaysia,MYS,1909,148.64388
Malaysia,MYS,1910,148.72055
Malaysia,MYS,1911,148.79709
Malaysia,MYS,1912,148.87425
Malaysia,MYS,1913,148.95213
Malaysia,MYS,1914,149.03131
Malaysia,MYS,1915,149.1121
Malaysia,MYS,1916,149.19507
Malaysia,MYS,1917,149.28094
Malaysia,MYS,1918,149.36984
Malaysia,MYS,1919,149.46172
Malaysia,MYS,1920,149.55754
Malaysia,MYS,1921,149.65706
Malaysia,MYS,1922,149.76071
Malaysia,MYS,1923,149.8684
Malaysia,MYS,1924,149.98105
Malaysia,MYS,1925,150.10129
Malaysia,MYS,1926,150.22887
Malaysia,MYS,1927,150.36229
Malaysia,MYS,1928,150.50124
Malaysia,MYS,1929,150.64449
Malaysia,MYS,1930,150.79071
Malaysia,MYS,1931,150.9388
Malaysia,MYS,1932,151.08957
Malaysia,MYS,1933,151.24426
Malaysia,MYS,1934,151.40366
Malaysia,MYS,1935,151.56746
Malaysia,MYS,1936,151.73454
Malaysia,MYS,1937,151.90315
Malaysia,MYS,1938,152.07182
Malaysia,MYS,1939,152.23814
Malaysia,MYS,1940,152.40094
Malaysia,MYS,1941,152.5605
Malaysia,MYS,1942,152.71748
Malaysia,MYS,1943,152.87349
Malaysia,MYS,1944,153.02975
Malaysia,MYS,1945,153.18532
Malaysia,MYS,1946,153.33968
Malaysia,MYS,1947,153.49158
Malaysia,MYS,1948,153.63968
Malaysia,MYS,1949,153.78267
Malaysia,MYS,1950,153.91968
Malaysia,MYS,1951,154.04956
Malaysia,MYS,1952,154.17097
Malaysia,MYS,1953,154.28342
Malaysia,MYS,1954,154.38655
Malaysia,MYS,1955,154.48047
Malaysia,MYS,1956,154.56554
Malaysia,MYS,1957,154.64285
Malaysia,MYS,1958,154.71341
Malaysia,MYS,1959,154.7783
Malaysia,MYS,1960,154.83844
Malaysia,MYS,1961,154.89452
Malaysia,MYS,1962,154.94652
Malaysia,MYS,1963,154.99405
Malaysia,MYS,1964,155.03639
Malaysia,MYS,1965,155.07457
Malaysia,MYS,1966,155.11003
Malaysia,MYS,1967,155.1449
Malaysia,MYS,1968,155.17886
Malaysia,MYS,1969,155.21173
Malaysia,MYS,1970,155.24338
Malaysia,MYS,1971,155.27406
Malaysia,MYS,1972,155.30415
Malaysia,MYS,1973,155.33418
Malaysia,MYS,1974,155.36482
Malaysia,MYS,1975,155.39523
Malaysia,MYS,1976,155.4256
Malaysia,MYS,1977,155.45554
Malaysia,MYS,1978,155.4853
Malaysia,MYS,1979,155.51573
Malaysia,MYS,1980,155.5484
Malaysia,MYS,1981,155.58371
Malaysia,MYS,1982,155.62172
Malaysia,MYS,1983,155.6625
Malaysia,MYS,1984,155.70547
Malaysia,MYS,1985,155.75014
Malaysia,MYS,1986,155.79597
Malaysia,MYS,1987,155.84224
Malaysia,MYS,1988,155.88914
Malaysia,MYS,1989,155.93675
Malaysia,MYS,1990,155.98488
Malaysia,MYS,1991,156.03427
Malaysia,MYS,1992,156.0849
Malaysia,MYS,1993,156.13687
Malaysia,MYS,1994,156.18993
Malaysia,MYS,1995,156.24298
Malaysia,MYS,1996,156.29668
Maldives,MDV,1896,143.88777
Maldives,MDV,1897,143.9784
Maldives,MDV,1898,144.06944
Maldives,MDV,1899,144.16063
Maldives,MDV,1900,144.25142
Maldives,MDV,1901,144.34192
Maldives,MDV,1902,144.4316
Maldives,MDV,1903,144.52005
Maldives,MDV,1904,144.60724
Maldives,MDV,1905,144.69308
Maldives,MDV,1906,144.77782
Maldives,MDV,1907,144.86082
Maldives,MDV,1908,144.94252
Maldives,MDV,1909,145.02298
Maldives,MDV,1910,145.10329
Maldives,MDV,1911,145.18367
Maldives,MDV,1912,145.26501
Maldives,MDV,1913,145.3472
Maldives,MDV,1914,145.43062
Maldives,MDV,1915,145.51581
Maldives,MDV,1916,145.60332
Maldives,MDV,1917,145.69394
Maldives,MDV,1918,145.78777
Maldives,MDV,1919,145.88495
Maldives,MDV,1920,145.98619
Maldives,MDV,1921,146.09157
Maldives,MDV,1922,146.20132
Maldives,MDV,1923,146.31528
Maldives,MDV,1924,146.43393
Maldives,MDV,1925,146.55957
Maldives,MDV,1926,146.69247
Maldives,MDV,1927,146.83087
Maldives,MDV,1928,146.97389
Maldives,MDV,1929,147.12048
Maldives,MDV,1930,147.26912
Maldives,MDV,1931,147.41907
Maldives,MDV,1932,147.57042
Maldives,MDV,1933,147.72429
Maldives,MDV,1934,147.88126
Maldives,MDV,1935,148.04143
Maldives,MDV,1936,148.20349
Maldives,MDV,1937,148.36618
Maldives,MDV,1938,148.52771
Maldives,MDV,1939,148.68677
Maldives,MDV,1940,148.84251
Maldives,MDV,1941,148.99547
Maldives,MDV,1942,149.14618
Maldives,MDV,1943,149.29665
Maldives,MDV,1944,149.44806
Maldives,MDV,1945,149.59985
Maldives,MDV,1946,149.75156
Maldives,MDV,1947,149.90201
Maldives,MDV,1948,150.05002
Maldives,MDV,1949,150.19487
Maldives,MDV,1950,150.33574
Maldives,MDV,1951,150.47157
Maldives,MDV,1952,150.60081
Maldives,MDV,1953,150.72285
Maldives,MDV,1954,150.83777
Maldives,MDV,1955,150.94543
Maldives,MDV,1956,151.04636
Maldives,MDV,1957,151.14154
Maldives,MDV,1958,151.23186
Maldives,MDV,1959,151.31845
Maldives,MDV,1960,151.40263
Maldives,MDV,1961,151.48479
Maldives,MDV,1962,151.56541
Maldives,MDV,1963,151.64374
Maldives,MDV,1964,151.71951
Maldives,MDV,1965,151.79367
Maldives,MDV,1966,151.86807
Maldives,MDV,1967,151.9447
Maldives,MDV,1968,152.02289
Maldives,MDV,1969,152.10243
Maldives,MDV,1970,152.18288
Maldives,MDV,1971,152.26477
Maldives,MDV,1972,152.34824
Maldives,MDV,1973,152.43373
Maldives,MDV,1974,152.52197
Maldives,MDV,1975,152.61194
Maldives,MDV,1976,152.70378
Maldives,MDV,1977,152.79689
Maldives,MDV,1978,152.8916
Maldives,MDV,1979,152.98851
Maldives,MDV,1980,153.08867
Maldives,MDV,1981,153.19261
Maldives,MDV,1982,153.3004
Maldives,MDV,1983,153.41193
Maldives,MDV,1984,153.5266
Maldives,MDV,1985,153.64348
Maldives,MDV,1986,153.76228
Maldives,MDV,1987,153.88199
Maldives,MDV,1988,154.00246
Maldives,MDV,1989,154.12416
Maldives,MDV,1990,154.24677
Maldives,MDV,1991,154.37164
Maldives,MDV,1992,154.49872
Maldives,MDV,1993,154.62788
Maldives,MDV,1994,154.75806
Maldives,MDV,1995,154.8885
Maldives,MDV,1996,155.01936
Mali,MLI,1896,156.06651
Mali,MLI,1897,156.17273
Mali,MLI,1898,156.27895
Mali,MLI,1899,156.38501
Mali,MLI,1900,156.49097
Mali,MLI,1901,156.59644
Mali,MLI,1902,156.7013
Mali,MLI,1903,156.80525
Mali,MLI,1904,156.90805
Mali,MLI,1905,157.01003
Mali,MLI,1906,157.11082
Mali,MLI,1907,157.21063
Mali,MLI,1908,157.30934
Mali,MLI,1909,157.40726
Mali,MLI,1910,157.50505
Mali,MLI,1911,157.60362
Mali,MLI,1912,157.70322
Mali,MLI,1913,157.80371
Mali,MLI,1914,157.90517
Mali,MLI,1915,158.00816
Mali,MLI,1916,158.11229
Mali,MLI,1917,158.21764
Mali,MLI,1918,158.32426
Mali,MLI,1919,158.43112
Mali,MLI,1920,158.53867
Mali,MLI,1921,158.64589
Mali,MLI,1922,158.75233
Mali,MLI,1923,158.85718
Mali,MLI,1924,158.96095
Mali,MLI,1925,159.06543
Mali,MLI,1926,159.17053
Mali,MLI,1927,159.27684
Mali,MLI,1928,159.38481
Mali,MLI,1929,159.49484
Mali,MLI,1930,159.60722
Mali,MLI,1931,159.72089
Mali,MLI,1932,159.836
Mali,MLI,1933,159.95302
Mali,MLI,1934,160.07301
Mali,MLI,1935,160.19557
Mali,MLI,1936,160.32054
Mali,MLI,1937,160.44743
Mali,MLI,1938,160.57564
Mali,MLI,1939,160.70457
Mali,MLI,1940,160.83368
Mali,MLI,1941,160.96202
Mali,MLI,1942,161.08914
Mali,MLI,1943,161.21588
Mali,MLI,1944,161.3422
Mali,MLI,1945,161.46753
Mali,MLI,1946,161.59138
Mali,MLI,1947,161.71295
Mali,MLI,1948,161.83043
Mali,MLI,1949,161.94235
Mali,MLI,1950,162.04845
Mali,MLI,1951,162.14732
Mali,MLI,1952,162.23642
Mali,MLI,1953,162.31499
Mali,MLI,1954,162.3822
Mali,MLI,1955,162.43808
Mali,MLI,1956,162.48317
Mali,MLI,1957,162.51912
Mali,MLI,1958,162.54753
Mali,MLI,1959,162.56856
Mali,MLI,1960,162.58353
Mali,MLI,1961,162.59273
Mali,MLI,1962,162.59637
Mali,MLI,1963,162.59325
Mali,MLI,1964,162.58214
Mali,MLI,1965,162.56299
Mali,MLI,1966,162.53691
Mali,MLI,1967,162.50482
Mali,MLI,1968,162.46672
Mali,MLI,1969,162.423
Mali,MLI,1970,162.37299
Mali,MLI,1971,162.31638
Mali,MLI,1972,162.25395
Mali,MLI,1973,162.18642
Mali,MLI,1974,162.11565
Mali,MLI,1975,162.04245
Mali,MLI,1976,161.96657
Mali,MLI,1977,161.88815
Mali,MLI,1978,161.80711
Mali,MLI,1979,161.7238
Mali,MLI,1980,161.64066
Mali,MLI,1981,161.55893
Mali,MLI,1982,161.47975
Mali,MLI,1983,161.4031
Mali,MLI,1984,161.3289
Mali,MLI,1985,161.25638
Mali,MLI,1986,161.18512
Mali,MLI,1987,161.11345
Mali,MLI,1988,161.04121
Mali,MLI,1989,160.969
Mali,MLI,1990,160.89645
Mali,MLI,1991,160.82497
Mali,MLI,1992,160.75394
Mali,MLI,1993,160.68254
Mali,MLI,1994,160.61024
Mali,MLI,1995,160.53769
Mali,MLI,1996,160.4651
Malta,MLT,1896,150.1929
Malta,MLT,1897,150.25653
Malta,MLT,1898,150.32018
Malta,MLT,1899,150.38443
Malta,MLT,1900,150.44885
Malta,MLT,1901,150.51349
Malta,MLT,1902,150.57823
Malta,MLT,1903,150.64258
Malta,MLT,1904,150.70647
Malta,MLT,1905,150.77069
Malta,MLT,1906,150.83546
Malta,MLT,1907,150.90155
Malta,MLT,1908,150.9693
Malta,MLT,1909,151.03973
Malta,MLT,1910,151.11513
Malta,MLT,1911,151.19666
Malta,MLT,1912,151.28546
Malta,MLT,1913,151.3814
Malta,MLT,1914,151.48543
Malta,MLT,1915,151.59769
Malta,MLT,1916,151.71712
Malta,MLT,1917,151.84291
Malta,MLT,1918,151.97363
Malta,MLT,1919,152.10811
Malta,MLT,1920,152.24554
Malta,MLT,1921,152.38466
Malta,MLT,1922,152.52463
Malta,MLT,1923,152.66376
Malta,MLT,1924,152.80186
Malta,MLT,1925,152.94052
Malta,MLT,1926,153.07907
Malta,MLT,1927,153.21753
Malta,MLT,1928,153.3554
Malta,MLT,1929,153.49265
Malta,MLT,1930,153.62871
Malta,MLT,1931,153.76218
Malta,MLT,1932,153.89365
Malta,MLT,1933,154.02475
Malta,MLT,1934,154.15698
Malta,MLT,1935,154.29073
Malta,MLT,1936,154.42581
Malta,MLT,1937,154.56087
Malta,MLT,1938,154.6944
Malta,MLT,1939,154.82458
Malta,MLT,1940,154.95
Malta,MLT,1941,155.06937
Malta,MLT,1942,155.18411
Malta,MLT,1943,155.29596
Malta,MLT,1944,155.40704
Malta,MLT,1945,155.51845
Malta,MLT,1946,155.6315
Malta,MLT,1947,155.7474
Malta,MLT,1948,155.86653
Malta,MLT,1949,155.989
Malta,MLT,1950,156.11594
Malta,MLT,1951,156.24728
Malta,MLT,1952,156.38303
Malta,MLT,1953,156.52327
Malta,MLT,1954,156.66835
Malta,MLT,1955,156.81876
Malta,MLT,1956,156.97356
Malta,MLT,1957,157.13297
Malta,MLT,1958,157.29639
Malta,MLT,1959,157.46236
Malta,MLT,1960,157.63022
Malta,MLT,1961,157.79852
Malta,MLT,1962,157.96545
Malta,MLT,1963,158.12772
Malta,MLT,1964,158.28258
Malta,MLT,1965,158.42879
Malta,MLT,1966,158.566
Malta,MLT,1967,158.69627
Malta,MLT,1968,158.8201
Malta,MLT,1969,158.93881
Malta,MLT,1970,159.0523
Malta,MLT,1971,159.16138
Malta,MLT,1972,159.2661
Malta,MLT,1973,159.36632
Malta,MLT,1974,159.46169
Malta,MLT,1975,159.55121
Malta,MLT,1976,159.63469
Malta,MLT,1977,159.71187
Malta,MLT,1978,159.7834
Malta,MLT,1979,159.85019
Malta,MLT,1980,159.91402
Malta,MLT,1981,159.97714
Malta,MLT,1982,160.04042
Malta,MLT,1983,160.10442
Malta,MLT,1984,160.1684
Malta,MLT,1985,160.23189
Malta,MLT,1986,160.29437
Malta,MLT,1987,160.35526
Malta,MLT,1988,160.41402
Malta,MLT,1989,160.47104
Malta,MLT,1990,160.52617
Malta,MLT,1991,160.58089
Malta,MLT,1992,160.6354
Malta,MLT,1993,160.69029
Malta,MLT,1994,160.74492
Malta,MLT,1995,160.79973
Malta,MLT,1996,160.85464
Marshall Islands,MHL,1896,148.7138
Marshall Islands,MHL,1897,148.8653
Marshall Islands,MHL,1898,149.0173
Marshall Islands,MHL,1899,149.1694
Marshall Islands,MHL,1900,149.32089
Marshall Islands,MHL,1901,149.47127
Marshall Islands,MHL,1902,149.62065
Marshall Islands,MHL,1903,149.76819
Marshall Islands,MHL,1904,149.91367
Marshall Islands,MHL,1905,150.05655
Marshall Islands,MHL,1906,150.19688
Marshall Islands,MHL,1907,150.33408
Marshall Islands,MHL,1908,150.46823
Marshall Islands,MHL,1909,150.59952
Marshall Islands,MHL,1910,150.72821
Marshall Islands,MHL,1911,150.85477
Marshall Islands,MHL,1912,150.97945
Marshall Islands,MHL,1913,151.10252
Marshall Islands,MHL,1914,151.2241
Marshall Islands,MHL,1915,151.34369
Marshall Islands,MHL,1916,151.46162
Marshall Islands,MHL,1917,151.57762
Marshall Islands,MHL,1918,151.69147
Marshall Islands,MHL,1919,151.80289
Marshall Islands,MHL,1920,151.91174
Marshall Islands,MHL,1921,152.01756
Marshall Islands,MHL,1922,152.12012
Marshall Islands,MHL,1923,152.21907
Marshall Islands,MHL,1924,152.31465
Marshall Islands,MHL,1925,152.4078
Marshall Islands,MHL,1926,152.49913
Marshall Islands,MHL,1927,152.5883
Marshall Islands,MHL,1928,152.67543
Marshall Islands,MHL,1929,152.76035
Marshall Islands,MHL,1930,152.84302
Marshall Islands,MHL,1931,152.92207
Marshall Islands,MHL,1932,152.99768
Marshall Islands,MHL,1933,153.07068
Marshall Islands,MHL,1934,153.1421
Marshall Islands,MHL,1935,153.21237
Marshall Islands,MHL,1936,153.2817
Marshall Islands,MHL,1937,153.34975
Marshall Islands,MHL,1938,153.41618
Marshall Islands,MHL,1939,153.48112
Marshall Islands,MHL,1940,153.54387
Marshall Islands,MHL,1941,153.60439
Marshall Islands,MHL,1942,153.6628
Marshall Islands,MHL,1943,153.72054
Marshall Islands,MHL,1944,153.77768
Marshall Islands,MHL,1945,153.83394
Marshall Islands,MHL,1946,153.88931
Marshall Islands,MHL,1947,153.94315
Marshall Islands,MHL,1948,153.99435
Marshall Islands,MHL,1949,154.04303
Marshall Islands,MHL,1950,154.08936
Marshall Islands,MHL,1951,154.13306
Marshall Islands,MHL,1952,154.17328
Marshall Islands,MHL,1953,154.21016
Marshall Islands,MHL,1954,154.24335
Marshall Islands,MHL,1955,154.27295
Marshall Islands,MHL,1956,154.29907
Marshall Islands,MHL,1957,154.32196
Marshall Islands,MHL,1958,154.34189
Marshall Islands,MHL,1959,154.3584
Marshall Islands,MHL,1960,154.37137
Marshall Islands,MHL,1961,154.38013
Marshall Islands,MHL,1962,154.38406
Marshall Islands,MHL,1963,154.38203
Marshall Islands,MHL,1964,154.37245
Marshall Islands,MHL,1965,154.35486
Marshall Islands,MHL,1966,154.32944
Marshall Islands,MHL,1967,154.29655
Marshall Islands,MHL,1968,154.25664
Marshall Islands,MHL,1969,154.21013
Marshall Islands,MHL,1970,154.15666
Marshall Islands,MHL,1971,154.0965
Marshall Islands,MHL,1972,154.02979
Marshall Islands,MHL,1973,153.95706
Marshall Islands,MHL,1974,153.87848
Marshall Islands,MHL,1975,153.79361
Marshall Islands,MHL,1976,153.70232
Marshall Islands,MHL,1977,153.60435
Marshall Islands,MHL,1978,153.50049
Marshall Islands,MHL,1979,153.39146
Marshall Islands,MHL,1980,153.27902
Marshall Islands,MHL,1981,153.16437
Marshall Islands,MHL,1982,153.04831
Marshall Islands,MHL,1983,152.9313
Marshall Islands,MHL,1984,152.81313
Marshall Islands,MHL,1985,152.69365
Marshall Islands,MHL,1986,152.57256
Marshall Islands,MHL,1987,152.4494
Marshall Islands,MHL,1988,152.32423
Marshall Islands,MHL,1989,152.19803
Marshall Islands,MHL,1990,152.0706
Marshall Islands,MHL,1991,151.94301
Marshall Islands,MHL,1992,151.81538
Marshall Islands,MHL,1993,151.68806
Marshall Islands,MHL,1994,151.56093
Marshall Islands,MHL,1995,151.43369
Marshall Islands,MHL,1996,151.30647
Mauritania,MRT,1896,154.95982
Mauritania,MRT,1897,155.06404
Mauritania,MRT,1898,155.16821
Mauritania,MRT,1899,155.27232
Mauritania,MRT,1900,155.37634
Mauritania,MRT,1901,155.48015
Mauritania,MRT,1902,155.58342
Mauritania,MRT,1903,155.68584
Mauritania,MRT,1904,155.78696
Mauritania,MRT,1905,155.88724
Mauritania,MRT,1906,155.98624
Mauritania,MRT,1907,156.08415
Mauritania,MRT,1908,156.18097
Mauritania,MRT,1909,156.27672
Mauritania,MRT,1910,156.37256
Mauritania,MRT,1911,156.46887
Mauritania,MRT,1912,156.56625
Mauritania,MRT,1913,156.66429
Mauritania,MRT,1914,156.76326
Mauritania,MRT,1915,156.86366
Mauritania,MRT,1916,156.96481
Mauritania,MRT,1917,157.0674
Mauritania,MRT,1918,157.17094
Mauritania,MRT,1919,157.2748
Mauritania,MRT,1920,157.37886
Mauritania,MRT,1921,157.48228
Mauritania,MRT,1922,157.58463
Mauritania,MRT,1923,157.68529
Mauritania,MRT,1924,157.7846
Mauritania,MRT,1925,157.88419
Mauritania,MRT,1926,157.98436
Mauritania,MRT,1927,158.0852
Mauritania,MRT,1928,158.18765
Mauritania,MRT,1929,158.29158
Mauritania,MRT,1930,158.39725
Mauritania,MRT,1931,158.50404
Mauritania,MRT,1932,158.6119
Mauritania,MRT,1933,158.72137
Mauritania,MRT,1934,158.8338
Mauritania,MRT,1935,158.94823
Mauritania,MRT,1936,159.06459
Mauritania,MRT,1937,159.1824
Mauritania,MRT,1938,159.30125
Mauritania,MRT,1939,159.42044
Mauritania,MRT,1940,159.53888
Mauritania,MRT,1941,159.65636
Mauritania,MRT,1942,159.77216
Mauritania,MRT,1943,159.88705
Mauritania,MRT,1944,160.00124
Mauritania,MRT,1945,160.11368
Mauritania,MRT,1946,160.22398
Mauritania,MRT,1947,160.33186
Mauritania,MRT,1948,160.43542
Mauritania,MRT,1949,160.53339
Mauritania,MRT,1950,160.62541
Mauritania,MRT,1951,160.71057
Mauritania,MRT,1952,160.786
Mauritania,MRT,1953,160.85121
Mauritania,MRT,1954,160.9052
Mauritania,MRT,1955,160.94823
Mauritania,MRT,1956,160.98067
Mauritania,MRT,1957,161.00401
Mauritania,MRT,1958,161.01962
Mauritania,MRT,1959,161.02823
Mauritania,MRT,1960,161.0305
Mauritania,MRT,1961,161.0269
Mauritania,MRT,1962,161.01762
Mauritania,MRT,1963,161.00107
Mauritania,MRT,1964,160.97592
Mauritania,MRT,1965,160.94249
Mauritania,MRT,1966,160.90117
Mauritania,MRT,1967,160.85312
Mauritania,MRT,1968,160.79822
Mauritania,MRT,1969,160.7366
Mauritania,MRT,1970,160.6676
Mauritania,MRT,1971,160.59077
Mauritania,MRT,1972,160.50687
Mauritania,MRT,1973,160.41647
Mauritania,MRT,1974,160.32141
Mauritania,MRT,1975,160.22198
Mauritania,MRT,1976,160.11798
Mauritania,MRT,1977,160.00925
Mauritania,MRT,1978,159.89577
Mauritania,MRT,1979,159.77765
Mauritania,MRT,1980,159.65779
Mauritania,MRT,1981,159.53734
Mauritania,MRT,1982,159.41774
Mauritania,MRT,1983,159.29901
Mauritania,MRT,1984,159.18105
Mauritania,MRT,1985,159.06334
Mauritania,MRT,1986,158.94551
Mauritania,MRT,1987,158.82605
Mauritania,MRT,1988,158.70508
Mauritania,MRT,1989,158.58324
Mauritania,MRT,1990,158.46053
Mauritania,MRT,1991,158.33826
Mauritania,MRT,1992,158.21616
Mauritania,MRT,1993,158.0935
Mauritania,MRT,1994,157.96999
Mauritania,MRT,1995,157.8462
Mauritania,MRT,1996,157.72191
Mauritius,MUS,1896,148.12282
Mauritius,MUS,1897,148.21217
Mauritius,MUS,1898,148.30193
Mauritius,MUS,1899,148.39156
Mauritius,MUS,1900,148.4809
Mauritius,MUS,1901,148.56995
Mauritius,MUS,1902,148.65848
Mauritius,MUS,1903,148.74602
Mauritius,MUS,1904,148.83234
Mauritius,MUS,1905,148.91737
Mauritius,MUS,1906,149.00119
Mauritius,MUS,1907,149.08397
Mauritius,MUS,1908,149.16602
Mauritius,MUS,1909,149.24733
Mauritius,MUS,1910,149.32858
Mauritius,MUS,1911,149.41034
Mauritius,MUS,1912,149.49312
Mauritius,MUS,1913,149.57709
Mauritius,MUS,1914,149.66245
Mauritius,MUS,1915,149.74937
Mauritius,MUS,1916,149.83768
Mauritius,MUS,1917,149.92755
Mauritius,MUS,1918,150.01888
Mauritius,MUS,1919,150.11113
Mauritius,MUS,1920,150.20418
Mauritius,MUS,1921,150.29752
Mauritius,MUS,1922,150.39056
Mauritius,MUS,1923,150.4819
Mauritius,MUS,1924,150.57297
Mauritius,MUS,1925,150.66504
Mauritius,MUS,1926,150.75891
Mauritius,MUS,1927,150.8548
Mauritius,MUS,1928,150.95355
Mauritius,MUS,1929,151.0553
Mauritius,MUS,1930,151.15936
Mauritius,MUS,1931,151.26477
Mauritius,MUS,1932,151.37181
Mauritius,MUS,1933,151.48103
Mauritius,MUS,1934,151.59361
Mauritius,MUS,1935,151.70888
Mauritius,MUS,1936,151.82701
Mauritius,MUS,1937,151.94754
Mauritius,MUS,1938,152.06932
Mauritius,MUS,1939,152.1922
Mauritius,MUS,1940,152.31534
Mauritius,MUS,1941,152.4385
Mauritius,MUS,1942,152.56166
Mauritius,MUS,1943,152.68617
Mauritius,MUS,1944,152.81204
Mauritius,MUS,1945,152.93904
Mauritius,MUS,1946,153.06744
Mauritius,MUS,1947,153.19763
Mauritius,MUS,1948,153.32861
Mauritius,MUS,1949,153.46107
Mauritius,MUS,1950,153.5961
Mauritius,MUS,1951,153.73253
Mauritius,MUS,1952,153.86812
Mauritius,MUS,1953,154.0026
Mauritius,MUS,1954,154.1351
Mauritius,MUS,1955,154.26506
Mauritius,MUS,1956,154.39215
Mauritius,MUS,1957,154.51675
Mauritius,MUS,1958,154.63936
Mauritius,MUS,1959,154.76004
Mauritius,MUS,1960,154.8781
Mauritius,MUS,1961,154.99329
Mauritius,MUS,1962,155.1047
Mauritius,MUS,1963,155.21114
Mauritius,MUS,1964,155.31082
Mauritius,MUS,1965,155.40393
Mauritius,MUS,1966,155.49129
Mauritius,MUS,1967,155.5736
Mauritius,MUS,1968,155.65114
Mauritius,MUS,1969,155.72394
Mauritius,MUS,1970,155.79193
Mauritius,MUS,1971,155.85567
Mauritius,MUS,1972,155.91595
Mauritius,MUS,1973,155.97382
Mauritius,MUS,1974,156.0303
Mauritius,MUS,1975,156.08475
Mauritius,MUS,1976,156.13673
Mauritius,MUS,1977,156.18646
Mauritius,MUS,1978,156.23438
Mauritius,MUS,1979,156.28061
Mauritius,MUS,1980,156.32703
Mauritius,MUS,1981,156.37498
Mauritius,MUS,1982,156.42601
Mauritius,MUS,1983,156.48042
Mauritius,MUS,1984,156.53706
Mauritius,MUS,1985,156.59494
Mauritius,MUS,1986,156.65367
Mauritius,MUS,1987,156.71213
Mauritius,MUS,1988,156.7699
Mauritius,MUS,1989,156.82817
Mauritius,MUS,1990,156.88654
Mauritius,MUS,1991,156.94585
Mauritius,MUS,1992,157.00575
Mauritius,MUS,1993,157.06563
Mauritius,MUS,1994,157.12509
Mauritius,MUS,1995,157.18468
Mauritius,MUS,1996,157.24443
Mexico,MEX,1896,143.47697
Mexico,MEX,1897,143.68323
Mexico,MEX,1898,143.88971
Mexico,MEX,1899,144.09622
Mexico,MEX,1900,144.3025
Mexico,MEX,1901,144.50851
Mexico,MEX,1902,144.7138
Mexico,MEX,1903,144.91808
Mexico,MEX,1904,145.1212
Mexico,MEX,1905,145.32372
Mexico,MEX,1906,145.52527
Mexico,MEX,1907,145.7258
Mexico,MEX,1908,145.92552
Mexico,MEX,1909,146.12448
Mexico,MEX,1910,146.32382
Mexico,MEX,1911,146.52371
Mexico,MEX,1912,146.72476
Mexico,MEX,1913,146.9278
Mexico,MEX,1914,147.13263
Mexico,MEX,1915,147.3397
Mexico,MEX,1916,147.5491
Mexico,MEX,1917,147.76093
Mexico,MEX,1918,147.9743
Mexico,MEX,1919,148.18837
Mexico,MEX,1920,148.40288
Mexico,MEX,1921,148.61578
Mexico,MEX,1922,148.82542
Mexico,MEX,1923,149.03075
Mexico,MEX,1924,149.23163
Mexico,MEX,1925,149.42891
Mexico,MEX,1926,149.62279
Mexico,MEX,1927,149.81358
Mexico,MEX,1928,150.00136
Mexico,MEX,1929,150.1869
Mexico,MEX,1930,150.36884
Mexico,MEX,1931,150.54591
Mexico,MEX,1932,150.71704
Mexico,MEX,1933,150.88301
Mexico,MEX,1934,151.04526
Mexico,MEX,1935,151.20406
Mexico,MEX,1936,151.36024
Mexico,MEX,1937,151.51369
Mexico,MEX,1938,151.66432
Mexico,MEX,1939,151.81004
Mexico,MEX,1940,151.95023
Mexico,MEX,1941,152.08452
Mexico,MEX,1942,152.21292
Mexico,MEX,1943,152.3368
Mexico,MEX,1944,152.45667
Mexico,MEX,1945,152.57292
Mexico,MEX,1946,152.68723
Mexico,MEX,1947,152.79977
Mexico,MEX,1948,152.91043
Mexico,MEX,1949,153.0191
Mexico,MEX,1950,153.12506
Mexico,MEX,1951,153.22736
Mexico,MEX,1952,153.32558
Mexico,MEX,1953,153.41942
Mexico,MEX,1954,153.508
Mexico,MEX,1955,153.59196
Mexico,MEX,1956,153.67154
Mexico,MEX,1957,153.74738
Mexico,MEX,1958,153.81929
Mexico,MEX,1959,153.88777
Mexico,MEX,1960,153.95323
Mexico,MEX,1961,154.01567
Mexico,MEX,1962,154.0762
Mexico,MEX,1963,154.13373
Mexico,MEX,1964,154.18703
Mexico,MEX,1965,154.23615
Mexico,MEX,1966,154.28123
Mexico,MEX,1967,154.32353
Mexico,MEX,1968,154.36374
Mexico,MEX,1969,154.40427
Mexico,MEX,1970,154.44545
Mexico,MEX,1971,154.48935
Mexico,MEX,1972,154.53682
Mexico,MEX,1973,154.58823
Mexico,MEX,1974,154.64456
Mexico,MEX,1975,154.70529
Mexico,MEX,1976,154.76959
Mexico,MEX,1977,154.83711
Mexico,MEX,1978,154.90862
Mexico,MEX,1979,154.98473
Mexico,MEX,1980,155.06711
Mexico,MEX,1981,155.15657
Mexico,MEX,1982,155.25443
Mexico,MEX,1983,155.35927
Mexico,MEX,1984,155.46964
Mexico,MEX,1985,155.58395
Mexico,MEX,1986,155.69983
Mexico,MEX,1987,155.81596
Mexico,MEX,1988,155.93143
Mexico,MEX,1989,156.04584
Mexico,MEX,1990,156.15953
Mexico,MEX,1991,156.27353
Mexico,MEX,1992,156.38838
Mexico,MEX,1993,156.50343
Mexico,MEX,1994,156.6185
Mexico,MEX,1995,156.73366
Mexico,MEX,1996,156.84882
Micronesia (country),FSM,1896,152.4453
Micronesia (country),FSM,1897,152.5995
Micronesia (country),FSM,1898,152.75409
Micronesia (country),FSM,1899,152.90846
Micronesia (country),FSM,1900,153.0625
Micronesia (country),FSM,1901,153.21567
Micronesia (country),FSM,1902,153.36778
Micronesia (country),FSM,1903,153.51773
Micronesia (country),FSM,1904,153.66537
Micronesia (country),FSM,1905,153.81064
Micronesia (country),FSM,1906,153.95317
Micronesia (country),FSM,1907,154.0927
Micronesia (country),FSM,1908,154.22926
Micronesia (country),FSM,1909,154.36317
Micronesia (country),FSM,1910,154.49478
Micronesia (country),FSM,1911,154.62479
Micronesia (country),FSM,1912,154.75302
Micronesia (country),FSM,1913,154.87965
Micronesia (country),FSM,1914,155.0048
Micronesia (country),FSM,1915,155.12854
Micronesia (country),FSM,1916,155.25095
Micronesia (country),FSM,1917,155.37161
Micronesia (country),FSM,1918,155.49045
Micronesia (country),FSM,1919,155.60683
Micronesia (country),FSM,1920,155.72096
Micronesia (country),FSM,1921,155.83235
Micronesia (country),FSM,1922,155.94064
Micronesia (country),FSM,1923,156.04523
Micronesia (country),FSM,1924,156.14641
Micronesia (country),FSM,1925,156.24545
Micronesia (country),FSM,1926,156.34291
Micronesia (country),FSM,1927,156.4384
Micronesia (country),FSM,1928,156.53204
Micronesia (country),FSM,1929,156.62393
Micronesia (country),FSM,1930,156.7139
Micronesia (country),FSM,1931,156.80064
Micronesia (country),FSM,1932,156.88405
Micronesia (country),FSM,1933,156.96513
Micronesia (country),FSM,1934,157.04486
Micronesia (country),FSM,1935,157.12347
Micronesia (country),FSM,1936,157.20142
Micronesia (country),FSM,1937,157.27829
Micronesia (country),FSM,1938,157.3537
Micronesia (country),FSM,1939,157.42749
Micronesia (country),FSM,1940,157.49939
Micronesia (country),FSM,1941,157.56932
Micronesia (country),FSM,1942,157.63751
Micronesia (country),FSM,1943,157.7053
Micronesia (country),FSM,1944,157.77293
Micronesia (country),FSM,1945,157.84048
Micronesia (country),FSM,1946,157.90755
Micronesia (country),FSM,1947,157.97328
Micronesia (country),FSM,1948,158.03716
Micronesia (country),FSM,1949,158.09874
Micronesia (country),FSM,1950,158.15788
Micronesia (country),FSM,1951,158.21419
Micronesia (country),FSM,1952,158.2665
Micronesia (country),FSM,1953,158.31451
Micronesia (country),FSM,1954,158.35785
Micronesia (country),FSM,1955,158.39664
Micronesia (country),FSM,1956,158.43091
Micronesia (country),FSM,1957,158.46129
Micronesia (country),FSM,1958,158.48827
Micronesia (country),FSM,1959,158.51166
Micronesia (country),FSM,1960,158.53145
Micronesia (country),FSM,1961,158.54738
Micronesia (country),FSM,1962,158.55884
Micronesia (country),FSM,1963,158.5642
Micronesia (country),FSM,1964,158.5626
Micronesia (country),FSM,1965,158.55377
Micronesia (country),FSM,1966,158.5379
Micronesia (country),FSM,1967,158.51569
Micronesia (country),FSM,1968,158.48723
Micronesia (country),FSM,1969,158.45265
Micronesia (country),FSM,1970,158.4119
Micronesia (country),FSM,1971,158.36542
Micronesia (country),FSM,1972,158.31299
Micronesia (country),FSM,1973,158.25505
Micronesia (country),FSM,1974,158.19173
Micronesia (country),FSM,1975,158.12288
Micronesia (country),FSM,1976,158.0487
Micronesia (country),FSM,1977,157.96835
Micronesia (country),FSM,1978,157.88261
Micronesia (country),FSM,1979,157.7925
Micronesia (country),FSM,1980,157.69972
Micronesia (country),FSM,1981,157.60532
Micronesia (country),FSM,1982,157.50998
Micronesia (country),FSM,1983,157.41434
Micronesia (country),FSM,1984,157.31781
Micronesia (country),FSM,1985,157.22037
Micronesia (country),FSM,1986,157.12175
Micronesia (country),FSM,1987,157.02126
Micronesia (country),FSM,1988,156.91881
Micronesia (country),FSM,1989,156.81528
Micronesia (country),FSM,1990,156.7108
Micronesia (country),FSM,1991,156.60614
Micronesia (country),FSM,1992,156.5018
Micronesia (country),FSM,1993,156.39778
Micronesia (country),FSM,1994,156.29376
Micronesia (country),FSM,1995,156.18967
Micronesia (country),FSM,1996,156.08566
Middle East and North Africa,,1896,149.8032
Middle East and North Africa,,1897,149.9379
Middle East and North Africa,,1898,150.0729
Middle East and North Africa,,1899,150.208
Middle East and North Africa,,1900,150.343
Middle East and North Africa,,1901,150.4777
Middle East and North Africa,,1902,150.612
Middle East and North Africa,,1903,150.7455
Middle East and North Africa,,1904,150.8779
Middle East and North Africa,,1905,151.0095
Middle East and North Africa,,1906,151.1406
Middle East and North Africa,,1907,151.271
Middle East and North Africa,,1908,151.4008
Middle East and North Africa,,1909,151.5303
Middle East and North Africa,,1910,151.6602
Middle East and North Africa,,1911,151.7911
Middle East and North Africa,,1912,151.9235
Middle East and North Africa,,1913,152.0577
Middle East and North Africa,,1914,152.1936
Middle East and North Africa,,1915,152.3314
Middle East and North Africa,,1916,152.4712
Middle East and North Africa,,1917,152.6131
Middle East and North Africa,,1918,152.757
Middle East and North Africa,,1919,152.9018
Middle East and North Africa,,1920,153.0473
Middle East and North Africa,,1921,153.1924
Middle East and North Africa,,1922,153.3367
Middle East and North Africa,,1923,153.4789
Middle East and North Africa,,1924,153.6194
Middle East and North Africa,,1925,153.7591
Middle East and North Africa,,1926,153.8979
Middle East and North Africa,,1927,154.036
Middle East and North Africa,,1928,154.1735
Middle East and North Africa,,1929,154.3112
Middle East and North Africa,,1930,154.4494
Middle East and North Africa,,1931,154.587
Middle East and North Africa,,1932,154.7245
Middle East and North Africa,,1933,154.8626
Middle East and North Africa,,1934,155.0017
Middle East and North Africa,,1935,155.1413
Middle East and North Africa,,1936,155.2812
Middle East and North Africa,,1937,155.4201
Middle East and North Africa,,1938,155.5572
Middle East and North Africa,,1939,155.6924
Middle East and North Africa,,1940,155.8251
Middle East and North Africa,,1941,155.955
Middle East and North Africa,,1942,156.082
Middle East and North Africa,,1943,156.2076
Middle East and North Africa,,1944,156.3322
Middle East and North Africa,,1945,156.4562
Middle East and North Africa,,1946,156.5796
Middle East and North Africa,,1947,156.702
Middle East and North Africa,,1948,156.8224
Middle East and North Africa,,1949,156.9409
Middle East and North Africa,,1950,157.058
Middle East and North Africa,,1951,157.1738
Middle East and North Africa,,1952,157.287
Middle East and North Africa,,1953,157.3976
Middle East and North Africa,,1954,157.5053
Middle East and North Africa,,1955,157.6102
Middle East and North Africa,,1956,157.7114
Middle East and North Africa,,1957,157.8096
Middle East and North Africa,,1958,157.905
Middle East and North Africa,,1959,157.9966
Middle East and North Africa,,1960,158.0847
Middle East and North Africa,,1961,158.169
Middle East and North Africa,,1962,158.2485
Middle East and North Africa,,1963,158.3215
Middle East and North Africa,,1964,158.3874
Middle East and North Africa,,1965,158.4459
Middle East and North Africa,,1966,158.4987
Middle East and North Africa,,1967,158.5469
Middle East and North Africa,,1968,158.5906
Middle East and North Africa,,1969,158.6295
Middle East and North Africa,,1970,158.6631
Middle East and North Africa,,1971,158.6921
Middle East and North Africa,,1972,158.7168
Middle East and North Africa,,1973,158.7377
Middle East and North Africa,,1974,158.7564
Middle East and North Africa,,1975,158.7722
Middle East and North Africa,,1976,158.785
Middle East and North Africa,,1977,158.794
Middle East and North Africa,,1978,158.7996
Middle East and North Africa,,1979,158.8026
Middle East and North Africa,,1980,158.8047
Middle East and North Africa,,1981,158.807
Middle East and North Africa,,1982,158.8106
Middle East and North Africa,,1983,158.8155
Middle East and North Africa,,1984,158.821
Middle East and North Africa,,1985,158.8261
Middle East and North Africa,,1986,158.8299
Middle East and North Africa,,1987,158.8316
Middle East and North Africa,,1988,158.8302
Middle East and North Africa,,1989,158.8258
Middle East and North Africa,,1990,158.818
Middle East and North Africa,,1991,158.8087
Middle East and North Africa,,1992,158.798
Middle East and North Africa,,1993,158.7864
Middle East and North Africa,,1994,158.7734
Middle East and North Africa,,1995,158.7598
Middle East and North Africa,,1996,158.7462
Moldova,MDA,1896,152.25476
Moldova,MDA,1897,152.43004
Moldova,MDA,1898,152.60568
Moldova,MDA,1899,152.7812
Moldova,MDA,1900,152.95657
Moldova,MDA,1901,153.13158
Moldova,MDA,1902,153.30608
Moldova,MDA,1903,153.47957
Moldova,MDA,1904,153.65164
Moldova,MDA,1905,153.82271
Moldova,MDA,1906,153.99272
Moldova,MDA,1907,154.16171
Moldova,MDA,1908,154.32964
Moldova,MDA,1909,154.49658
Moldova,MDA,1910,154.6633
Moldova,MDA,1911,154.83037
Moldova,MDA,1912,154.99892
Moldova,MDA,1913,155.16957
Moldova,MDA,1914,155.34209
Moldova,MDA,1915,155.51671
Moldova,MDA,1916,155.69308
Moldova,MDA,1917,155.87132
Moldova,MDA,1918,156.04985
Moldova,MDA,1919,156.22702
Moldova,MDA,1920,156.40215
Moldova,MDA,1921,156.574
Moldova,MDA,1922,156.74203
Moldova,MDA,1923,156.90503
Moldova,MDA,1924,157.06305
Moldova,MDA,1925,157.21707
Moldova,MDA,1926,157.3681
Moldova,MDA,1927,157.51642
Moldova,MDA,1928,157.66287
Moldova,MDA,1929,157.80785
Moldova,MDA,1930,157.95273
Moldova,MDA,1931,158.09581
Moldova,MDA,1932,158.23799
Moldova,MDA,1933,158.37976
Moldova,MDA,1934,158.52237
Moldova,MDA,1935,158.66585
Moldova,MDA,1936,158.80998
Moldova,MDA,1937,158.95404
Moldova,MDA,1938,159.09715
Moldova,MDA,1939,159.23874
Moldova,MDA,1940,159.3784
Moldova,MDA,1941,159.5155
Moldova,MDA,1942,159.64977
Moldova,MDA,1943,159.78119
Moldova,MDA,1944,159.91063
Moldova,MDA,1945,160.03815
Moldova,MDA,1946,160.16396
Moldova,MDA,1947,160.2876
Moldova,MDA,1948,160.40794
Moldova,MDA,1949,160.52596
Moldova,MDA,1950,160.64253
Moldova,MDA,1951,160.75829
Moldova,MDA,1952,160.87251
Moldova,MDA,1953,160.98561
Moldova,MDA,1954,161.09706
Moldova,MDA,1955,161.20714
Moldova,MDA,1956,161.31578
Moldova,MDA,1957,161.42342
Moldova,MDA,1958,161.53043
Moldova,MDA,1959,161.63692
Moldova,MDA,1960,161.74231
Moldova,MDA,1961,161.84595
Moldova,MDA,1962,161.94647
Moldova,MDA,1963,162.04163
Moldova,MDA,1964,162.12941
Moldova,MDA,1965,162.20906
Moldova,MDA,1966,162.28098
Moldova,MDA,1967,162.34552
Moldova,MDA,1968,162.40309
Moldova,MDA,1969,162.45448
Moldova,MDA,1970,162.50003
Moldova,MDA,1971,162.5405
Moldova,MDA,1972,162.57645
Moldova,MDA,1973,162.60843
Moldova,MDA,1974,162.63783
Moldova,MDA,1975,162.66502
Moldova,MDA,1976,162.68993
Moldova,MDA,1977,162.71234
Moldova,MDA,1978,162.73279
Moldova,MDA,1979,162.75224
Moldova,MDA,1980,162.77293
Moldova,MDA,1981,162.79616
Moldova,MDA,1982,162.822
Moldova,MDA,1983,162.85109
Moldova,MDA,1984,162.88225
Moldova,MDA,1985,162.91463
Moldova,MDA,1986,162.9473
Moldova,MDA,1987,162.97955
Moldova,MDA,1988,163.01044
Moldova,MDA,1989,163.03967
Moldova,MDA,1990,163.06808
Moldova,MDA,1991,163.09639
Moldova,MDA,1992,163.1253
Moldova,MDA,1993,163.15446
Moldova,MDA,1994,163.18396
Moldova,MDA,1995,163.21352
Moldova,MDA,1996,163.24289
Mongolia,MNG,1896,147.89378
Mongolia,MNG,1897,148.04356
Mongolia,MNG,1898,148.19348
Mongolia,MNG,1899,148.34375
Mongolia,MNG,1900,148.49408
Mongolia,MNG,1901,148.64388
Mongolia,MNG,1902,148.79326
Mongolia,MNG,1903,148.9419
Mongolia,MNG,1904,149.08928
Mongolia,MNG,1905,149.23592
Mongolia,MNG,1906,149.38206
Mongolia,MNG,1907,149.5272
Mongolia,MNG,1908,149.6714
Mongolia,MNG,1909,149.81468
Mongolia,MNG,1910,149.95804
Mongolia,MNG,1911,150.102
Mongolia,MNG,1912,150.24686
Mongolia,MNG,1913,150.39293
Mongolia,MNG,1914,150.54027
Mongolia,MNG,1915,150.68909
Mongolia,MNG,1916,150.83917
Mongolia,MNG,1917,150.99065
Mongolia,MNG,1918,151.14357
Mongolia,MNG,1919,151.2971
Mongolia,MNG,1920,151.45131
Mongolia,MNG,1921,151.6047
Mongolia,MNG,1922,151.75757
Mongolia,MNG,1923,151.90906
Mongolia,MNG,1924,152.0597
Mongolia,MNG,1925,152.21013
Mongolia,MNG,1926,152.36057
Mongolia,MNG,1927,152.51117
Mongolia,MNG,1928,152.66217
Mongolia,MNG,1929,152.81377
Mongolia,MNG,1930,152.96594
Mongolia,MNG,1931,153.11757
Mongolia,MNG,1932,153.26898
Mongolia,MNG,1933,153.42065
Mongolia,MNG,1934,153.57301
Mongolia,MNG,1935,153.7263
Mongolia,MNG,1936,153.87988
Mongolia,MNG,1937,154.03288
Mongolia,MNG,1938,154.18501
Mongolia,MNG,1939,154.33562
Mongolia,MNG,1940,154.48412
Mongolia,MNG,1941,154.63033
Mongolia,MNG,1942,154.77419
Mongolia,MNG,1943,154.91678
Mongolia,MNG,1944,155.05887
Mongolia,MNG,1945,155.2003
Mongolia,MNG,1946,155.34084
Mongolia,MNG,1947,155.48026
Mongolia,MNG,1948,155.61778
Mongolia,MNG,1949,155.75327
Mongolia,MNG,1950,155.88661
Mongolia,MNG,1951,156.0178
Mongolia,MNG,1952,156.14577
Mongolia,MNG,1953,156.27112
Mongolia,MNG,1954,156.3935
Mongolia,MNG,1955,156.51297
Mongolia,MNG,1956,156.6293
Mongolia,MNG,1957,156.74324
Mongolia,MNG,1958,156.8552
Mongolia,MNG,1959,156.96469
Mongolia,MNG,1960,157.07237
Mongolia,MNG,1961,157.178
Mongolia,MNG,1962,157.27994
Mongolia,MNG,1963,157.37708
Mongolia,MNG,1964,157.46849
Mongolia,MNG,1965,157.55339
Mongolia,MNG,1966,157.63206
Mongolia,MNG,1967,157.70549
Mongolia,MNG,1968,157.7733
Mongolia,MNG,1969,157.8356
Mongolia,MNG,1970,157.89244
Mongolia,MNG,1971,157.94409
Mongolia,MNG,1972,157.99129
Mongolia,MNG,1973,158.0347
Mongolia,MNG,1974,158.07559
Mongolia,MNG,1975,158.11299
Mongolia,MNG,1976,158.14668
Mongolia,MNG,1977,158.1761
Mongolia,MNG,1978,158.20128
Mongolia,MNG,1979,158.2226
Mongolia,MNG,1980,158.24162
Mongolia,MNG,1981,158.25923
Mongolia,MNG,1982,158.27599
Mongolia,MNG,1983,158.29207
Mongolia,MNG,1984,158.30672
Mongolia,MNG,1985,158.31897
Mongolia,MNG,1986,158.32796
Mongolia,MNG,1987,158.33289
Mongolia,MNG,1988,158.3331
Mongolia,MNG,1989,158.32869
Mongolia,MNG,1990,158.31923
Mongolia,MNG,1991,158.30646
Mongolia,MNG,1992,158.29123
Mongolia,MNG,1993,158.27417
Mongolia,MNG,1994,158.2554
Mongolia,MNG,1995,158.23619
Mongolia,MNG,1996,158.21706
Montenegro,MNE,1896,152.15216
Montenegro,MNE,1897,152.36957
Montenegro,MNE,1898,152.5872
Montenegro,MNE,1899,152.80473
Montenegro,MNE,1900,153.02231
Montenegro,MNE,1901,153.2395
Montenegro,MNE,1902,153.45634
Montenegro,MNE,1903,153.67221
Montenegro,MNE,1904,153.88687
Montenegro,MNE,1905,154.10023
Montenegro,MNE,1906,154.31255
Montenegro,MNE,1907,154.52406
Montenegro,MNE,1908,154.73463
Montenegro,MNE,1909,154.94423
Montenegro,MNE,1910,155.1533
Montenegro,MNE,1911,155.3627
Montenegro,MNE,1912,155.5731
Montenegro,MNE,1913,155.78493
Montenegro,MNE,1914,155.99779
Montenegro,MNE,1915,156.21191
Montenegro,MNE,1916,156.4273
Montenegro,MNE,1917,156.64424
Montenegro,MNE,1918,156.86153
Montenegro,MNE,1919,157.07768
Montenegro,MNE,1920,157.29225
Montenegro,MNE,1921,157.50375
Montenegro,MNE,1922,157.7117
Montenegro,MNE,1923,157.9144
Montenegro,MNE,1924,158.11247
Montenegro,MNE,1925,158.30688
Montenegro,MNE,1926,158.49796
Montenegro,MNE,1927,158.68544
Montenegro,MNE,1928,158.87027
Montenegro,MNE,1929,159.05229
Montenegro,MNE,1930,159.2318
Montenegro,MNE,1931,159.40755
Montenegro,MNE,1932,159.58
Montenegro,MNE,1933,159.74963
Montenegro,MNE,1934,159.91716
Montenegro,MNE,1935,160.08258
Montenegro,MNE,1936,160.24591
Montenegro,MNE,1937,160.40683
Montenegro,MNE,1938,160.56445
Montenegro,MNE,1939,160.71834
Montenegro,MNE,1940,160.8683
Montenegro,MNE,1941,161.01314
Montenegro,MNE,1942,161.15306
Montenegro,MNE,1943,161.28868
Montenegro,MNE,1944,161.42076
Montenegro,MNE,1945,161.54996
Montenegro,MNE,1946,161.67686
Montenegro,MNE,1947,161.80113
Montenegro,MNE,1948,161.92236
Montenegro,MNE,1949,162.04118
Montenegro,MNE,1950,162.15863
Montenegro,MNE,1951,162.27516
Montenegro,MNE,1952,162.39075
Montenegro,MNE,1953,162.50563
Montenegro,MNE,1954,162.61974
Montenegro,MNE,1955,162.73369
Montenegro,MNE,1956,162.84744
Montenegro,MNE,1957,162.96152
Montenegro,MNE,1958,163.07677
Montenegro,MNE,1959,163.19342
Montenegro,MNE,1960,163.31136
Montenegro,MNE,1961,163.4301
Montenegro,MNE,1962,163.5482
Montenegro,MNE,1963,163.66335
Montenegro,MNE,1964,163.77365
Montenegro,MNE,1965,163.87785
Montenegro,MNE,1966,163.976
Montenegro,MNE,1967,164.0688
Montenegro,MNE,1968,164.15598
Montenegro,MNE,1969,164.23769
Montenegro,MNE,1970,164.31342
Montenegro,MNE,1971,164.38342
Montenegro,MNE,1972,164.44739
Montenegro,MNE,1973,164.50578
Montenegro,MNE,1974,164.55867
Montenegro,MNE,1975,164.60582
Montenegro,MNE,1976,164.64685
Montenegro,MNE,1977,164.68155
Montenegro,MNE,1978,164.70963
Montenegro,MNE,1979,164.73224
Montenegro,MNE,1980,164.75145
Montenegro,MNE,1981,164.76854
Montenegro,MNE,1982,164.78456
Montenegro,MNE,1983,164.79994
Montenegro,MNE,1984,164.8143
Montenegro,MNE,1985,164.82703
Montenegro,MNE,1986,164.83757
Montenegro,MNE,1987,164.84515
Montenegro,MNE,1988,164.84938
Montenegro,MNE,1989,164.8514
Montenegro,MNE,1990,164.85164
Montenegro,MNE,1991,164.85152
Montenegro,MNE,1992,164.85138
Montenegro,MNE,1993,164.8518
Montenegro,MNE,1994,164.85277
Montenegro,MNE,1995,164.85423
Montenegro,MNE,1996,164.85591
Morocco,MAR,1896,150.77151
Morocco,MAR,1897,150.91492
Morocco,MAR,1898,151.0585
Morocco,MAR,1899,151.20204
Morocco,MAR,1900,151.34547
Morocco,MAR,1901,151.48853
Morocco,MAR,1902,151.631
Morocco,MAR,1903,151.77261
Morocco,MAR,1904,151.91281
Morocco,MAR,1905,152.05206
Morocco,MAR,1906,152.1906
Morocco,MAR,1907,152.32816
Morocco,MAR,1908,152.46465
Morocco,MAR,1909,152.60054
Morocco,MAR,1910,152.73598
Morocco,MAR,1911,152.87173
Morocco,MAR,1912,153.00822
Morocco,MAR,1913,153.14581
Morocco,MAR,1914,153.28418
Morocco,MAR,1915,153.42357
Morocco,MAR,1916,153.56407
Morocco,MAR,1917,153.7058
Morocco,MAR,1918,153.84898
Morocco,MAR,1919,153.99236
Morocco,MAR,1920,154.13568
Morocco,MAR,1921,154.27773
Morocco,MAR,1922,154.41823
Morocco,MAR,1923,154.5563
Morocco,MAR,1924,154.692
Morocco,MAR,1925,154.82628
Morocco,MAR,1926,154.9588
Morocco,MAR,1927,155.0901
Morocco,MAR,1928,155.22025
Morocco,MAR,1929,155.35013
Morocco,MAR,1930,155.4799
Morocco,MAR,1931,155.60857
Morocco,MAR,1932,155.73653
Morocco,MAR,1933,155.86409
Morocco,MAR,1934,155.99184
Morocco,MAR,1935,156.11903
Morocco,MAR,1936,156.24522
Morocco,MAR,1937,156.36945
Morocco,MAR,1938,156.49083
Morocco,MAR,1939,156.60938
Morocco,MAR,1940,156.72435
Morocco,MAR,1941,156.83548
Morocco,MAR,1942,156.94255
Morocco,MAR,1943,157.047
Morocco,MAR,1944,157.14922
Morocco,MAR,1945,157.24934
Morocco,MAR,1946,157.34715
Morocco,MAR,1947,157.44215
Morocco,MAR,1948,157.53293
Morocco,MAR,1949,157.62
Morocco,MAR,1950,157.70357
Morocco,MAR,1951,157.78416
Morocco,MAR,1952,157.86052
Morocco,MAR,1953,157.93253
Morocco,MAR,1954,158.0003
Morocco,MAR,1955,158.06363
Morocco,MAR,1956,158.12183
Morocco,MAR,1957,158.17618
Morocco,MAR,1958,158.2268
Morocco,MAR,1959,158.27289
Morocco,MAR,1960,158.31505
Morocco,MAR,1961,158.35347
Morocco,MAR,1962,158.38698
Morocco,MAR,1963,158.41452
Morocco,MAR,1964,158.43561
Morocco,MAR,1965,158.45047
Morocco,MAR,1966,158.46082
Morocco,MAR,1967,158.46771
Morocco,MAR,1968,158.47159
Morocco,MAR,1969,158.47176
Morocco,MAR,1970,158.46782
Morocco,MAR,1971,158.4603
Morocco,MAR,1972,158.4495
Morocco,MAR,1973,158.436
Morocco,MAR,1974,158.42166
Morocco,MAR,1975,158.40558
Morocco,MAR,1976,158.38799
Morocco,MAR,1977,158.36775
Morocco,MAR,1978,158.3452
Morocco,MAR,1979,158.32085
Morocco,MAR,1980,158.2965
Morocco,MAR,1981,158.27254
Morocco,MAR,1982,158.25017
Morocco,MAR,1983,158.22954
Morocco,MAR,1984,158.20941
Morocco,MAR,1985,158.1891
Morocco,MAR,1986,158.16728
Morocco,MAR,1987,158.14343
Morocco,MAR,1988,158.11629
Morocco,MAR,1989,158.08617
Morocco,MAR,1990,158.05255
Morocco,MAR,1991,158.01718
Morocco,MAR,1992,157.98026
Morocco,MAR,1993,157.94212
Morocco,MAR,1994,157.90253
Morocco,MAR,1995,157.8621
Morocco,MAR,1996,157.82164
Mozambique,MOZ,1896,150.86722
Mozambique,MOZ,1897,150.98085
Mozambique,MOZ,1898,151.09492
Mozambique,MOZ,1899,151.20894
Mozambique,MOZ,1900,151.32275
Mozambique,MOZ,1901,151.43617
Mozambique,MOZ,1902,151.54903
Mozambique,MOZ,1903,151.66074
Mozambique,MOZ,1904,151.7711
Mozambique,MOZ,1905,151.8801
Mozambique,MOZ,1906,151.98747
Mozambique,MOZ,1907,152.09386
Mozambique,MOZ,1908,152.1991
Mozambique,MOZ,1909,152.3034
Mozambique,MOZ,1910,152.40735
Mozambique,MOZ,1911,152.5114
Mozambique,MOZ,1912,152.61642
Mozambique,MOZ,1913,152.72256
Mozambique,MOZ,1914,152.82968
Mozambique,MOZ,1915,152.9381
Mozambique,MOZ,1916,153.04716
Mozambique,MOZ,1917,153.1573
Mozambique,MOZ,1918,153.26794
Mozambique,MOZ,1919,153.37854
Mozambique,MOZ,1920,153.48878
Mozambique,MOZ,1921,153.59828
Mozambique,MOZ,1922,153.70622
Mozambique,MOZ,1923,153.81155
Mozambique,MOZ,1924,153.91484
Mozambique,MOZ,1925,154.018
Mozambique,MOZ,1926,154.12086
Mozambique,MOZ,1927,154.22375
Mozambique,MOZ,1928,154.32729
Mozambique,MOZ,1929,154.43152
Mozambique,MOZ,1930,154.53568
Mozambique,MOZ,1931,154.63943
Mozambique,MOZ,1932,154.74278
Mozambique,MOZ,1933,154.84625
Mozambique,MOZ,1934,154.95074
Mozambique,MOZ,1935,155.05608
Mozambique,MOZ,1936,155.16174
Mozambique,MOZ,1937,155.26721
Mozambique,MOZ,1938,155.37134
Mozambique,MOZ,1939,155.47383
Mozambique,MOZ,1940,155.57362
Mozambique,MOZ,1941,155.67029
Mozambique,MOZ,1942,155.76407
Mozambique,MOZ,1943,155.85603
Mozambique,MOZ,1944,155.9467
Mozambique,MOZ,1945,156.03508
Mozambique,MOZ,1946,156.12132
Mozambique,MOZ,1947,156.20534
Mozambique,MOZ,1948,156.28625
Mozambique,MOZ,1949,156.36412
Mozambique,MOZ,1950,156.43973
Mozambique,MOZ,1951,156.51198
Mozambique,MOZ,1952,156.579
Mozambique,MOZ,1953,156.64001
Mozambique,MOZ,1954,156.69379
Mozambique,MOZ,1955,156.73967
Mozambique,MOZ,1956,156.77731
Mozambique,MOZ,1957,156.80716
Mozambique,MOZ,1958,156.82967
Mozambique,MOZ,1959,156.84477
Mozambique,MOZ,1960,156.85187
Mozambique,MOZ,1961,156.8507
Mozambique,MOZ,1962,156.84099
Mozambique,MOZ,1963,156.82152
Mozambique,MOZ,1964,156.79124
Mozambique,MOZ,1965,156.75047
Mozambique,MOZ,1966,156.70044
Mozambique,MOZ,1967,156.64214
Mozambique,MOZ,1968,156.57648
Mozambique,MOZ,1969,156.50401
Mozambique,MOZ,1970,156.42525
Mozambique,MOZ,1971,156.34052
Mozambique,MOZ,1972,156.2512
Mozambique,MOZ,1973,156.15868
Mozambique,MOZ,1974,156.06422
Mozambique,MOZ,1975,155.96748
Mozambique,MOZ,1976,155.86848
Mozambique,MOZ,1977,155.76712
Mozambique,MOZ,1978,155.66402
Mozambique,MOZ,1979,155.55948
Mozambique,MOZ,1980,155.45497
Mozambique,MOZ,1981,155.35216
Mozambique,MOZ,1982,155.25247
Mozambique,MOZ,1983,155.15598
Mozambique,MOZ,1984,155.06178
Mozambique,MOZ,1985,154.96909
Mozambique,MOZ,1986,154.87737
Mozambique,MOZ,1987,154.78522
Mozambique,MOZ,1988,154.6925
Mozambique,MOZ,1989,154.59987
Mozambique,MOZ,1990,154.50708
Mozambique,MOZ,1991,154.41542
Mozambique,MOZ,1992,154.32443
Mozambique,MOZ,1993,154.23343
Mozambique,MOZ,1994,154.14217
Mozambique,MOZ,1995,154.05107
Mozambique,MOZ,1996,153.96013
Myanmar,MMR,1896,145.59839
Myanmar,MMR,1897,145.71738
Myanmar,MMR,1898,145.8365
Myanmar,MMR,1899,145.95544
Myanmar,MMR,1900,146.07434
Myanmar,MMR,1901,146.1925
Myanmar,MMR,1902,146.3102
Myanmar,MMR,1903,146.42635
Myanmar,MMR,1904,146.54095
Myanmar,MMR,1905,146.6541
Myanmar,MMR,1906,146.76593
Myanmar,MMR,1907,146.87581
Myanmar,MMR,1908,146.98425
Myanmar,MMR,1909,147.09111
Myanmar,MMR,1910,147.19777
Myanmar,MMR,1911,147.30458
Myanmar,MMR,1912,147.41212
Myanmar,MMR,1913,147.5205
Myanmar,MMR,1914,147.63023
Myanmar,MMR,1915,147.74147
Myanmar,MMR,1916,147.85469
Myanmar,MMR,1917,147.97044
Myanmar,MMR,1918,148.08894
Myanmar,MMR,1919,148.21062
Myanmar,MMR,1920,148.33594
Myanmar,MMR,1921,148.46477
Myanmar,MMR,1922,148.59753
Myanmar,MMR,1923,148.7339
Myanmar,MMR,1924,148.87419
Myanmar,MMR,1925,149.02113
Myanmar,MMR,1926,149.17465
Myanmar,MMR,1927,149.3333
Myanmar,MMR,1928,149.49614
Myanmar,MMR,1929,149.66187
Myanmar,MMR,1930,149.82918
Myanmar,MMR,1931,149.99677
Myanmar,MMR,1932,150.16534
Myanmar,MMR,1933,150.33577
Myanmar,MMR,1934,150.50856
Myanmar,MMR,1935,150.68364
Myanmar,MMR,1936,150.85953
Myanmar,MMR,1937,151.03488
Myanmar,MMR,1938,151.20811
Myanmar,MMR,1939,151.37714
Myanmar,MMR,1940,151.54099
Myanmar,MMR,1941,151.7004
Myanmar,MMR,1942,151.8563
Myanmar,MMR,1943,152.0103
Myanmar,MMR,1944,152.16379
Myanmar,MMR,1945,152.31609
Myanmar,MMR,1946,152.46689
Myanmar,MMR,1947,152.61504
Myanmar,MMR,1948,152.759
Myanmar,MMR,1949,152.89804
Myanmar,MMR,1950,153.0311
Myanmar,MMR,1951,153.15714
Myanmar,MMR,1952,153.2747
Myanmar,MMR,1953,153.38333
Myanmar,MMR,1954,153.48244
Myanmar,MMR,1955,153.57217
Myanmar,MMR,1956,153.65294
Myanmar,MMR,1957,153.72563
Myanmar,MMR,1958,153.79141
Myanmar,MMR,1959,153.85081
Myanmar,MMR,1960,153.90474
Myanmar,MMR,1961,153.95363
Myanmar,MMR,1962,153.99734
Myanmar,MMR,1963,154.03531
Myanmar,MMR,1964,154.06697
Myanmar,MMR,1965,154.09259
Myanmar,MMR,1966,154.11398
Myanmar,MMR,1967,154.13313
Myanmar,MMR,1968,154.14961
Myanmar,MMR,1969,154.16307
Myanmar,MMR,1970,154.1731
Myanmar,MMR,1971,154.18045
Myanmar,MMR,1972,154.18564
Myanmar,MMR,1973,154.18962
Myanmar,MMR,1974,154.19278
Myanmar,MMR,1975,154.19464
Myanmar,MMR,1976,154.19566
Myanmar,MMR,1977,154.19554
Myanmar,MMR,1978,154.19453
Myanmar,MMR,1979,154.19328
Myanmar,MMR,1980,154.1935
Myanmar,MMR,1981,154.19571
Myanmar,MMR,1982,154.20012
Myanmar,MMR,1983,154.20662
Myanmar,MMR,1984,154.21503
Myanmar,MMR,1985,154.22475
Myanmar,MMR,1986,154.23518
Myanmar,MMR,1987,154.2456
Myanmar,MMR,1988,154.25642
Myanmar,MMR,1989,154.2678
Myanmar,MMR,1990,154.2796
Myanmar,MMR,1991,154.2927
Myanmar,MMR,1992,154.30681
Myanmar,MMR,1993,154.32222
Myanmar,MMR,1994,154.33846
Myanmar,MMR,1995,154.35504
Myanmar,MMR,1996,154.37192
Namibia,NAM,1896,156.79948
Namibia,NAM,1897,156.90547
Namibia,NAM,1898,157.01193
Namibia,NAM,1899,157.1184
Namibia,NAM,1900,157.2247
Namibia,NAM,1901,157.33058
Namibia,NAM,1902,157.43578
Namibia,NAM,1903,157.53938
Namibia,NAM,1904,157.64165
Namibia,NAM,1905,157.74228
Namibia,NAM,1906,157.84143
Namibia,NAM,1907,157.93945
Namibia,NAM,1908,158.03607
Namibia,NAM,1909,158.13182
Namibia,NAM,1910,158.22717
Namibia,NAM,1911,158.32272
Namibia,NAM,1912,158.41861
Namibia,NAM,1913,158.51498
Namibia,NAM,1914,158.6119
Namibia,NAM,1915,158.70944
Namibia,NAM,1916,158.80739
Namibia,NAM,1917,158.90607
Namibia,NAM,1918,159.00496
Namibia,NAM,1919,159.10353
Namibia,NAM,1920,159.20192
Namibia,NAM,1921,159.29869
Namibia,NAM,1922,159.39334
Namibia,NAM,1923,159.48512
Namibia,NAM,1924,159.57448
Namibia,NAM,1925,159.66281
Namibia,NAM,1926,159.75069
Namibia,NAM,1927,159.83762
Namibia,NAM,1928,159.92393
Namibia,NAM,1929,160.00977
Namibia,NAM,1930,160.09435
Namibia,NAM,1931,160.17662
Namibia,NAM,1932,160.25703
Namibia,NAM,1933,160.33617
Namibia,NAM,1934,160.41484
Namibia,NAM,1935,160.49303
Namibia,NAM,1936,160.57063
Namibia,NAM,1937,160.647
Namibia,NAM,1938,160.72198
Namibia,NAM,1939,160.79489
Namibia,NAM,1940,160.86493
Namibia,NAM,1941,160.93163
Namibia,NAM,1942,160.99504
Namibia,NAM,1943,161.05618
Namibia,NAM,1944,161.11528
Namibia,NAM,1945,161.17224
Namibia,NAM,1946,161.22604
Namibia,NAM,1947,161.27701
Namibia,NAM,1948,161.32425
Namibia,NAM,1949,161.36778
Namibia,NAM,1950,161.40855
Namibia,NAM,1951,161.44598
Namibia,NAM,1952,161.47849
Namibia,NAM,1953,161.50581
Namibia,NAM,1954,161.5268
Namibia,NAM,1955,161.5419
Namibia,NAM,1956,161.55092
Namibia,NAM,1957,161.55528
Namibia,NAM,1958,161.5562
Namibia,NAM,1959,161.55415
Namibia,NAM,1960,161.5498
Namibia,NAM,1961,161.54347
Namibia,NAM,1962,161.53514
Namibia,NAM,1963,161.52264
Namibia,NAM,1964,161.505
Namibia,NAM,1965,161.48155
Namibia,NAM,1966,161.45326
Namibia,NAM,1967,161.42065
Namibia,NAM,1968,161.38345
Namibia,NAM,1969,161.34143
Namibia,NAM,1970,161.29395
Namibia,NAM,1971,161.24048
Namibia,NAM,1972,161.18126
Namibia,NAM,1973,161.11623
Namibia,NAM,1974,161.04651
Namibia,NAM,1975,160.97139
Namibia,NAM,1976,160.89053
Namibia,NAM,1977,160.80365
Namibia,NAM,1978,160.71072
Namibia,NAM,1979,160.61182
Namibia,NAM,1980,160.50928
Namibia,NAM,1981,160.40482
Namibia,NAM,1982,160.30067
Namibia,NAM,1983,160.19696
Namibia,NAM,1984,160.09357
Namibia,NAM,1985,159.98967
Namibia,NAM,1986,159.88483
Namibia,NAM,1987,159.77785
Namibia,NAM,1988,159.66872
Namibia,NAM,1989,159.55838
Namibia,NAM,1990,159.44713
Namibia,NAM,1991,159.33632
Namibia,NAM,1992,159.22563
Namibia,NAM,1993,159.11461
Namibia,NAM,1994,159.00278
Namibia,NAM,1995,158.89081
Namibia,NAM,1996,158.77855
Nauru,NRU,1896,151.78886
Nauru,NRU,1897,151.9273
Nauru,NRU,1898,152.06589
Nauru,NRU,1899,152.20457
Nauru,NRU,1900,152.34282
Nauru,NRU,1901,152.48016
Nauru,NRU,1902,152.61626
Nauru,NRU,1903,152.75041
Nauru,NRU,1904,152.8825
Nauru,NRU,1905,153.01233
Nauru,NRU,1906,153.13951
Nauru,NRU,1907,153.26381
Nauru,NRU,1908,153.38542
Nauru,NRU,1909,153.5044
Nauru,NRU,1910,153.62126
Nauru,NRU,1911,153.73666
Nauru,NRU,1912,153.85062
Nauru,NRU,1913,153.96307
Nauru,NRU,1914,154.07382
Nauru,NRU,1915,154.18286
Nauru,NRU,1916,154.29044
Nauru,NRU,1917,154.39592
Nauru,NRU,1918,154.49919
Nauru,NRU,1919,154.5996
Nauru,NRU,1920,154.69722
Nauru,NRU,1921,154.79178
Nauru,NRU,1922,154.88278
Nauru,NRU,1923,154.96959
Nauru,NRU,1924,155.05309
Nauru,NRU,1925,155.13426
Nauru,NRU,1926,155.21407
Nauru,NRU,1927,155.2922
Nauru,NRU,1928,155.36902
Nauru,NRU,1929,155.44455
Nauru,NRU,1930,155.51894
Nauru,NRU,1931,155.59138
Nauru,NRU,1932,155.66187
Nauru,NRU,1933,155.73111
Nauru,NRU,1934,155.80075
Nauru,NRU,1935,155.87094
Nauru,NRU,1936,155.94214
Nauru,NRU,1937,156.01428
Nauru,NRU,1938,156.08711
Nauru,NRU,1939,156.16022
Nauru,NRU,1940,156.23325
Nauru,NRU,1941,156.30649
Nauru,NRU,1942,156.37982
Nauru,NRU,1943,156.45424
Nauru,NRU,1944,156.52982
Nauru,NRU,1945,156.6058
Nauru,NRU,1946,156.68196
Nauru,NRU,1947,156.75752
Nauru,NRU,1948,156.83102
Nauru,NRU,1949,156.9023
Nauru,NRU,1950,156.97072
Nauru,NRU,1951,157.03595
Nauru,NRU,1952,157.09734
Nauru,NRU,1953,157.15431
Nauru,NRU,1954,157.20639
Nauru,NRU,1955,157.25362
Nauru,NRU,1956,157.29562
Nauru,NRU,1957,157.33287
Nauru,NRU,1958,157.36542
Nauru,NRU,1959,157.39311
Nauru,NRU,1960,157.41571
Nauru,NRU,1961,157.43306
Nauru,NRU,1962,157.44441
Nauru,NRU,1963,157.44855
Nauru,NRU,1964,157.44435
Nauru,NRU,1965,157.43115
Nauru,NRU,1966,157.40941
Nauru,NRU,1967,157.37978
Nauru,NRU,1968,157.34254
Nauru,NRU,1969,157.29753
Nauru,NRU,1970,157.24509
Nauru,NRU,1971,157.18504
Nauru,NRU,1972,157.11731
Nauru,NRU,1973,157.04195
Nauru,NRU,1974,156.95935
Nauru,NRU,1975,156.86884
Nauru,NRU,1976,156.7705
Nauru,NRU,1977,156.66371
Nauru,NRU,1978,156.54927
Nauru,NRU,1979,156.42822
Nauru,NRU,1980,156.30162
Nauru,NRU,1981,156.17079
Nauru,NRU,1982,156.03679
Nauru,NRU,1983,155.90045
Nauru,NRU,1984,155.76175
Nauru,NRU,1985,155.62091
Nauru,NRU,1986,155.47769
Nauru,NRU,1987,155.33177
Nauru,NRU,1988,155.1834
Nauru,NRU,1989,155.03389
Nauru,NRU,1990,154.8834
Nauru,NRU,1991,154.73286
Nauru,NRU,1992,154.5826
Nauru,NRU,1993,154.43263
Nauru,NRU,1994,154.28273
Nauru,NRU,1995,154.13255
Nauru,NRU,1996,153.98238
Nepal,NPL,1896,144.13628
Nepal,NPL,1897,144.2669
Nepal,NPL,1898,144.39757
Nepal,NPL,1899,144.52824
Nepal,NPL,1900,144.65909
Nepal,NPL,1901,144.78952
Nepal,NPL,1902,144.91927
Nepal,NPL,1903,145.04831
Nepal,NPL,1904,145.17615
Nepal,NPL,1905,145.30344
Nepal,NPL,1906,145.42982
Nepal,NPL,1907,145.55519
Nepal,NPL,1908,145.67981
Nepal,NPL,1909,145.80386
Nepal,NPL,1910,145.9283
Nepal,NPL,1911,146.05357
Nepal,NPL,1912,146.17981
Nepal,NPL,1913,146.30698
Nepal,NPL,1914,146.43524
Nepal,NPL,1915,146.56479
Nepal,NPL,1916,146.69534
Nepal,NPL,1917,146.82677
Nepal,NPL,1918,146.95903
Nepal,NPL,1919,147.09106
Nepal,NPL,1920,147.22299
Nepal,NPL,1921,147.35435
Nepal,NPL,1922,147.48483
Nepal,NPL,1923,147.61357
Nepal,NPL,1924,147.74124
Nepal,NPL,1925,147.86996
Nepal,NPL,1926,148.00002
Nepal,NPL,1927,148.13113
Nepal,NPL,1928,148.26286
Nepal,NPL,1929,148.39536
Nepal,NPL,1930,148.52759
Nepal,NPL,1931,148.65811
Nepal,NPL,1932,148.78665
Nepal,NPL,1933,148.91333
Nepal,NPL,1934,149.03862
Nepal,NPL,1935,149.16267
Nepal,NPL,1936,149.28525
Nepal,NPL,1937,149.40547
Nepal,NPL,1938,149.5232
Nepal,NPL,1939,149.63734
Nepal,NPL,1940,149.74713
Nepal,NPL,1941,149.85237
Nepal,NPL,1942,149.95314
Nepal,NPL,1943,150.05043
Nepal,NPL,1944,150.1449
Nepal,NPL,1945,150.2362
Nepal,NPL,1946,150.32506
Nepal,NPL,1947,150.4113
Nepal,NPL,1948,150.49469
Nepal,NPL,1949,150.5754
Nepal,NPL,1950,150.65384
Nepal,NPL,1951,150.72939
Nepal,NPL,1952,150.80104
Nepal,NPL,1953,150.86902
Nepal,NPL,1954,150.93315
Nepal,NPL,1955,150.99376
Nepal,NPL,1956,151.05061
Nepal,NPL,1957,151.10426
Nepal,NPL,1958,151.15546
Nepal,NPL,1959,151.20428
Nepal,NPL,1960,151.25081
Nepal,NPL,1961,151.29474
Nepal,NPL,1962,151.3353
Nepal,NPL,1963,151.37097
Nepal,NPL,1964,151.40053
Nepal,NPL,1965,151.42293
Nepal,NPL,1966,151.43874
Nepal,NPL,1967,151.44846
Nepal,NPL,1968,151.45222
Nepal,NPL,1969,151.45021
Nepal,NPL,1970,151.44263
Nepal,NPL,1971,151.43005
Nepal,NPL,1972,151.41344
Nepal,NPL,1973,151.39304
Nepal,NPL,1974,151.37021
Nepal,NPL,1975,151.34404
Nepal,NPL,1976,151.31502
Nepal,NPL,1977,151.2834
Nepal,NPL,1978,151.2498
Nepal,NPL,1979,151.21532
Nepal,NPL,1980,151.18204
Nepal,NPL,1981,151.15115
Nepal,NPL,1982,151.1234
Nepal,NPL,1983,151.099
Nepal,NPL,1984,151.07753
Nepal,NPL,1985,151.0577
Nepal,NPL,1986,151.03914
Nepal,NPL,1987,151.021
Nepal,NPL,1988,151.0023
Nepal,NPL,1989,150.98347
Nepal,NPL,1990,150.96465
Nepal,NPL,1991,150.94707
Nepal,NPL,1992,150.93002
Nepal,NPL,1993,150.91289
Nepal,NPL,1994,150.89543
Nepal,NPL,1995,150.8782
Nepal,NPL,1996,150.861
Netherlands,NLD,1896,154.8244
Netherlands,NLD,1897,155.07304
Netherlands,NLD,1898,155.32173
Netherlands,NLD,1899,155.57062
Netherlands,NLD,1900,155.81985
Netherlands,NLD,1901,156.06923
Netherlands,NLD,1902,156.31888
Netherlands,NLD,1903,156.56795
Netherlands,NLD,1904,156.81598
Netherlands,NLD,1905,157.06383
Netherlands,NLD,1906,157.31169
Netherlands,NLD,1907,157.55968
Netherlands,NLD,1908,157.80797
Netherlands,NLD,1909,158.05704
Netherlands,NLD,1910,158.30853
Netherlands,NLD,1911,158.56465
Netherlands,NLD,1912,158.82597
Netherlands,NLD,1913,159.09216
Netherlands,NLD,1914,159.3625
Netherlands,NLD,1915,159.63657
Netherlands,NLD,1916,159.91245
Netherlands,NLD,1917,160.1882
Netherlands,NLD,1918,160.46175
Netherlands,NLD,1919,160.7305
Netherlands,NLD,1920,160.99344
Netherlands,NLD,1921,161.24988
Netherlands,NLD,1922,161.49954
Netherlands,NLD,1923,161.74112
Netherlands,NLD,1924,161.97517
Netherlands,NLD,1925,162.20415
Netherlands,NLD,1926,162.42789
Netherlands,NLD,1927,162.64708
Netherlands,NLD,1928,162.86241
Netherlands,NLD,1929,163.07404
Netherlands,NLD,1930,163.28188
Netherlands,NLD,1931,163.48468
Netherlands,NLD,1932,163.68393
Netherlands,NLD,1933,163.88214
Netherlands,NLD,1934,164.08073
Netherlands,NLD,1935,164.27927
Netherlands,NLD,1936,164.47665
Netherlands,NLD,1937,164.66962
Netherlands,NLD,1938,164.85574
Netherlands,NLD,1939,165.03288
Netherlands,NLD,1940,165.19781
Netherlands,NLD,1941,165.34937
Netherlands,NLD,1942,165.48909
Netherlands,NLD,1943,165.61865
Netherlands,NLD,1944,165.74142
Netherlands,NLD,1945,165.86009
Netherlands,NLD,1946,165.97661
Netherlands,NLD,1947,166.09311
Netherlands,NLD,1948,166.21072
Netherlands,NLD,1949,166.33015
Netherlands,NLD,1950,166.45299
Netherlands,NLD,1951,166.57889
Netherlands,NLD,1952,166.70721
Netherlands,NLD,1953,166.83813
Netherlands,NLD,1954,166.97217
Netherlands,NLD,1955,167.10991
Netherlands,NLD,1956,167.2507
Netherlands,NLD,1957,167.39536
Netherlands,NLD,1958,167.5426
Netherlands,NLD,1959,167.69096
Netherlands,NLD,1960,167.83885
Netherlands,NLD,1961,167.98512
Netherlands,NLD,1962,168.12666
Netherlands,NLD,1963,168.25964
Netherlands,NLD,1964,168.38086
Netherlands,NLD,1965,168.48903
Netherlands,NLD,1966,168.58363
Netherlands,NLD,1967,168.66577
Netherlands,NLD,1968,168.736
Netherlands,NLD,1969,168.79654
Netherlands,NLD,1970,168.84738
Netherlands,NLD,1971,168.88953
Netherlands,NLD,1972,168.92337
Netherlands,NLD,1973,168.94977
Netherlands,NLD,1974,168.96881
Netherlands,NLD,1975,168.98051
Netherlands,NLD,1976,168.98476
Netherlands,NLD,1977,168.98163
Netherlands,NLD,1978,168.97154
Netherlands,NLD,1979,168.95567
Netherlands,NLD,1980,168.93681
Netherlands,NLD,1981,168.91756
Netherlands,NLD,1982,168.90009
Netherlands,NLD,1983,168.8859
Netherlands,NLD,1984,168.87375
Netherlands,NLD,1985,168.86304
Netherlands,NLD,1986,168.85284
Netherlands,NLD,1987,168.84251
Netherlands,NLD,1988,168.83083
Netherlands,NLD,1989,168.81802
Netherlands,NLD,1990,168.80391
Netherlands,NLD,1991,168.7899
Netherlands,NLD,1992,168.77599
Netherlands,NLD,1993,168.76186
Netherlands,NLD,1994,168.74745
Netherlands,NLD,1995,168.73302
Netherlands,NLD,1996,168.71858
New Zealand,NZL,1896,155.95741
New Zealand,NZL,1897,156.04405
New Zealand,NZL,1898,156.1308
New Zealand,NZL,1899,156.21783
New Zealand,NZL,1900,156.305
New Zealand,NZL,1901,156.39229
New Zealand,NZL,1902,156.4798
New Zealand,NZL,1903,156.56723
New Zealand,NZL,1904,156.6541
New Zealand,NZL,1905,156.7408
New Zealand,NZL,1906,156.82767
New Zealand,NZL,1907,156.91536
New Zealand,NZL,1908,157.00423
New Zealand,NZL,1909,157.09465
New Zealand,NZL,1910,157.18863
New Zealand,NZL,1911,157.28777
New Zealand,NZL,1912,157.39325
New Zealand,NZL,1913,157.50523
New Zealand,NZL,1914,157.62392
New Zealand,NZL,1915,157.74936
New Zealand,NZL,1916,157.88078
New Zealand,NZL,1917,158.01764
New Zealand,NZL,1918,158.1585
New Zealand,NZL,1919,158.30186
New Zealand,NZL,1920,158.4483
New Zealand,NZL,1921,158.59749
New Zealand,NZL,1922,158.74945
New Zealand,NZL,1923,158.90347
New Zealand,NZL,1924,159.0602
New Zealand,NZL,1925,159.2218
New Zealand,NZL,1926,159.3884
New Zealand,NZL,1927,159.55971
New Zealand,NZL,1928,159.73576
New Zealand,NZL,1929,159.91664
New Zealand,NZL,1930,160.10124
New Zealand,NZL,1931,160.28563
New Zealand,NZL,1932,160.46837
New Zealand,NZL,1933,160.64955
New Zealand,NZL,1934,160.82979
New Zealand,NZL,1935,161.00873
New Zealand,NZL,1936,161.18542
New Zealand,NZL,1937,161.35872
New Zealand,NZL,1938,161.5265
New Zealand,NZL,1939,161.68677
New Zealand,NZL,1940,161.83693
New Zealand,NZL,1941,161.97562
New Zealand,NZL,1942,162.10294
New Zealand,NZL,1943,162.22083
New Zealand,NZL,1944,162.33089
New Zealand,NZL,1945,162.43492
New Zealand,NZL,1946,162.5354
New Zealand,NZL,1947,162.63309
New Zealand,NZL,1948,162.72865
New Zealand,NZL,1949,162.82335
New Zealand,NZL,1950,162.91927
New Zealand,NZL,1951,163.01674
New Zealand,NZL,1952,163.1157
New Zealand,NZL,1953,163.21683
New Zealand,NZL,1954,163.32013
New Zealand,NZL,1955,163.42503
New Zealand,NZL,1956,163.53021
New Zealand,NZL,1957,163.63608
New Zealand,NZL,1958,163.74255
New Zealand,NZL,1959,163.84824
New Zealand,NZL,1960,163.95312
New Zealand,NZL,1961,164.05687
New Zealand,NZL,1962,164.15771
New Zealand,NZL,1963,164.25308
New Zealand,NZL,1964,164.33998
New Zealand,NZL,1965,164.41708
New Zealand,NZL,1966,164.48367
New Zealand,NZL,1967,164.54129
New Zealand,NZL,1968,164.59036
New Zealand,NZL,1969,164.63246
New Zealand,NZL,1970,164.66797
New Zealand,NZL,1971,164.69864
New Zealand,NZL,1972,164.72488
New Zealand,NZL,1973,164.74742
New Zealand,NZL,1974,164.76616
New Zealand,NZL,1975,164.78023
New Zealand,NZL,1976,164.7894
New Zealand,NZL,1977,164.79382
New Zealand,NZL,1978,164.79391
New Zealand,NZL,1979,164.79099
New Zealand,NZL,1980,164.78798
New Zealand,NZL,1981,164.78639
New Zealand,NZL,1982,164.7881
New Zealand,NZL,1983,164.7947
New Zealand,NZL,1984,164.80476
New Zealand,NZL,1985,164.81734
New Zealand,NZL,1986,164.831
New Zealand,NZL,1987,164.84476
New Zealand,NZL,1988,164.8574
New Zealand,NZL,1989,164.86874
New Zealand,NZL,1990,164.87906
New Zealand,NZL,1991,164.88959
New Zealand,NZL,1992,164.90048
New Zealand,NZL,1993,164.91104
New Zealand,NZL,1994,164.9208
New Zealand,NZL,1995,164.9307
New Zealand,NZL,1996,164.94055
Nicaragua,NIC,1896,146.1104
Nicaragua,NIC,1897,146.28119
Nicaragua,NIC,1898,146.45244
Nicaragua,NIC,1899,146.62341
Nicaragua,NIC,1900,146.79413
Nicaragua,NIC,1901,146.9644
Nicaragua,NIC,1902,147.13411
Nicaragua,NIC,1903,147.30269
Nicaragua,NIC,1904,147.47006
Nicaragua,NIC,1905,147.63634
Nicaragua,NIC,1906,147.80167
Nicaragua,NIC,1907,147.9659
Nicaragua,NIC,1908,148.12918
Nicaragua,NIC,1909,148.29164
Nicaragua,NIC,1910,148.454
Nicaragua,NIC,1911,148.61679
Nicaragua,NIC,1912,148.78078
Nicaragua,NIC,1913,148.94629
Nicaragua,NIC,1914,149.11337
Nicaragua,NIC,1915,149.28223
Nicaragua,NIC,1916,149.45273
Nicaragua,NIC,1917,149.62538
Nicaragua,NIC,1918,149.79929
Nicaragua,NIC,1919,149.97377
Nicaragua,NIC,1920,150.14844
Nicaragua,NIC,1921,150.32182
Nicaragua,NIC,1922,150.4927
Nicaragua,NIC,1923,150.66013
Nicaragua,NIC,1924,150.82384
Nicaragua,NIC,1925,150.985
Nicaragua,NIC,1926,151.14389
Nicaragua,NIC,1927,151.30028
Nicaragua,NIC,1928,151.45421
Nicaragua,NIC,1929,151.60594
Nicaragua,NIC,1930,151.75414
Nicaragua,NIC,1931,151.89769
Nicaragua,NIC,1932,152.03561
Nicaragua,NIC,1933,152.16924
Nicaragua,NIC,1934,152.29971
Nicaragua,NIC,1935,152.42769
Nicaragua,NIC,1936,152.55397
Nicaragua,NIC,1937,152.67815
Nicaragua,NIC,1938,152.80013
Nicaragua,NIC,1939,152.9186
Nicaragua,NIC,1940,153.03288
Nicaragua,NIC,1941,153.14258
Nicaragua,NIC,1942,153.24796
Nicaragua,NIC,1943,153.34984
Nicaragua,NIC,1944,153.44887
Nicaragua,NIC,1945,153.5456
Nicaragua,NIC,1946,153.64073
Nicaragua,NIC,1947,153.7345
Nicaragua,NIC,1948,153.82602
Nicaragua,NIC,1949,153.91537
Nicaragua,NIC,1950,154.00165
Nicaragua,NIC,1951,154.08362
Nicaragua,NIC,1952,154.16023
Nicaragua,NIC,1953,154.2314
Nicaragua,NIC,1954,154.29576
Nicaragua,NIC,1955,154.35388
Nicaragua,NIC,1956,154.40608
Nicaragua,NIC,1957,154.4522
Nicaragua,NIC,1958,154.49257
Nicaragua,NIC,1959,154.52744
Nicaragua,NIC,1960,154.55702
Nicaragua,NIC,1961,154.5812
Nicaragua,NIC,1962,154.60078
Nicaragua,NIC,1963,154.6143
Nicaragua,NIC,1964,154.62129
Nicaragua,NIC,1965,154.62152
Nicaragua,NIC,1966,154.61534
Nicaragua,NIC,1967,154.60374
Nicaragua,NIC,1968,154.58745
Nicaragua,NIC,1969,154.56847
Nicaragua,NIC,1970,154.54753
Nicaragua,NIC,1971,154.52614
Nicaragua,NIC,1972,154.50485
Nicaragua,NIC,1973,154.48416
Nicaragua,NIC,1974,154.46492
Nicaragua,NIC,1975,154.44661
Nicaragua,NIC,1976,154.42839
Nicaragua,NIC,1977,154.41019
Nicaragua,NIC,1978,154.39272
Nicaragua,NIC,1979,154.37662
Nicaragua,NIC,1980,154.36339
Nicaragua,NIC,1981,154.354
Nicaragua,NIC,1982,154.34976
Nicaragua,NIC,1983,154.34982
Nicaragua,NIC,1984,154.35324
Nicaragua,NIC,1985,154.35873
Nicaragua,NIC,1986,154.36453
Nicaragua,NIC,1987,154.36987
Nicaragua,NIC,1988,154.37395
Nicaragua,NIC,1989,154.37689
Nicaragua,NIC,1990,154.37894
Nicaragua,NIC,1991,154.38104
Nicaragua,NIC,1992,154.38354
Nicaragua,NIC,1993,154.38606
Nicaragua,NIC,1994,154.38853
Nicaragua,NIC,1995,154.39114
Nicaragua,NIC,1996,154.39354
Niger,NER,1896,156.27554
Niger,NER,1897,156.38141
Niger,NER,1898,156.48735
Niger,NER,1899,156.5933
Niger,NER,1900,156.6993
Niger,NER,1901,156.8048
Niger,NER,1902,156.90976
Niger,NER,1903,157.01375
Niger,NER,1904,157.11664
Niger,NER,1905,157.21858
Niger,NER,1906,157.31955
Niger,NER,1907,157.41936
Niger,NER,1908,157.51805
Niger,NER,1909,157.61588
Niger,NER,1910,157.7133
Niger,NER,1911,157.81099
Niger,NER,1912,157.90964
Niger,NER,1913,158.00932
Niger,NER,1914,158.10986
Niger,NER,1915,158.21176
Niger,NER,1916,158.3142
Niger,NER,1917,158.41788
Niger,NER,1918,158.5225
Niger,NER,1919,158.62714
Niger,NER,1920,158.73193
Niger,NER,1921,158.83601
Niger,NER,1922,158.93889
Niger,NER,1923,159.03938
Niger,NER,1924,159.13828
Niger,NER,1925,159.23708
Niger,NER,1926,159.33627
Niger,NER,1927,159.43616
Niger,NER,1928,159.53705
Niger,NER,1929,159.63914
Niger,NER,1930,159.74265
Niger,NER,1931,159.84651
Niger,NER,1932,159.95097
Niger,NER,1933,160.05666
Niger,NER,1934,160.16446
Niger,NER,1935,160.27367
Niger,NER,1936,160.38446
Niger,NER,1937,160.49611
Niger,NER,1938,160.60783
Niger,NER,1939,160.71954
Niger,NER,1940,160.83029
Niger,NER,1941,160.93912
Niger,NER,1942,161.04567
Niger,NER,1943,161.15042
Niger,NER,1944,161.25374
Niger,NER,1945,161.35484
Niger,NER,1946,161.45308
Niger,NER,1947,161.54778
Niger,NER,1948,161.63704
Niger,NER,1949,161.71968
Niger,NER,1950,161.7956
Niger,NER,1951,161.86342
Niger,NER,1952,161.921
Niger,NER,1953,161.96747
Niger,NER,1954,162.00192
Niger,NER,1955,162.02473
Niger,NER,1956,162.03665
Niger,NER,1957,162.03886
Niger,NER,1958,162.03302
Niger,NER,1959,162.02
Niger,NER,1960,162.00056
Niger,NER,1961,161.97496
Niger,NER,1962,161.94353
Niger,NER,1963,161.90475
Niger,NER,1964,161.85754
Niger,NER,1965,161.80244
Niger,NER,1966,161.74059
Niger,NER,1967,161.67253
Niger,NER,1968,161.5988
Niger,NER,1969,161.5199
Niger,NER,1970,161.43495
Niger,NER,1971,161.34341
Niger,NER,1972,161.24574
Niger,NER,1973,161.14264
Niger,NER,1974,161.03601
Niger,NER,1975,160.92604
Niger,NER,1976,160.81203
Niger,NER,1977,160.69402
Niger,NER,1978,160.57173
Niger,NER,1979,160.4454
Niger,NER,1980,160.3177
Niger,NER,1981,160.18971
Niger,NER,1982,160.06235
Niger,NER,1983,159.93568
Niger,NER,1984,159.81003
Niger,NER,1985,159.68445
Niger,NER,1986,159.5585
Niger,NER,1987,159.43092
Niger,NER,1988,159.30148
Niger,NER,1989,159.17119
Niger,NER,1990,159.04024
Niger,NER,1991,158.9101
Niger,NER,1992,158.78003
Niger,NER,1993,158.64928
Niger,NER,1994,158.51746
Niger,NER,1995,158.38542
Niger,NER,1996,158.25308
Nigeria,NGA,1896,153.12521
Nigeria,NGA,1897,153.20618
Nigeria,NGA,1898,153.2871
Nigeria,NGA,1899,153.3681
Nigeria,NGA,1900,153.44925
Nigeria,NGA,1901,153.52982
Nigeria,NGA,1902,153.60971
Nigeria,NGA,1903,153.68883
Nigeria,NGA,1904,153.76639
Nigeria,NGA,1905,153.84302
Nigeria,NGA,1906,153.91838
Nigeria,NGA,1907,153.99274
Nigeria,NGA,1908,154.06602
Nigeria,NGA,1909,154.13861
Nigeria,NGA,1910,154.21114
Nigeria,NGA,1911,154.28435
Nigeria,NGA,1912,154.35855
Nigeria,NGA,1913,154.43413
Nigeria,NGA,1914,154.51088
Nigeria,NGA,1915,154.58916
Nigeria,NGA,1916,154.66829
Nigeria,NGA,1917,154.74872
Nigeria,NGA,1918,154.8304
Nigeria,NGA,1919,154.9128
Nigeria,NGA,1920,154.99574
Nigeria,NGA,1921,155.07825
Nigeria,NGA,1922,155.16022
Nigeria,NGA,1923,155.24046
Nigeria,NGA,1924,155.31978
Nigeria,NGA,1925,155.39957
Nigeria,NGA,1926,155.48051
Nigeria,NGA,1927,155.56335
Nigeria,NGA,1928,155.64903
Nigeria,NGA,1929,155.73799
Nigeria,NGA,1930,155.83046
Nigeria,NGA,1931,155.92595
Nigeria,NGA,1932,156.02463
Nigeria,NGA,1933,156.1275
Nigeria,NGA,1934,156.23529
Nigeria,NGA,1935,156.34763
Nigeria,NGA,1936,156.46455
Nigeria,NGA,1937,156.58566
Nigeria,NGA,1938,156.71027
Nigeria,NGA,1939,156.83794
Nigeria,NGA,1940,156.96806
Nigeria,NGA,1941,157.10034
Nigeria,NGA,1942,157.2343
Nigeria,NGA,1943,157.3705
Nigeria,NGA,1944,157.50938
Nigeria,NGA,1945,157.65012
Nigeria,NGA,1946,157.79227
Nigeria,NGA,1947,157.93536
Nigeria,NGA,1948,158.07718
Nigeria,NGA,1949,158.21626
Nigeria,NGA,1950,158.35219
Nigeria,NGA,1951,158.48337
Nigeria,NGA,1952,158.60728
Nigeria,NGA,1953,158.72289
Nigeria,NGA,1954,158.82874
Nigeria,NGA,1955,158.92479
Nigeria,NGA,1956,159.01134
Nigeria,NGA,1957,159.08977
Nigeria,NGA,1958,159.16086
Nigeria,NGA,1959,159.22472
Nigeria,NGA,1960,159.28154
Nigeria,NGA,1961,159.33087
Nigeria,NGA,1962,159.3724
Nigeria,NGA,1963,159.40398
Nigeria,NGA,1964,159.42397
Nigeria,NGA,1965,159.43236
Nigeria,NGA,1966,159.42961
Nigeria,NGA,1967,159.41618
Nigeria,NGA,1968,159.3922
Nigeria,NGA,1969,159.35757
Nigeria,NGA,1970,159.31197
Nigeria,NGA,1971,159.25517
Nigeria,NGA,1972,159.18784
Nigeria,NGA,1973,159.11107
Nigeria,NGA,1974,159.02649
Nigeria,NGA,1975,158.93474
Nigeria,NGA,1976,158.83589
Nigeria,NGA,1977,158.72977
Nigeria,NGA,1978,158.61647
Nigeria,NGA,1979,158.49622
Nigeria,NGA,1980,158.37198
Nigeria,NGA,1981,158.24602
Nigeria,NGA,1982,158.12015
Nigeria,NGA,1983,157.99446
Nigeria,NGA,1984,157.86938
Nigeria,NGA,1985,157.74442
Nigeria,NGA,1986,157.61919
Nigeria,NGA,1987,157.49217
Nigeria,NGA,1988,157.36325
Nigeria,NGA,1989,157.23332
Nigeria,NGA,1990,157.10272
Nigeria,NGA,1991,156.97287
Nigeria,NGA,1992,156.84369
Nigeria,NGA,1993,156.7144
Nigeria,NGA,1994,156.5839
Nigeria,NGA,1995,156.45297
Nigeria,NGA,1996,156.32149
Niue,NIU,1896,152.06374
Niue,NIU,1897,152.23752
Niue,NIU,1898,152.41162
Niue,NIU,1899,152.58553
Niue,NIU,1900,152.75903
Niue,NIU,1901,152.93156
Niue,NIU,1902,153.10303
Niue,NIU,1903,153.27252
Niue,NIU,1904,153.43991
Niue,NIU,1905,153.60533
Niue,NIU,1906,153.76852
Niue,NIU,1907,153.92923
Niue,NIU,1908,154.08737
Niue,NIU,1909,154.24344
Niue,NIU,1910,154.3979
Niue,NIU,1911,154.55142
Niue,NIU,1912,154.70439
Niue,NIU,1913,154.85677
Niue,NIU,1914,155.0088
Niue,NIU,1915,155.16058
Niue,NIU,1916,155.3122
Niue,NIU,1917,155.46384
Niue,NIU,1918,155.61546
Niue,NIU,1919,155.76663
Niue,NIU,1920,155.91737
Niue,NIU,1921,156.06747
Niue,NIU,1922,156.21664
Niue,NIU,1923,156.36461
Niue,NIU,1924,156.51167
Niue,NIU,1925,156.65921
Niue,NIU,1926,156.80746
Niue,NIU,1927,156.95656
Niue,NIU,1928,157.10645
Niue,NIU,1929,157.257
Niue,NIU,1930,157.40846
Niue,NIU,1931,157.55989
Niue,NIU,1932,157.71098
Niue,NIU,1933,157.8625
Niue,NIU,1934,158.01567
Niue,NIU,1935,158.17102
Niue,NIU,1936,158.32887
Niue,NIU,1937,158.48892
Niue,NIU,1938,158.65073
Niue,NIU,1939,158.81386
Niue,NIU,1940,158.97765
Niue,NIU,1941,159.14243
Niue,NIU,1942,159.30814
Niue,NIU,1943,159.47575
Niue,NIU,1944,159.6454
Niue,NIU,1945,159.81694
Niue,NIU,1946,159.99017
Niue,NIU,1947,160.16466
Niue,NIU,1948,160.33904
Niue,NIU,1949,160.51314
Niue,NIU,1950,160.6871
Niue,NIU,1951,160.86063
Niue,NIU,1952,161.03256
Niue,NIU,1953,161.20274
Niue,NIU,1954,161.37096
Niue,NIU,1955,161.53632
Niue,NIU,1956,161.69897
Niue,NIU,1957,161.85892
Niue,NIU,1958,162.01645
Niue,NIU,1959,162.17142
Niue,NIU,1960,162.32372
Niue,NIU,1961,162.47289
Niue,NIU,1962,162.6183
Niue,NIU,1963,162.75865
Niue,NIU,1964,162.89246
Niue,NIU,1965,163.01912
Niue,NIU,1966,163.13873
Niue,NIU,1967,163.25215
Niue,NIU,1968,163.35947
Niue,NIU,1969,163.46092
Niue,NIU,1970,163.55652
Niue,NIU,1971,163.64633
Niue,NIU,1972,163.73042
Niue,NIU,1973,163.8091
Niue,NIU,1974,163.8829
Niue,NIU,1975,163.95116
Niue,NIU,1976,164.01364
Niue,NIU,1977,164.0701
Niue,NIU,1978,164.12138
Niue,NIU,1979,164.16801
Niue,NIU,1980,164.21176
Niue,NIU,1981,164.25368
Niue,NIU,1982,164.29454
Niue,NIU,1983,164.33522
Niue,NIU,1984,164.3754
Niue,NIU,1985,164.41513
Niue,NIU,1986,164.45381
Niue,NIU,1987,164.4907
Niue,NIU,1988,164.52582
Niue,NIU,1989,164.56003
Niue,NIU,1990,164.59329
Niue,NIU,1991,164.62677
Niue,NIU,1992,164.66045
Niue,NIU,1993,164.6944
Niue,NIU,1994,164.7284
Niue,NIU,1995,164.7623
Niue,NIU,1996,164.79654
North America,OWID_NAM,1896,155.5494
North America,OWID_NAM,1897,155.6568
North America,OWID_NAM,1898,155.7646
North America,OWID_NAM,1899,155.8725
North America,OWID_NAM,1900,155.9805
North America,OWID_NAM,1901,156.0885
North America,OWID_NAM,1902,156.1967
North America,OWID_NAM,1903,156.3048
North America,OWID_NAM,1904,156.4123
North America,OWID_NAM,1905,156.5194
North America,OWID_NAM,1906,156.6265
North America,OWID_NAM,1907,156.7339
North America,OWID_NAM,1908,156.8416
North America,OWID_NAM,1909,156.9498
North America,OWID_NAM,1910,157.06
North America,OWID_NAM,1911,157.1735
North America,OWID_NAM,1912,157.2914
North America,OWID_NAM,1913,157.4138
North America,OWID_NAM,1914,157.5404
North America,OWID_NAM,1915,157.6713
North America,OWID_NAM,1916,157.806
North America,OWID_NAM,1917,157.9441
North America,OWID_NAM,1918,158.0841
North America,OWID_NAM,1919,158.225
North America,OWID_NAM,1920,158.3671
North America,OWID_NAM,1921,158.5099
North America,OWID_NAM,1922,158.6528
North America,OWID_NAM,1923,158.7951
North America,OWID_NAM,1924,158.9369
North America,OWID_NAM,1925,159.08
North America,OWID_NAM,1926,159.2239
North America,OWID_NAM,1927,159.3685
North America,OWID_NAM,1928,159.5134
North America,OWID_NAM,1929,159.6585
North America,OWID_NAM,1930,159.8025
North America,OWID_NAM,1931,159.9423
North America,OWID_NAM,1932,160.077
North America,OWID_NAM,1933,160.2073
North America,OWID_NAM,1934,160.3345
North America,OWID_NAM,1935,160.4588
North America,OWID_NAM,1936,160.5803
North America,OWID_NAM,1937,160.6984
North America,OWID_NAM,1938,160.8114
North America,OWID_NAM,1939,160.9176
North America,OWID_NAM,1940,161.0154
North America,OWID_NAM,1941,161.1037
North America,OWID_NAM,1942,161.1833
North America,OWID_NAM,1943,161.2562
North America,OWID_NAM,1944,161.3234
North America,OWID_NAM,1945,161.3867
North America,OWID_NAM,1946,161.4475
North America,OWID_NAM,1947,161.5063
North America,OWID_NAM,1948,161.5636
North America,OWID_NAM,1949,161.6202
North America,OWID_NAM,1950,161.6773
North America,OWID_NAM,1951,161.735
North America,OWID_NAM,1952,161.7928
North America,OWID_NAM,1953,161.8513
North America,OWID_NAM,1954,161.9103
North America,OWID_NAM,1955,161.9695
North America,OWID_NAM,1956,162.0281
North America,OWID_NAM,1957,162.0868
North America,OWID_NAM,1958,162.1457
North America,OWID_NAM,1959,162.2046
North America,OWID_NAM,1960,162.2635
North America,OWID_NAM,1961,162.3223
North America,OWID_NAM,1962,162.38
North America,OWID_NAM,1963,162.4342
North America,OWID_NAM,1964,162.4826
North America,OWID_NAM,1965,162.5238
North America,OWID_NAM,1966,162.5574
North America,OWID_NAM,1967,162.585
North America,OWID_NAM,1968,162.607
North America,OWID_NAM,1969,162.6252
North America,OWID_NAM,1970,162.6398
North America,OWID_NAM,1971,162.6522
North America,OWID_NAM,1972,162.6629
North America,OWID_NAM,1973,162.6721
North America,OWID_NAM,1974,162.6802
North America,OWID_NAM,1975,162.6861
North America,OWID_NAM,1976,162.689
North America,OWID_NAM,1977,162.6887
North America,OWID_NAM,1978,162.6853
North America,OWID_NAM,1979,162.68
North America,OWID_NAM,1980,162.675
North America,OWID_NAM,1981,162.6715
North America,OWID_NAM,1982,162.671
North America,OWID_NAM,1983,162.6742
North America,OWID_NAM,1984,162.6799
North America,OWID_NAM,1985,162.687
North America,OWID_NAM,1986,162.6943
North America,OWID_NAM,1987,162.7007
North America,OWID_NAM,1988,162.7052
North America,OWID_NAM,1989,162.7079
North America,OWID_NAM,1990,162.7091
North America,OWID_NAM,1991,162.7101
North America,OWID_NAM,1992,162.7109
North America,OWID_NAM,1993,162.7115
North America,OWID_NAM,1994,162.7119
North America,OWID_NAM,1995,162.7122
North America,OWID_NAM,1996,162.7127
North Korea,PRK,1896,149.1217
North Korea,PRK,1897,149.24612
North Korea,PRK,1898,149.37093
North Korea,PRK,1899,149.4963
North Korea,PRK,1900,149.62122
North Korea,PRK,1901,149.74557
North Korea,PRK,1902,149.86952
North Korea,PRK,1903,149.99246
North Korea,PRK,1904,150.11366
North Korea,PRK,1905,150.2333
North Korea,PRK,1906,150.35107
North Korea,PRK,1907,150.46652
North Korea,PRK,1908,150.58047
North Korea,PRK,1909,150.6931
North Korea,PRK,1910,150.8048
North Korea,PRK,1911,150.91605
North Korea,PRK,1912,151.02785
North Korea,PRK,1913,151.13992
North Korea,PRK,1914,151.25298
North Korea,PRK,1915,151.36703
North Korea,PRK,1916,151.48268
North Korea,PRK,1917,151.60037
North Korea,PRK,1918,151.71983
North Korea,PRK,1919,151.84142
North Korea,PRK,1920,151.9658
North Korea,PRK,1921,152.093
North Korea,PRK,1922,152.22292
North Korea,PRK,1923,152.35524
North Korea,PRK,1924,152.49081
North Korea,PRK,1925,152.63135
North Korea,PRK,1926,152.77705
North Korea,PRK,1927,152.92612
North Korea,PRK,1928,153.0772
North Korea,PRK,1929,153.22887
North Korea,PRK,1930,153.37946
North Korea,PRK,1931,153.52696
North Korea,PRK,1932,153.67128
North Korea,PRK,1933,153.81369
North Korea,PRK,1934,153.95442
North Korea,PRK,1935,154.0931
North Korea,PRK,1936,154.22995
North Korea,PRK,1937,154.36465
North Korea,PRK,1938,154.49574
North Korea,PRK,1939,154.62216
North Korea,PRK,1940,154.74426
North Korea,PRK,1941,154.86218
North Korea,PRK,1942,154.97716
North Korea,PRK,1943,155.09102
North Korea,PRK,1944,155.20483
North Korea,PRK,1945,155.31848
North Korea,PRK,1946,155.43225
North Korea,PRK,1947,155.54568
North Korea,PRK,1948,155.6578
North Korea,PRK,1949,155.76788
North Korea,PRK,1950,155.8761
North Korea,PRK,1951,155.98175
North Korea,PRK,1952,156.08345
North Korea,PRK,1953,156.1808
North Korea,PRK,1954,156.27348
North Korea,PRK,1955,156.36143
North Korea,PRK,1956,156.4447
North Korea,PRK,1957,156.5245
North Korea,PRK,1958,156.60153
North Korea,PRK,1959,156.6758
North Korea,PRK,1960,156.74823
North Korea,PRK,1961,156.81929
North Korea,PRK,1962,156.88896
North Korea,PRK,1963,156.95576
North Korea,PRK,1964,157.01837
North Korea,PRK,1965,157.0767
North Korea,PRK,1966,157.13263
North Korea,PRK,1967,157.18768
North Korea,PRK,1968,157.24246
North Korea,PRK,1969,157.29706
North Korea,PRK,1970,157.35121
North Korea,PRK,1971,157.40572
North Korea,PRK,1972,157.46065
North Korea,PRK,1973,157.51627
North Korea,PRK,1974,157.57387
North Korea,PRK,1975,157.63272
North Korea,PRK,1976,157.69199
North Korea,PRK,1977,157.7512
North Korea,PRK,1978,157.81041
North Korea,PRK,1979,157.87006
North Korea,PRK,1980,157.93088
North Korea,PRK,1981,157.9932
North Korea,PRK,1982,158.05669
North Korea,PRK,1983,158.12115
North Korea,PRK,1984,158.18657
North Korea,PRK,1985,158.2523
North Korea,PRK,1986,158.31816
North Korea,PRK,1987,158.3829
North Korea,PRK,1988,158.44667
North Korea,PRK,1989,158.51006
North Korea,PRK,1990,158.57312
North Korea,PRK,1991,158.63704
North Korea,PRK,1992,158.70184
North Korea,PRK,1993,158.76768
North Korea,PRK,1994,158.83414
North Korea,PRK,1995,158.90054
North Korea,PRK,1996,158.967
North Macedonia,MKD,1896,149.5754
North Macedonia,MKD,1897,149.79413
North Macedonia,MKD,1898,150.01314
North Macedonia,MKD,1899,150.23207
North Macedonia,MKD,1900,150.4512
North Macedonia,MKD,1901,150.66985
North Macedonia,MKD,1902,150.88799
North Macedonia,MKD,1903,151.10538
North Macedonia,MKD,1904,151.32123
North Macedonia,MKD,1905,151.53604
North Macedonia,MKD,1906,151.74992
North Macedonia,MKD,1907,151.96283
North Macedonia,MKD,1908,152.1746
North Macedonia,MKD,1909,152.38533
North Macedonia,MKD,1910,152.59558
North Macedonia,MKD,1911,152.80577
North Macedonia,MKD,1912,153.01685
North Macedonia,MKD,1913,153.2291
North Macedonia,MKD,1914,153.44211
North Macedonia,MKD,1915,153.65607
North Macedonia,MKD,1916,153.87106
North Macedonia,MKD,1917,154.08717
North Macedonia,MKD,1918,154.30325
North Macedonia,MKD,1919,154.5178
North Macedonia,MKD,1920,154.73056
North Macedonia,MKD,1921,154.93991
North Macedonia,MKD,1922,155.1452
North Macedonia,MKD,1923,155.34518
North Macedonia,MKD,1924,155.54008
North Macedonia,MKD,1925,155.73091
North Macedonia,MKD,1926,155.91774
North Macedonia,MKD,1927,156.10062
North Macedonia,MKD,1928,156.28001
North Macedonia,MKD,1929,156.45624
North Macedonia,MKD,1930,156.62955
North Macedonia,MKD,1931,156.79807
North Macedonia,MKD,1932,156.96254
North Macedonia,MKD,1933,157.12338
North Macedonia,MKD,1934,157.28157
North Macedonia,MKD,1935,157.43715
North Macedonia,MKD,1936,157.58963
North Macedonia,MKD,1937,157.73889
North Macedonia,MKD,1938,157.88393
North Macedonia,MKD,1939,158.02452
North Macedonia,MKD,1940,158.16005
North Macedonia,MKD,1941,158.28963
North Macedonia,MKD,1942,158.41315
North Macedonia,MKD,1943,158.5314
North Macedonia,MKD,1944,158.6456
North Macedonia,MKD,1945,158.75603
North Macedonia,MKD,1946,158.86324
North Macedonia,MKD,1947,158.96689
North Macedonia,MKD,1948,159.06627
North Macedonia,MKD,1949,159.16238
North Macedonia,MKD,1950,159.25592
North Macedonia,MKD,1951,159.34766
North Macedonia,MKD,1952,159.43726
North Macedonia,MKD,1953,159.52501
North Macedonia,MKD,1954,159.61049
North Macedonia,MKD,1955,159.69461
North Macedonia,MKD,1956,159.77742
North Macedonia,MKD,1957,159.85959
North Macedonia,MKD,1958,159.9417
North Macedonia,MKD,1959,160.02426
North Macedonia,MKD,1960,160.10683
North Macedonia,MKD,1961,160.18881
North Macedonia,MKD,1962,160.26898
North Macedonia,MKD,1963,160.34457
North Macedonia,MKD,1964,160.41376
North Macedonia,MKD,1965,160.47552
North Macedonia,MKD,1966,160.52995
North Macedonia,MKD,1967,160.57732
North Macedonia,MKD,1968,160.61768
North Macedonia,MKD,1969,160.65135
North Macedonia,MKD,1970,160.67763
North Macedonia,MKD,1971,160.69705
North Macedonia,MKD,1972,160.70917
North Macedonia,MKD,1973,160.71443
North Macedonia,MKD,1974,160.7132
North Macedonia,MKD,1975,160.70537
North Macedonia,MKD,1976,160.6905
North Macedonia,MKD,1977,160.66867
North Macedonia,MKD,1978,160.63979
North Macedonia,MKD,1979,160.60512
North Macedonia,MKD,1980,160.5672
North Macedonia,MKD,1981,160.52737
North Macedonia,MKD,1982,160.48698
North Macedonia,MKD,1983,160.44635
North Macedonia,MKD,1984,160.40483
North Macedonia,MKD,1985,160.36206
North Macedonia,MKD,1986,160.3171
North Macedonia,MKD,1987,160.26898
North Macedonia,MKD,1988,160.21771
North Macedonia,MKD,1989,160.16454
North Macedonia,MKD,1990,160.10947
North Macedonia,MKD,1991,160.05415
North Macedonia,MKD,1992,159.9989
North Macedonia,MKD,1993,159.94412
North Macedonia,MKD,1994,159.88977
North Macedonia,MKD,1995,159.83578
North Macedonia,MKD,1996,159.78209
Norway,NOR,1896,159.22226
Norway,NOR,1897,159.34108
Norway,NOR,1898,159.46
Norway,NOR,1899,159.57898
Norway,NOR,1900,159.69794
Norway,NOR,1901,159.81683
Norway,NOR,1902,159.93593
Norway,NOR,1903,160.05412
Norway,NOR,1904,160.17133
Norway,NOR,1905,160.28777
Norway,NOR,1906,160.40369
Norway,NOR,1907,160.5196
Norway,NOR,1908,160.63564
Norway,NOR,1909,160.75246
Norway,NOR,1910,160.87166
Norway,NOR,1911,160.99554
Norway,NOR,1912,161.12508
Norway,NOR,1913,161.26031
Norway,NOR,1914,161.40012
Norway,NOR,1915,161.54344
Norway,NOR,1916,161.68823
Norway,NOR,1917,161.83319
Norway,NOR,1918,161.97612
Norway,NOR,1919,162.11455
Norway,NOR,1920,162.24815
Norway,NOR,1921,162.37724
Norway,NOR,1922,162.50195
Norway,NOR,1923,162.62172
Norway,NOR,1924,162.73796
Norway,NOR,1925,162.85306
Norway,NOR,1926,162.96706
Norway,NOR,1927,163.0806
Norway,NOR,1928,163.19443
Norway,NOR,1929,163.30814
Norway,NOR,1930,163.42152
Norway,NOR,1931,163.53284
Norway,NOR,1932,163.64342
Norway,NOR,1933,163.75621
Norway,NOR,1934,163.87202
Norway,NOR,1935,163.99019
Norway,NOR,1936,164.10893
Norway,NOR,1937,164.22511
Norway,NOR,1938,164.33577
Norway,NOR,1939,164.43819
Norway,NOR,1940,164.52954
Norway,NOR,1941,164.60829
Norway,NOR,1942,164.67561
Norway,NOR,1943,164.73337
Norway,NOR,1944,164.7857
Norway,NOR,1945,164.83615
Norway,NOR,1946,164.88759
Norway,NOR,1947,164.94249
Norway,NOR,1948,165.0021
Norway,NOR,1949,165.06758
Norway,NOR,1950,165.14008
Norway,NOR,1951,165.21812
Norway,NOR,1952,165.3013
Norway,NOR,1953,165.38959
Norway,NOR,1954,165.48311
Norway,NOR,1955,165.58241
Norway,NOR,1956,165.68626
Norway,NOR,1957,165.7946
Norway,NOR,1958,165.9057
Norway,NOR,1959,166.01768
Norway,NOR,1960,166.12819
Norway,NOR,1961,166.23587
Norway,NOR,1962,166.33763
Norway,NOR,1963,166.43001
Norway,NOR,1964,166.50989
Norway,NOR,1965,166.5761
Norway,NOR,1966,166.62848
Norway,NOR,1967,166.66855
Norway,NOR,1968,166.69716
Norway,NOR,1969,166.71623
Norway,NOR,1970,166.72585
Norway,NOR,1971,166.72746
Norway,NOR,1972,166.72115
Norway,NOR,1973,166.70767
Norway,NOR,1974,166.68672
Norway,NOR,1975,166.65848
Norway,NOR,1976,166.62279
Norway,NOR,1977,166.5795
Norway,NOR,1978,166.52939
Norway,NOR,1979,166.4737
Norway,NOR,1980,166.41537
Norway,NOR,1981,166.35663
Norway,NOR,1982,166.29958
Norway,NOR,1983,166.24597
Norway,NOR,1984,166.19453
Norway,NOR,1985,166.14435
Norway,NOR,1986,166.09468
Norway,NOR,1987,166.04462
Norway,NOR,1988,165.99321
Norway,NOR,1989,165.94078
Norway,NOR,1990,165.88696
Norway,NOR,1991,165.83331
Norway,NOR,1992,165.77995
Norway,NOR,1993,165.7265
Norway,NOR,1994,165.67255
Norway,NOR,1995,165.61877
Norway,NOR,1996,165.5649
Oman,OMN,1896,146.80511
Oman,OMN,1897,146.95337
Oman,OMN,1898,147.10173
Oman,OMN,1899,147.2503
Oman,OMN,1900,147.39874
Oman,OMN,1901,147.54686
Oman,OMN,1902,147.69463
Oman,OMN,1903,147.84152
Oman,OMN,1904,147.98741
Oman,OMN,1905,148.13245
Oman,OMN,1906,148.27695
Oman,OMN,1907,148.42047
Oman,OMN,1908,148.563
Oman,OMN,1909,148.7054
Oman,OMN,1910,148.84807
Oman,OMN,1911,148.99127
Oman,OMN,1912,149.13571
Oman,OMN,1913,149.28177
Oman,OMN,1914,149.4291
Oman,OMN,1915,149.5779
Oman,OMN,1916,149.7289
Oman,OMN,1917,149.88203
Oman,OMN,1918,150.03735
Oman,OMN,1919,150.19392
Oman,OMN,1920,150.35155
Oman,OMN,1921,150.50908
Oman,OMN,1922,150.66635
Oman,OMN,1923,150.8221
Oman,OMN,1924,150.97661
Oman,OMN,1925,151.13083
Oman,OMN,1926,151.2847
Oman,OMN,1927,151.43872
Oman,OMN,1928,151.593
Oman,OMN,1929,151.74872
Oman,OMN,1930,151.90608
Oman,OMN,1931,152.06404
Oman,OMN,1932,152.22305
Oman,OMN,1933,152.38396
Oman,OMN,1934,152.5469
Oman,OMN,1935,152.71121
Oman,OMN,1936,152.87648
Oman,OMN,1937,153.04143
Oman,OMN,1938,153.20518
Oman,OMN,1939,153.3679
Oman,OMN,1940,153.52937
Oman,OMN,1941,153.68921
Oman,OMN,1942,153.84761
Oman,OMN,1943,154.00554
Oman,OMN,1944,154.16339
Oman,OMN,1945,154.32132
Oman,OMN,1946,154.47879
Oman,OMN,1947,154.63524
Oman,OMN,1948,154.78957
Oman,OMN,1949,154.94157
Oman,OMN,1950,155.09148
Oman,OMN,1951,155.23949
Oman,OMN,1952,155.38414
Oman,OMN,1953,155.52534
Oman,OMN,1954,155.66249
Oman,OMN,1955,155.7956
Oman,OMN,1956,155.9239
Oman,OMN,1957,156.04787
Oman,OMN,1958,156.16772
Oman,OMN,1959,156.28253
Oman,OMN,1960,156.39243
Oman,OMN,1961,156.497
Oman,OMN,1962,156.59521
Oman,OMN,1963,156.68573
Oman,OMN,1964,156.76799
Oman,OMN,1965,156.84181
Oman,OMN,1966,156.90886
Oman,OMN,1967,156.97066
Oman,OMN,1968,157.02678
Oman,OMN,1969,157.07684
Oman,OMN,1970,157.1204
Oman,OMN,1971,157.1583
Oman,OMN,1972,157.19054
Oman,OMN,1973,157.21768
Oman,OMN,1974,157.24182
Oman,OMN,1975,157.26196
Oman,OMN,1976,157.27808
Oman,OMN,1977,157.28941
Oman,OMN,1978,157.29686
Oman,OMN,1979,157.30066
Oman,OMN,1980,157.30276
Oman,OMN,1981,157.30437
Oman,OMN,1982,157.30676
Oman,OMN,1983,157.3101
Oman,OMN,1984,157.31342
Oman,OMN,1985,157.31613
Oman,OMN,1986,157.31706
Oman,OMN,1987,157.31541
Oman,OMN,1988,157.31017
Oman,OMN,1989,157.30162
Oman,OMN,1990,157.28947
Oman,OMN,1991,157.27562
Oman,OMN,1992,157.26007
Oman,OMN,1993,157.24348
Oman,OMN,1994,157.2253
Oman,OMN,1995,157.20642
Oman,OMN,1996,157.18773
Pakistan,PAK,1896,150.59703
Pakistan,PAK,1897,150.72438
Pakistan,PAK,1898,150.85208
Pakistan,PAK,1899,150.97986
Pakistan,PAK,1900,151.10779
Pakistan,PAK,1901,151.23523
Pakistan,PAK,1902,151.36192
Pakistan,PAK,1903,151.4877
Pakistan,PAK,1904,151.61224
Pakistan,PAK,1905,151.73601
Pakistan,PAK,1906,151.85892
Pakistan,PAK,1907,151.98091
Pakistan,PAK,1908,152.10202
Pakistan,PAK,1909,152.22272
Pakistan,PAK,1910,152.34305
Pakistan,PAK,1911,152.46416
Pakistan,PAK,1912,152.58553
Pakistan,PAK,1913,152.7073
Pakistan,PAK,1914,152.82875
Pakistan,PAK,1915,152.95006
Pakistan,PAK,1916,153.07068
Pakistan,PAK,1917,153.19061
Pakistan,PAK,1918,153.30945
Pakistan,PAK,1919,153.42639
Pakistan,PAK,1920,153.54178
Pakistan,PAK,1921,153.65475
Pakistan,PAK,1922,153.76485
Pakistan,PAK,1923,153.87119
Pakistan,PAK,1924,153.97462
Pakistan,PAK,1925,154.0767
Pakistan,PAK,1926,154.17767
Pakistan,PAK,1927,154.2776
Pakistan,PAK,1928,154.3761
Pakistan,PAK,1929,154.47337
Pakistan,PAK,1930,154.56848
Pakistan,PAK,1931,154.66005
Pakistan,PAK,1932,154.74792
Pakistan,PAK,1933,154.83275
Pakistan,PAK,1934,154.91516
Pakistan,PAK,1935,154.99501
Pakistan,PAK,1936,155.07243
Pakistan,PAK,1937,155.14648
Pakistan,PAK,1938,155.21648
Pakistan,PAK,1939,155.28197
Pakistan,PAK,1940,155.34204
Pakistan,PAK,1941,155.397
Pakistan,PAK,1942,155.4469
Pakistan,PAK,1943,155.49292
Pakistan,PAK,1944,155.53561
Pakistan,PAK,1945,155.57552
Pakistan,PAK,1946,155.61307
Pakistan,PAK,1947,155.64856
Pakistan,PAK,1948,155.68176
Pakistan,PAK,1949,155.71303
Pakistan,PAK,1950,155.74278
Pakistan,PAK,1951,155.7707
Pakistan,PAK,1952,155.7953
Pakistan,PAK,1953,155.81648
Pakistan,PAK,1954,155.8341
Pakistan,PAK,1955,155.84827
Pakistan,PAK,1956,155.85855
Pakistan,PAK,1957,155.86575
Pakistan,PAK,1958,155.86996
Pakistan,PAK,1959,155.8719
Pakistan,PAK,1960,155.87135
Pakistan,PAK,1961,155.86804
Pakistan,PAK,1962,155.86134
Pakistan,PAK,1963,155.8494
Pakistan,PAK,1964,155.83105
Pakistan,PAK,1965,155.80568
Pakistan,PAK,1966,155.77399
Pakistan,PAK,1967,155.73633
Pakistan,PAK,1968,155.6931
Pakistan,PAK,1969,155.64433
Pakistan,PAK,1970,155.59036
Pakistan,PAK,1971,155.5318
Pakistan,PAK,1972,155.4696
Pakistan,PAK,1973,155.40446
Pakistan,PAK,1974,155.33783
Pakistan,PAK,1975,155.26923
Pakistan,PAK,1976,155.19872
Pakistan,PAK,1977,155.1259
Pakistan,PAK,1978,155.05182
Pakistan,PAK,1979,154.97758
Pakistan,PAK,1980,154.90454
Pakistan,PAK,1981,154.83362
Pakistan,PAK,1982,154.76562
Pakistan,PAK,1983,154.70064
Pakistan,PAK,1984,154.63757
Pakistan,PAK,1985,154.5753
Pakistan,PAK,1986,154.51299
Pakistan,PAK,1987,154.44955
Pakistan,PAK,1988,154.38432
Pakistan,PAK,1989,154.31792
Pakistan,PAK,1990,154.25035
Pakistan,PAK,1991,154.18307
Pakistan,PAK,1992,154.11569
Pakistan,PAK,1993,154.04837
Pakistan,PAK,1994,153.98032
Pakistan,PAK,1995,153.9122
Pakistan,PAK,1996,153.84444
Palau,PLW,1896,151.99693
Palau,PLW,1897,152.14902
Palau,PLW,1898,152.30133
Palau,PLW,1899,152.45363
Palau,PLW,1900,152.6055
Palau,PLW,1901,152.75632
Palau,PLW,1902,152.90619
Palau,PLW,1903,153.05394
Palau,PLW,1904,153.19913
Palau,PLW,1905,153.34163
Palau,PLW,1906,153.48116
Palau,PLW,1907,153.61763
Palau,PLW,1908,153.7511
Palau,PLW,1909,153.88176
Palau,PLW,1910,154.01028
Palau,PLW,1911,154.13705
Palau,PLW,1912,154.26212
Palau,PLW,1913,154.38591
Palau,PLW,1914,154.50833
Palau,PLW,1915,154.62907
Palau,PLW,1916,154.74855
Palau,PLW,1917,154.86607
Palau,PLW,1918,154.98187
Palau,PLW,1919,155.0953
Palau,PLW,1920,155.2065
Palau,PLW,1921,155.31497
Palau,PLW,1922,155.42055
Palau,PLW,1923,155.52234
Palau,PLW,1924,155.62062
Palau,PLW,1925,155.71667
Palau,PLW,1926,155.81126
Palau,PLW,1927,155.90402
Palau,PLW,1928,155.99489
Palau,PLW,1929,156.0842
Palau,PLW,1930,156.1715
Palau,PLW,1931,156.25569
Palau,PLW,1932,156.3368
Palau,PLW,1933,156.41571
Palau,PLW,1934,156.49355
Palau,PLW,1935,156.57077
Palau,PLW,1936,156.64749
Palau,PLW,1937,156.72345
Palau,PLW,1938,156.79823
Palau,PLW,1939,156.87181
Palau,PLW,1940,156.9438
Palau,PLW,1941,157.01428
Palau,PLW,1942,157.08334
Palau,PLW,1943,157.15213
Palau,PLW,1944,157.22116
Palau,PLW,1945,157.29044
Palau,PLW,1946,157.3599
Palau,PLW,1947,157.42877
Palau,PLW,1948,157.49635
Palau,PLW,1949,157.5624
Palau,PLW,1950,157.62703
Palau,PLW,1951,157.68999
Palau,PLW,1952,157.75034
Palau,PLW,1953,157.808
Palau,PLW,1954,157.86258
Palau,PLW,1955,157.9144
Palau,PLW,1956,157.9633
Palau,PLW,1957,158.00961
Palau,PLW,1958,158.0537
Palau,PLW,1959,158.09521
Palau,PLW,1960,158.13367
Palau,PLW,1961,158.16862
Palau,PLW,1962,158.19957
Palau,PLW,1963,158.22504
Palau,PLW,1964,158.2437
Palau,PLW,1965,158.25485
Palau,PLW,1966,158.25897
Palau,PLW,1967,158.25674
Palau,PLW,1968,158.24771
Palau,PLW,1969,158.23244
Palau,PLW,1970,158.21062
Palau,PLW,1971,158.18254
Palau,PLW,1972,158.14844
Palau,PLW,1973,158.10844
Palau,PLW,1974,158.06285
Palau,PLW,1975,158.01126
Palau,PLW,1976,157.95346
Palau,PLW,1977,157.889
Palau,PLW,1978,157.81868
Palau,PLW,1979,157.74353
Palau,PLW,1980,157.66467
Palau,PLW,1981,157.58344
Palau,PLW,1982,157.5006
Palau,PLW,1983,157.41682
Palau,PLW,1984,157.33195
Palau,PLW,1985,157.24597
Palau,PLW,1986,157.15833
Palau,PLW,1987,157.06834
Palau,PLW,1988,156.97612
Palau,PLW,1989,156.88278
Palau,PLW,1990,156.78825
Palau,PLW,1991,156.6936
Palau,PLW,1992,156.59892
Palau,PLW,1993,156.50452
Palau,PLW,1994,156.40982
Palau,PLW,1995,156.31493
Palau,PLW,1996,156.2202
Palestine,PSE,1896,150.86676
Palestine,PSE,1897,151.01141
Palestine,PSE,1898,151.15637
Palestine,PSE,1899,151.30136
Palestine,PSE,1900,151.44615
Palestine,PSE,1901,151.59052
Palestine,PSE,1902,151.73482
Palestine,PSE,1903,151.87816
Palestine,PSE,1904,152.02039
Palestine,PSE,1905,152.16162
Palestine,PSE,1906,152.30196
Palestine,PSE,1907,152.44151
Palestine,PSE,1908,152.58028
Palestine,PSE,1909,152.71834
Palestine,PSE,1910,152.85614
Palestine,PSE,1911,152.99426
Palestine,PSE,1912,153.13335
Palestine,PSE,1913,153.2734
Palestine,PSE,1914,153.41415
Palestine,PSE,1915,153.55602
Palestine,PSE,1916,153.6991
Palestine,PSE,1917,153.84366
Palestine,PSE,1918,153.98982
Palestine,PSE,1919,154.13635
Palestine,PSE,1920,154.2831
Palestine,PSE,1921,154.42867
Palestine,PSE,1922,154.57297
Palestine,PSE,1923,154.7149
Palestine,PSE,1924,154.8547
Palestine,PSE,1925,154.99327
Palestine,PSE,1926,155.13051
Palestine,PSE,1927,155.2666
Palestine,PSE,1928,155.40182
Palestine,PSE,1929,155.53683
Palestine,PSE,1930,155.67223
Palestine,PSE,1931,155.80681
Palestine,PSE,1932,155.94092
Palestine,PSE,1933,156.07513
Palestine,PSE,1934,156.20982
Palestine,PSE,1935,156.34435
Palestine,PSE,1936,156.47827
Palestine,PSE,1937,156.61055
Palestine,PSE,1938,156.74036
Palestine,PSE,1939,156.86768
Palestine,PSE,1940,156.99237
Palestine,PSE,1941,157.11424
Palestine,PSE,1942,157.23297
Palestine,PSE,1943,157.35027
Palestine,PSE,1944,157.46648
Palestine,PSE,1945,157.58171
Palestine,PSE,1946,157.69566
Palestine,PSE,1947,157.8081
Palestine,PSE,1948,157.918
Palestine,PSE,1949,158.02576
Palestine,PSE,1950,158.13133
Palestine,PSE,1951,158.2351
Palestine,PSE,1952,158.33583
Palestine,PSE,1953,158.43362
Palestine,PSE,1954,158.52798
Palestine,PSE,1955,158.61873
Palestine,PSE,1956,158.7048
Palestine,PSE,1957,158.78691
Palestine,PSE,1958,158.86526
Palestine,PSE,1959,158.93864
Palestine,PSE,1960,159.00734
Palestine,PSE,1961,159.07066
Palestine,PSE,1962,159.12785
Palestine,PSE,1963,159.17769
Palestine,PSE,1964,159.21942
Palestine,PSE,1965,159.25304
Palestine,PSE,1966,159.2805
Palestine,PSE,1967,159.30304
Palestine,PSE,1968,159.32097
Palestine,PSE,1969,159.33337
Palestine,PSE,1970,159.33998
Palestine,PSE,1971,159.34152
Palestine,PSE,1972,159.33841
Palestine,PSE,1973,159.33134
Palestine,PSE,1974,159.32216
Palestine,PSE,1975,159.3101
Palestine,PSE,1976,159.29553
Palestine,PSE,1977,159.27731
Palestine,PSE,1978,159.25613
Palestine,PSE,1979,159.23294
Palestine,PSE,1980,159.20914
Palestine,PSE,1981,159.18602
Palestine,PSE,1982,159.16464
Palestine,PSE,1983,159.14522
Palestine,PSE,1984,159.12656
Palestine,PSE,1985,159.1077
Palestine,PSE,1986,159.08733
Palestine,PSE,1987,159.0651
Palestine,PSE,1988,159.03923
Palestine,PSE,1989,159.01033
Palestine,PSE,1990,158.97777
Palestine,PSE,1991,158.94331
Palestine,PSE,1992,158.90756
Palestine,PSE,1993,158.8708
Palestine,PSE,1994,158.83234
Palestine,PSE,1995,158.79306
Palestine,PSE,1996,158.75404
Panama,PAN,1896,144.4872
Panama,PAN,1897,144.6985
Panama,PAN,1898,144.91008
Panama,PAN,1899,145.12164
Panama,PAN,1900,145.33282
Panama,PAN,1901,145.5437
Panama,PAN,1902,145.75418
Panama,PAN,1903,145.96388
Panama,PAN,1904,146.1725
Panama,PAN,1905,146.38004
Panama,PAN,1906,146.58679
Panama,PAN,1907,146.79236
Panama,PAN,1908,146.99718
Panama,PAN,1909,147.20107
Panama,PAN,1910,147.40495
Panama,PAN,1911,147.60974
Panama,PAN,1912,147.8158
Panama,PAN,1913,148.02348
Panama,PAN,1914,148.2332
Panama,PAN,1915,148.44513
Panama,PAN,1916,148.65945
Panama,PAN,1917,148.87617
Panama,PAN,1918,149.09464
Panama,PAN,1919,149.31413
Panama,PAN,1920,149.53407
Panama,PAN,1921,149.75336
Panama,PAN,1922,149.97089
Panama,PAN,1923,150.18549
Panama,PAN,1924,150.39738
Panama,PAN,1925,150.60762
Panama,PAN,1926,150.8158
Panama,PAN,1927,151.02205
Panama,PAN,1928,151.22633
Panama,PAN,1929,151.42892
Panama,PAN,1930,151.62839
Panama,PAN,1931,151.82349
Panama,PAN,1932,152.01315
Panama,PAN,1933,152.19852
Panama,PAN,1934,152.38046
Panama,PAN,1935,152.55942
Panama,PAN,1936,152.73611
Panama,PAN,1937,152.90967
Panama,PAN,1938,153.08012
Panama,PAN,1939,153.2455
Panama,PAN,1940,153.40535
Panama,PAN,1941,153.55943
Panama,PAN,1942,153.70789
Panama,PAN,1943,153.85175
Panama,PAN,1944,153.99184
Panama,PAN,1945,154.12852
Panama,PAN,1946,154.26242
Panama,PAN,1947,154.39404
Panama,PAN,1948,154.52272
Panama,PAN,1949,154.648
Panama,PAN,1950,154.76894
Panama,PAN,1951,154.88475
Panama,PAN,1952,154.99445
Panama,PAN,1953,155.09764
Panama,PAN,1954,155.19342
Panama,PAN,1955,155.28241
Panama,PAN,1956,155.36461
Panama,PAN,1957,155.44
Panama,PAN,1958,155.50865
Panama,PAN,1959,155.571
Panama,PAN,1960,155.62679
Panama,PAN,1961,155.67613
Panama,PAN,1962,155.71957
Panama,PAN,1963,155.75546
Panama,PAN,1964,155.78316
Panama,PAN,1965,155.80214
Panama,PAN,1966,155.8127
Panama,PAN,1967,155.8161
Panama,PAN,1968,155.8127
Panama,PAN,1969,155.80447
Panama,PAN,1970,155.79176
Panama,PAN,1971,155.7765
Panama,PAN,1972,155.7594
Panama,PAN,1973,155.74147
Panama,PAN,1974,155.72345
Panama,PAN,1975,155.70471
Panama,PAN,1976,155.6843
Panama,PAN,1977,155.66245
Panama,PAN,1978,155.6401
Panama,PAN,1979,155.6185
Panama,PAN,1980,155.59923
Panama,PAN,1981,155.5832
Panama,PAN,1982,155.5719
Panama,PAN,1983,155.56433
Panama,PAN,1984,155.55968
Panama,PAN,1985,155.55692
Panama,PAN,1986,155.5538
Panama,PAN,1987,155.54938
Panama,PAN,1988,155.54326
Panama,PAN,1989,155.53539
Panama,PAN,1990,155.52615
Panama,PAN,1991,155.51665
Panama,PAN,1992,155.50758
Panama,PAN,1993,155.49843
Panama,PAN,1994,155.48926
Panama,PAN,1995,155.48016
Panama,PAN,1996,155.47108
Papua New Guinea,PNG,1896,149.91585
Papua New Guinea,PNG,1897,150.06158
Papua New Guinea,PNG,1898,150.20775
Papua New Guinea,PNG,1899,150.35393
Papua New Guinea,PNG,1900,150.49963
Papua New Guinea,PNG,1901,150.64418
Papua New Guinea,PNG,1902,150.78777
Papua New Guinea,PNG,1903,150.92943
Papua New Guinea,PNG,1904,151.06885
Papua New Guinea,PNG,1905,151.20595
Papua New Guinea,PNG,1906,151.34021
Papua New Guinea,PNG,1907,151.47174
Papua New Guinea,PNG,1908,151.60068
Papua New Guinea,PNG,1909,151.72707
Papua New Guinea,PNG,1910,151.85114
Papua New Guinea,PNG,1911,151.97363
Papua New Guinea,PNG,1912,152.0948
Papua New Guinea,PNG,1913,152.21436
Papua New Guinea,PNG,1914,152.33272
Papua New Guinea,PNG,1915,152.44978
Papua New Guinea,PNG,1916,152.56577
Papua New Guinea,PNG,1917,152.68004
Papua New Guinea,PNG,1918,152.7927
Papua New Guinea,PNG,1919,152.90312
Papua New Guinea,PNG,1920,153.0116
Papua New Guinea,PNG,1921,153.1181
Papua New Guinea,PNG,1922,153.22206
Papua New Guinea,PNG,1923,153.3229
Papua New Guinea,PNG,1924,153.42061
Papua New Guinea,PNG,1925,153.51678
Papua New Guinea,PNG,1926,153.61183
Papua New Guinea,PNG,1927,153.70549
Papua New Guinea,PNG,1928,153.79807
Papua New Guinea,PNG,1929,153.88956
Papua New Guinea,PNG,1930,153.97972
Papua New Guinea,PNG,1931,154.06715
Papua New Guinea,PNG,1932,154.15208
Papua New Guinea,PNG,1933,154.23561
Papua New Guinea,PNG,1934,154.31863
Papua New Guinea,PNG,1935,154.40143
Papua New Guinea,PNG,1936,154.48442
Papua New Guinea,PNG,1937,154.56723
Papua New Guinea,PNG,1938,154.64989
Papua New Guinea,PNG,1939,154.73181
Papua New Guinea,PNG,1940,154.81282
Papua New Guinea,PNG,1941,154.8928
Papua New Guinea,PNG,1942,154.97235
Papua New Guinea,PNG,1943,155.05281
Papua New Guinea,PNG,1944,155.13428
Papua New Guinea,PNG,1945,155.2166
Papua New Guinea,PNG,1946,155.3001
Papua New Guinea,PNG,1947,155.38397
Papua New Guinea,PNG,1948,155.46735
Papua New Guinea,PNG,1949,155.5501
Papua New Guinea,PNG,1950,155.63223
Papua New Guinea,PNG,1951,155.71352
Papua New Guinea,PNG,1952,155.79262
Papua New Guinea,PNG,1953,155.86954
Papua New Guinea,PNG,1954,155.94345
Papua New Guinea,PNG,1955,156.0147
Papua New Guinea,PNG,1956,156.08324
Papua New Guinea,PNG,1957,156.14938
Papua New Guinea,PNG,1958,156.21346
Papua New Guinea,PNG,1959,156.27533
Papua New Guinea,PNG,1960,156.33426
Papua New Guinea,PNG,1961,156.39024
Papua New Guinea,PNG,1962,156.4425
Papua New Guinea,PNG,1963,156.4895
Papua New Guinea,PNG,1964,156.52975
Papua New Guinea,PNG,1965,156.56238
Papua New Guinea,PNG,1966,156.58746
Papua New Guinea,PNG,1967,156.60556
Papua New Guinea,PNG,1968,156.6165
Papua New Guinea,PNG,1969,156.62042
Papua New Guinea,PNG,1970,156.61717
Papua New Guinea,PNG,1971,156.60722
Papua New Guinea,PNG,1972,156.5903
Papua New Guinea,PNG,1973,156.56639
Papua New Guinea,PNG,1974,156.53578
Papua New Guinea,PNG,1975,156.49803
Papua New Guinea,PNG,1976,156.45308
Papua New Guinea,PNG,1977,156.40047
Papua New Guinea,PNG,1978,156.34108
Papua New Guinea,PNG,1979,156.27556
Papua New Guinea,PNG,1980,156.20596
Papua New Guinea,PNG,1981,156.13327
Papua New Guinea,PNG,1982,156.05856
Papua New Guinea,PNG,1983,155.98251
Papua New Guinea,PNG,1984,155.90474
Papua New Guinea,PNG,1985,155.82529
Papua New Guinea,PNG,1986,155.74408
Papua New Guinea,PNG,1987,155.66042
Papua New Guinea,PNG,1988,155.5746
Papua New Guinea,PNG,1989,155.48761
Papua New Guinea,PNG,1990,155.3996
Papua New Guinea,PNG,1991,155.31137
Papua New Guinea,PNG,1992,155.22324
Papua New Guinea,PNG,1993,155.13554
Papua New Guinea,PNG,1994,155.0476
Papua New Guinea,PNG,1995,154.95953
Papua New Guinea,PNG,1996,154.87157
Paraguay,PRY,1896,149.17935
Paraguay,PRY,1897,149.3294
Paraguay,PRY,1898,149.48
Paraguay,PRY,1899,149.6305
Paraguay,PRY,1900,149.78072
Paraguay,PRY,1901,149.9307
Paraguay,PRY,1902,150.08008
Paraguay,PRY,1903,150.22859
Paraguay,PRY,1904,150.3759
Paraguay,PRY,1905,150.52197
Paraguay,PRY,1906,150.6669
Paraguay,PRY,1907,150.81082
Paraguay,PRY,1908,150.95386
Paraguay,PRY,1909,151.09604
Paraguay,PRY,1910,151.2384
Paraguay,PRY,1911,151.38191
Paraguay,PRY,1912,151.52664
Paraguay,PRY,1913,151.67308
Paraguay,PRY,1914,151.82184
Paraguay,PRY,1915,151.9729
Paraguay,PRY,1916,152.12639
Paraguay,PRY,1917,152.28302
Paraguay,PRY,1918,152.442
Paraguay,PRY,1919,152.60263
Paraguay,PRY,1920,152.76498
Paraguay,PRY,1921,152.9281
Paraguay,PRY,1922,153.09036
Paraguay,PRY,1923,153.25117
Paraguay,PRY,1924,153.4107
Paraguay,PRY,1925,153.56985
Paraguay,PRY,1926,153.72832
Paraguay,PRY,1927,153.88705
Paraguay,PRY,1928,154.0455
Paraguay,PRY,1929,154.20343
Paraguay,PRY,1930,154.3598
Paraguay,PRY,1931,154.51277
Paraguay,PRY,1932,154.66185
Paraguay,PRY,1933,154.80775
Paraguay,PRY,1934,154.95126
Paraguay,PRY,1935,155.09303
Paraguay,PRY,1936,155.23337
Paraguay,PRY,1937,155.37193
Paraguay,PRY,1938,155.50838
Paraguay,PRY,1939,155.64166
Paraguay,PRY,1940,155.77098
Paraguay,PRY,1941,155.89615
Paraguay,PRY,1942,156.01755
Paraguay,PRY,1943,156.13684
Paraguay,PRY,1944,156.25435
Paraguay,PRY,1945,156.3697
Paraguay,PRY,1946,156.48398
Paraguay,PRY,1947,156.59746
Paraguay,PRY,1948,156.71027
Paraguay,PRY,1949,156.8221
Paraguay,PRY,1950,156.93266
Paraguay,PRY,1951,157.04146
Paraguay,PRY,1952,157.14746
Paraguay,PRY,1953,157.25089
Paraguay,PRY,1954,157.35114
Paraguay,PRY,1955,157.44992
Paraguay,PRY,1956,157.54662
Paraguay,PRY,1957,157.64188
Paraguay,PRY,1958,157.73587
Paraguay,PRY,1959,157.82838
Paraguay,PRY,1960,157.91971
Paraguay,PRY,1961,158.00949
Paraguay,PRY,1962,158.09721
Paraguay,PRY,1963,158.18109
Paraguay,PRY,1964,158.25912
Paraguay,PRY,1965,158.33134
Paraguay,PRY,1966,158.39752
Paraguay,PRY,1967,158.45833
Paraguay,PRY,1968,158.51448
Paraguay,PRY,1969,158.56718
Paraguay,PRY,1970,158.61702
Paraguay,PRY,1971,158.66548
Paraguay,PRY,1972,158.71361
Paraguay,PRY,1973,158.76158
Paraguay,PRY,1974,158.80983
Paraguay,PRY,1975,158.85725
Paraguay,PRY,1976,158.90286
Paraguay,PRY,1977,158.94646
Paraguay,PRY,1978,158.98853
Paraguay,PRY,1979,159.03001
Paraguay,PRY,1980,159.07246
Paraguay,PRY,1981,159.11676
Paraguay,PRY,1982,159.16376
Paraguay,PRY,1983,159.21358
Paraguay,PRY,1984,159.26509
Paraguay,PRY,1985,159.31728
Paraguay,PRY,1986,159.36891
Paraguay,PRY,1987,159.41954
Paraguay,PRY,1988,159.46861
Paraguay,PRY,1989,159.51616
Paraguay,PRY,1990,159.56299
Paraguay,PRY,1991,159.61017
Paraguay,PRY,1992,159.65807
Paraguay,PRY,1993,159.70723
Paraguay,PRY,1994,159.75662
Paraguay,PRY,1995,159.80609
Paraguay,PRY,1996,159.85577
Peru,PER,1896,141.4818
Peru,PER,1897,141.67085
Peru,PER,1898,141.8603
Peru,PER,1899,142.04956
Peru,PER,1900,142.23865
Peru,PER,1901,142.4278
Peru,PER,1902,142.6163
Peru,PER,1903,142.80428
Peru,PER,1904,142.9912
Peru,PER,1905,143.17715
Peru,PER,1906,143.36256
Peru,PER,1907,143.54694
Peru,PER,1908,143.7306
Peru,PER,1909,143.91324
Peru,PER,1910,144.09576
Peru,PER,1911,144.27872
Peru,PER,1912,144.4629
Peru,PER,1913,144.6486
Peru,PER,1914,144.83598
Peru,PER,1915,145.02551
Peru,PER,1916,145.21701
Peru,PER,1917,145.41055
Peru,PER,1918,145.6056
Peru,PER,1919,145.80215
Peru,PER,1920,145.99977
Peru,PER,1921,146.19717
Peru,PER,1922,146.39345
Peru,PER,1923,146.58786
Peru,PER,1924,146.78044
Peru,PER,1925,146.97223
Peru,PER,1926,147.16312
Peru,PER,1927,147.35358
Peru,PER,1928,147.5433
Peru,PER,1929,147.73183
Peru,PER,1930,147.91791
Peru,PER,1931,148.09987
Peru,PER,1932,148.27736
Peru,PER,1933,148.4515
Peru,PER,1934,148.62357
Peru,PER,1935,148.79388
Peru,PER,1936,148.96329
Peru,PER,1937,149.13112
Peru,PER,1938,149.29646
Peru,PER,1939,149.45805
Peru,PER,1940,149.61513
Peru,PER,1941,149.76706
Peru,PER,1942,149.91356
Peru,PER,1943,150.05643
Peru,PER,1944,150.19597
Peru,PER,1945,150.33228
Peru,PER,1946,150.4655
Peru,PER,1947,150.59511
Peru,PER,1948,150.72018
Peru,PER,1949,150.8403
Peru,PER,1950,150.955
Peru,PER,1951,151.06331
Peru,PER,1952,151.16443
Peru,PER,1953,151.25833
Peru,PER,1954,151.34482
Peru,PER,1955,151.42487
Peru,PER,1956,151.49873
Peru,PER,1957,151.567
Peru,PER,1958,151.62988
Peru,PER,1959,151.68779
Peru,PER,1960,151.74158
Peru,PER,1961,151.79126
Peru,PER,1962,151.8369
Peru,PER,1963,151.87756
Peru,PER,1964,151.9121
Peru,PER,1965,151.94046
Peru,PER,1966,151.96318
Peru,PER,1967,151.98146
Peru,PER,1968,151.99579
Peru,PER,1969,152.00853
Peru,PER,1970,152.02014
Peru,PER,1971,152.03242
Peru,PER,1972,152.04626
Peru,PER,1973,152.0627
Peru,PER,1974,152.08272
Peru,PER,1975,152.10536
Peru,PER,1976,152.1297
Peru,PER,1977,152.15565
Peru,PER,1978,152.18367
Peru,PER,1979,152.21445
Peru,PER,1980,152.24948
Peru,PER,1981,152.28864
Peru,PER,1982,152.33188
Peru,PER,1983,152.37856
Peru,PER,1984,152.42711
Peru,PER,1985,152.4762
Peru,PER,1986,152.524
Peru,PER,1987,152.57008
Peru,PER,1988,152.61339
Peru,PER,1989,152.65486
Peru,PER,1990,152.69467
Peru,PER,1991,152.7342
Peru,PER,1992,152.774
Peru,PER,1993,152.81367
Peru,PER,1994,152.85304
Peru,PER,1995,152.8929
Peru,PER,1996,152.93253
Philippines,PHL,1896,147.89569
Philippines,PHL,1897,147.96724
Philippines,PHL,1898,148.03906
Philippines,PHL,1899,148.111
Philippines,PHL,1900,148.18256
Philippines,PHL,1901,148.25337
Philippines,PHL,1902,148.32349
Philippines,PHL,1903,148.39194
Philippines,PHL,1904,148.45906
Philippines,PHL,1905,148.52449
Philippines,PHL,1906,148.58821
Philippines,PHL,1907,148.64987
Philippines,PHL,1908,148.70969
Philippines,PHL,1909,148.76775
Philippines,PHL,1910,148.82487
Philippines,PHL,1911,148.88121
Philippines,PHL,1912,148.93765
Philippines,PHL,1913,148.99426
Philippines,PHL,1914,149.05118
Philippines,PHL,1915,149.10866
Philippines,PHL,1916,149.16716
Philippines,PHL,1917,149.2271
Philippines,PHL,1918,149.28838
Philippines,PHL,1919,149.35101
Philippines,PHL,1920,149.41612
Philippines,PHL,1921,149.48322
Philippines,PHL,1922,149.5524
Philippines,PHL,1923,149.62323
Philippines,PHL,1924,149.69617
Philippines,PHL,1925,149.77368
Philippines,PHL,1926,149.85559
Philippines,PHL,1927,149.9399
Philippines,PHL,1928,150.0256
Philippines,PHL,1929,150.11159
Philippines,PHL,1930,150.19617
Philippines,PHL,1931,150.27783
Philippines,PHL,1932,150.35725
Philippines,PHL,1933,150.43529
Philippines,PHL,1934,150.51236
Philippines,PHL,1935,150.58813
Philippines,PHL,1936,150.66112
Philippines,PHL,1937,150.73006
Philippines,PHL,1938,150.79292
Philippines,PHL,1939,150.8478
Philippines,PHL,1940,150.89363
Philippines,PHL,1941,150.93141
Philippines,PHL,1942,150.96219
Philippines,PHL,1943,150.98808
Philippines,PHL,1944,151.01039
Philippines,PHL,1945,151.02867
Philippines,PHL,1946,151.04279
Philippines,PHL,1947,151.05127
Philippines,PHL,1948,151.05275
Philippines,PHL,1949,151.04686
Philippines,PHL,1950,151.03241
Philippines,PHL,1951,151.00838
Philippines,PHL,1952,150.97371
Philippines,PHL,1953,150.92848
Philippines,PHL,1954,150.87263
Philippines,PHL,1955,150.80695
Philippines,PHL,1956,150.7323
Philippines,PHL,1957,150.65025
Philippines,PHL,1958,150.56253
Philippines,PHL,1959,150.47075
Philippines,PHL,1960,150.37677
Philippines,PHL,1961,150.28186
Philippines,PHL,1962,150.187
Philippines,PHL,1963,150.09248
Philippines,PHL,1964,149.99905
Philippines,PHL,1965,149.90854
Philippines,PHL,1966,149.82408
Philippines,PHL,1967,149.74773
Philippines,PHL,1968,149.67886
Philippines,PHL,1969,149.61694
Philippines,PHL,1970,149.56091
Philippines,PHL,1971,149.51123
Philippines,PHL,1972,149.4673
Philippines,PHL,1973,149.42937
Philippines,PHL,1974,149.39761
Philippines,PHL,1975,149.37102
Philippines,PHL,1976,149.34938
Philippines,PHL,1977,149.3318
Philippines,PHL,1978,149.31808
Philippines,PHL,1979,149.30844
Philippines,PHL,1980,149.30362
Philippines,PHL,1981,149.30412
Philippines,PHL,1982,149.30946
Philippines,PHL,1983,149.31905
Philippines,PHL,1984,149.33218
Philippines,PHL,1985,149.3481
Philippines,PHL,1986,149.36607
Philippines,PHL,1987,149.38524
Philippines,PHL,1988,149.40538
Philippines,PHL,1989,149.42665
Philippines,PHL,1990,149.44873
Philippines,PHL,1991,149.47227
Philippines,PHL,1992,149.49745
Philippines,PHL,1993,149.524
Philippines,PHL,1994,149.5516
Philippines,PHL,1995,149.57948
Philippines,PHL,1996,149.60783
Poland,POL,1896,150.53938
Poland,POL,1897,150.77747
Poland,POL,1898,151.01588
Poland,POL,1899,151.2542
Poland,POL,1900,151.49268
Poland,POL,1901,151.73071
Poland,POL,1902,151.96819
Poland,POL,1903,152.20473
Poland,POL,1904,152.44016
Poland,POL,1905,152.67455
Poland,POL,1906,152.90773
Poland,POL,1907,153.13988
Poland,POL,1908,153.37093
Poland,POL,1909,153.60118
Poland,POL,1910,153.83128
Poland,POL,1911,154.06194
Poland,POL,1912,154.29364
Poland,POL,1913,154.52657
Poland,POL,1914,154.76053
Poland,POL,1915,154.99565
Poland,POL,1916,155.23215
Poland,POL,1917,155.47044
Poland,POL,1918,155.7091
Poland,POL,1919,155.9465
Poland,POL,1920,156.1821
Poland,POL,1921,156.4141
Poland,POL,1922,156.64175
Poland,POL,1923,156.86359
Poland,POL,1924,157.07982
Poland,POL,1925,157.2914
Poland,POL,1926,157.49823
Poland,POL,1927,157.70009
Poland,POL,1928,157.8977
Poland,POL,1929,158.09122
Poland,POL,1930,158.28084
Poland,POL,1931,158.46524
Poland,POL,1932,158.64479
Poland,POL,1933,158.82016
Poland,POL,1934,158.99207
Poland,POL,1935,159.16046
Poland,POL,1936,159.32501
Poland,POL,1937,159.48549
Poland,POL,1938,159.64146
Poland,POL,1939,159.79276
Poland,POL,1940,159.93909
Poland,POL,1941,160.07988
Poland,POL,1942,160.21503
Poland,POL,1943,160.34576
Poland,POL,1944,160.47313
Poland,POL,1945,160.59818
Poland,POL,1946,160.72115
Poland,POL,1947,160.84175
Poland,POL,1948,160.95967
Poland,POL,1949,161.07582
Poland,POL,1950,161.19101
Poland,POL,1951,161.3062
Poland,POL,1952,161.42136
Poland,POL,1953,161.53612
Poland,POL,1954,161.6505
Poland,POL,1955,161.7657
Poland,POL,1956,161.88187
Poland,POL,1957,161.99994
Poland,POL,1958,162.1206
Poland,POL,1959,162.24438
Poland,POL,1960,162.37102
Poland,POL,1961,162.50032
Poland,POL,1962,162.6307
Poland,POL,1963,162.75966
Poland,POL,1964,162.88524
Poland,POL,1965,163.00638
Poland,POL,1966,163.12283
Poland,POL,1967,163.23514
Poland,POL,1968,163.34297
Poland,POL,1969,163.44637
Poland,POL,1970,163.54456
Poland,POL,1971,163.63777
Poland,POL,1972,163.72522
Poland,POL,1973,163.80736
Poland,POL,1974,163.88387
Poland,POL,1975,163.9545
Poland,POL,1976,164.01859
Poland,POL,1977,164.0759
Poland,POL,1978,164.12636
Poland,POL,1979,164.17073
Poland,POL,1980,164.21126
Poland,POL,1981,164.24913
Poland,POL,1982,164.28548
Poland,POL,1983,164.32071
Poland,POL,1984,164.3542
Poland,POL,1985,164.38556
Poland,POL,1986,164.4141
Poland,POL,1987,164.43875
Poland,POL,1988,164.45918
Poland,POL,1989,164.4768
Poland,POL,1990,164.49222
Poland,POL,1991,164.5071
Poland,POL,1992,164.52184
Poland,POL,1993,164.53711
Poland,POL,1994,164.55298
Poland,POL,1995,164.56917
Poland,POL,1996,164.58574
Portugal,PRT,1896,150.46017
Portugal,PRT,1897,150.57793
Portugal,PRT,1898,150.69588
Portugal,PRT,1899,150.8139
Portugal,PRT,1900,150.93228
Portugal,PRT,1901,151.05104
Portugal,PRT,1902,151.16994
Portugal,PRT,1903,151.2888
Portugal,PRT,1904,151.40742
Portugal,PRT,1905,151.52615
Portugal,PRT,1906,151.64607
Portugal,PRT,1907,151.76738
Portugal,PRT,1908,151.8905
Portugal,PRT,1909,152.01646
Portugal,PRT,1910,152.14688
Portugal,PRT,1911,152.28354
Portugal,PRT,1912,152.42752
Portugal,PRT,1913,152.57872
Portugal,PRT,1914,152.73831
Portugal,PRT,1915,152.90634
Portugal,PRT,1916,153.08205
Portugal,PRT,1917,153.26422
Portugal,PRT,1918,153.45146
Portugal,PRT,1919,153.64258
Portugal,PRT,1920,153.83678
Portugal,PRT,1921,154.03296
Portugal,PRT,1922,154.23041
Portugal,PRT,1923,154.427
Portugal,PRT,1924,154.62317
Portugal,PRT,1925,154.81992
Portugal,PRT,1926,155.01657
Portugal,PRT,1927,155.21228
Portugal,PRT,1928,155.40672
Portugal,PRT,1929,155.59973
Portugal,PRT,1930,155.79062
Portugal,PRT,1931,155.97722
Portugal,PRT,1932,156.16006
Portugal,PRT,1933,156.34032
Portugal,PRT,1934,156.51962
Portugal,PRT,1935,156.69771
Portugal,PRT,1936,156.87471
Portugal,PRT,1937,157.0487
Portugal,PRT,1938,157.21808
Portugal,PRT,1939,157.38086
Portugal,PRT,1940,157.53534
Portugal,PRT,1941,157.68034
Portugal,PRT,1942,157.81694
Portugal,PRT,1943,157.94656
Portugal,PRT,1944,158.0721
Portugal,PRT,1945,158.19447
Portugal,PRT,1946,158.3151
Portugal,PRT,1947,158.43607
Portugal,PRT,1948,158.55719
Portugal,PRT,1949,158.67906
Portugal,PRT,1950,158.80302
Portugal,PRT,1951,158.92914
Portugal,PRT,1952,159.05786
Portugal,PRT,1953,159.19003
Portugal,PRT,1954,159.32588
Portugal,PRT,1955,159.46565
Portugal,PRT,1956,159.60875
Portugal,PRT,1957,159.75552
Portugal,PRT,1958,159.90529
Portugal,PRT,1959,160.05699
Portugal,PRT,1960,160.2102
Portugal,PRT,1961,160.36383
Portugal,PRT,1962,160.51593
Portugal,PRT,1963,160.66362
Portugal,PRT,1964,160.8043
Portugal,PRT,1965,160.93652
Portugal,PRT,1966,161.06001
Portugal,PRT,1967,161.17688
Portugal,PRT,1968,161.28769
Portugal,PRT,1969,161.39359
Portugal,PRT,1970,161.49452
Portugal,PRT,1971,161.59134
Portugal,PRT,1972,161.68384
Portugal,PRT,1973,161.77185
Portugal,PRT,1974,161.85515
Portugal,PRT,1975,161.93288
Portugal,PRT,1976,162.00471
Portugal,PRT,1977,162.07039
Portugal,PRT,1978,162.13066
Portugal,PRT,1979,162.18634
Portugal,PRT,1980,162.23988
Portugal,PRT,1981,162.29288
Portugal,PRT,1982,162.3464
Portugal,PRT,1983,162.40102
Portugal,PRT,1984,162.45601
Portugal,PRT,1985,162.5107
Portugal,PRT,1986,162.56438
Portugal,PRT,1987,162.61694
Portugal,PRT,1988,162.66768
Portugal,PRT,1989,162.71652
Portugal,PRT,1990,162.76346
Portugal,PRT,1991,162.81017
Portugal,PRT,1992,162.8569
Portugal,PRT,1993,162.90388
Portugal,PRT,1994,162.95052
Portugal,PRT,1995,162.99753
Portugal,PRT,1996,163.04459
Puerto Rico,PRI,1896,147.30095
Puerto Rico,PRI,1897,147.51328
Puerto Rico,PRI,1898,147.72604
Puerto Rico,PRI,1899,147.93883
Puerto Rico,PRI,1900,148.15134
Puerto Rico,PRI,1901,148.36368
Puerto Rico,PRI,1902,148.57564
Puerto Rico,PRI,1903,148.78708
Puerto Rico,PRI,1904,148.99707
Puerto Rico,PRI,1905,149.206
Puerto Rico,PRI,1906,149.41383
Puerto Rico,PRI,1907,149.62064
Puerto Rico,PRI,1908,149.82687
Puerto Rico,PRI,1909,150.03242
Puerto Rico,PRI,1910,150.23782
Puerto Rico,PRI,1911,150.44385
Puerto Rico,PRI,1912,150.65091
Puerto Rico,PRI,1913,150.85953
Puerto Rico,PRI,1914,151.06935
Puerto Rico,PRI,1915,151.28085
Puerto Rico,PRI,1916,151.4942
Puerto Rico,PRI,1917,151.7097
Puerto Rico,PRI,1918,151.92636
Puerto Rico,PRI,1919,152.14383
Puerto Rico,PRI,1920,152.36208
Puerto Rico,PRI,1921,152.5796
Puerto Rico,PRI,1922,152.79526
Puerto Rico,PRI,1923,153.00832
Puerto Rico,PRI,1924,153.21825
Puerto Rico,PRI,1925,153.42598
Puerto Rico,PRI,1926,153.6311
Puerto Rico,PRI,1927,153.83386
Puerto Rico,PRI,1928,154.03392
Puerto Rico,PRI,1929,154.23116
Puerto Rico,PRI,1930,154.42485
Puerto Rico,PRI,1931,154.61383
Puerto Rico,PRI,1932,154.79733
Puerto Rico,PRI,1933,154.9766
Puerto Rico,PRI,1934,155.153
Puerto Rico,PRI,1935,155.3269
Puerto Rico,PRI,1936,155.49869
Puerto Rico,PRI,1937,155.66798
Puerto Rico,PRI,1938,155.83447
Puerto Rico,PRI,1939,155.99689
Puerto Rico,PRI,1940,156.15514
Puerto Rico,PRI,1941,156.30885
Puerto Rico,PRI,1942,156.45848
Puerto Rico,PRI,1943,156.60591
Puerto Rico,PRI,1944,156.7516
Puerto Rico,PRI,1945,156.89584
Puerto Rico,PRI,1946,157.03883
Puerto Rico,PRI,1947,157.18025
Puerto Rico,PRI,1948,157.31961
Puerto Rico,PRI,1949,157.45647
Puerto Rico,PRI,1950,157.59003
Puerto Rico,PRI,1951,157.71954
Puerto Rico,PRI,1952,157.844
Puerto Rico,PRI,1953,157.96336
Puerto Rico,PRI,1954,158.07729
Puerto Rico,PRI,1955,158.18605
Puerto Rico,PRI,1956,158.29012
Puerto Rico,PRI,1957,158.38965
Puerto Rico,PRI,1958,158.48528
Puerto Rico,PRI,1959,158.57707
Puerto Rico,PRI,1960,158.66467
Puerto Rico,PRI,1961,158.74786
Puerto Rico,PRI,1962,158.82626
Puerto Rico,PRI,1963,158.89821
Puerto Rico,PRI,1964,158.96259
Puerto Rico,PRI,1965,159.01877
Puerto Rico,PRI,1966,159.06673
Puerto Rico,PRI,1967,159.10744
Puerto Rico,PRI,1968,159.14166
Puerto Rico,PRI,1969,159.17058
Puerto Rico,PRI,1970,159.19492
Puerto Rico,PRI,1971,159.21622
Puerto Rico,PRI,1972,159.2357
Puerto Rico,PRI,1973,159.25339
Puerto Rico,PRI,1974,159.27017
Puerto Rico,PRI,1975,159.28526
Puerto Rico,PRI,1976,159.2975
Puerto Rico,PRI,1977,159.30666
Puerto Rico,PRI,1978,159.31352
Puerto Rico,PRI,1979,159.31854
Puerto Rico,PRI,1980,159.32306
Puerto Rico,PRI,1981,159.3275
Puerto Rico,PRI,1982,159.33235
Puerto Rico,PRI,1983,159.33769
Puerto Rico,PRI,1984,159.34276
Puerto Rico,PRI,1985,159.34589
Puerto Rico,PRI,1986,159.3459
Puerto Rico,PRI,1987,159.3422
Puerto Rico,PRI,1988,159.33385
Puerto Rico,PRI,1989,159.32167
Puerto Rico,PRI,1990,159.30666
Puerto Rico,PRI,1991,159.28993
Puerto Rico,PRI,1992,159.27289
Puerto Rico,PRI,1993,159.2555
Puerto Rico,PRI,1994,159.23805
Puerto Rico,PRI,1995,159.22066
Puerto Rico,PRI,1996,159.20346
Qatar,QAT,1896,150.42738
Qatar,QAT,1897,150.56924
Qatar,QAT,1898,150.71138
Qatar,QAT,1899,150.85385
Qatar,QAT,1900,150.99654
Qatar,QAT,1901,151.13898
Qatar,QAT,1902,151.28127
Qatar,QAT,1903,151.42249
Qatar,QAT,1904,151.56244
Qatar,QAT,1905,151.70149
Qatar,QAT,1906,151.83987
Qatar,QAT,1907,151.97765
Qatar,QAT,1908,152.11449
Qatar,QAT,1909,152.25076
Qatar,QAT,1910,152.3867
Qatar,QAT,1911,152.52325
Qatar,QAT,1912,152.66093
Qatar,QAT,1913,152.7997
Qatar,QAT,1914,152.9393
Qatar,QAT,1915,153.08005
Qatar,QAT,1916,153.22226
Qatar,QAT,1917,153.36603
Qatar,QAT,1918,153.51157
Qatar,QAT,1919,153.65794
Qatar,QAT,1920,153.80478
Qatar,QAT,1921,153.95087
Qatar,QAT,1922,154.09601
Qatar,QAT,1923,154.23918
Qatar,QAT,1924,154.3802
Qatar,QAT,1925,154.52031
Qatar,QAT,1926,154.65929
Qatar,QAT,1927,154.79778
Qatar,QAT,1928,154.9357
Qatar,QAT,1929,155.07378
Qatar,QAT,1930,155.21236
Qatar,QAT,1931,155.35052
Qatar,QAT,1932,155.48866
Qatar,QAT,1933,155.62766
Qatar,QAT,1934,155.76756
Qatar,QAT,1935,155.90802
Qatar,QAT,1936,156.04854
Qatar,QAT,1937,156.18785
Qatar,QAT,1938,156.32552
Qatar,QAT,1939,156.46132
Qatar,QAT,1940,156.59491
Qatar,QAT,1941,156.72627
Qatar,QAT,1942,156.85535
Qatar,QAT,1943,156.98312
Qatar,QAT,1944,157.11003
Qatar,QAT,1945,157.23663
Qatar,QAT,1946,157.36266
Qatar,QAT,1947,157.48788
Qatar,QAT,1948,157.61111
Qatar,QAT,1949,157.73224
Qatar,QAT,1950,157.85161
Qatar,QAT,1951,157.96982
Qatar,QAT,1952,158.08548
Qatar,QAT,1953,158.19872
Qatar,QAT,1954,158.30879
Qatar,QAT,1955,158.41579
Qatar,QAT,1956,158.51872
Qatar,QAT,1957,158.61845
Qatar,QAT,1958,158.71509
Qatar,QAT,1959,158.80797
Qatar,QAT,1960,158.89711
Qatar,QAT,1961,158.9824
Qatar,QAT,1962,159.06288
Qatar,QAT,1963,159.13701
Qatar,QAT,1964,159.20409
Qatar,QAT,1965,159.26367
Qatar,QAT,1966,159.31787
Qatar,QAT,1967,159.36778
Qatar,QAT,1968,159.41328
Qatar,QAT,1969,159.45361
Qatar,QAT,1970,159.48822
Qatar,QAT,1971,159.51744
Qatar,QAT,1972,159.54181
Qatar,QAT,1973,159.56174
Qatar,QAT,1974,159.5789
Qatar,QAT,1975,159.59232
Qatar,QAT,1976,159.6027
Qatar,QAT,1977,159.60849
Qatar,QAT,1978,159.61018
Qatar,QAT,1979,159.60828
Qatar,QAT,1980,159.605
Qatar,QAT,1981,159.60114
Qatar,QAT,1982,159.59807
Qatar,QAT,1983,159.5957
Qatar,QAT,1984,159.59325
Qatar,QAT,1985,159.59
Qatar,QAT,1986,159.58472
Qatar,QAT,1987,159.57646
Qatar,QAT,1988,159.56421
Qatar,QAT,1989,159.54854
Qatar,QAT,1990,159.52905
Qatar,QAT,1991,159.50761
Qatar,QAT,1992,159.48447
Qatar,QAT,1993,159.46039
Qatar,QAT,1994,159.43471
Qatar,QAT,1995,159.40837
Qatar,QAT,1996,159.3819
Romania,ROU,1896,151.07169
Romania,ROU,1897,151.2806
Romania,ROU,1898,151.48967
Romania,ROU,1899,151.69862
Romania,ROU,1900,151.90776
Romania,ROU,1901,152.1164
Romania,ROU,1902,152.32457
Romania,ROU,1903,152.53189
Romania,ROU,1904,152.73814
Romania,ROU,1905,152.94305
Romania,ROU,1906,153.14693
Romania,ROU,1907,153.34987
Romania,ROU,1908,153.55156
Romania,ROU,1909,153.75221
Romania,ROU,1910,153.95227
Romania,ROU,1911,154.15225
Romania,ROU,1912,154.35332
Romania,ROU,1913,154.5556
Romania,ROU,1914,154.75906
Romania,ROU,1915,154.96356
Romania,ROU,1916,155.16911
Romania,ROU,1917,155.37598
Romania,ROU,1918,155.5829
Romania,ROU,1919,155.78835
Romania,ROU,1920,155.99214
Romania,ROU,1921,156.19292
Romania,ROU,1922,156.38977
Romania,ROU,1923,156.58148
Romania,ROU,1924,156.76797
Romania,ROU,1925,156.95065
Romania,ROU,1926,157.12984
Romania,ROU,1927,157.30516
Romania,ROU,1928,157.47748
Romania,ROU,1929,157.64688
Romania,ROU,1930,157.81357
Romania,ROU,1931,157.97621
Romania,ROU,1932,158.13544
Romania,ROU,1933,158.2917
Romania,ROU,1934,158.4458
Romania,ROU,1935,158.59758
Romania,ROU,1936,158.74706
Romania,ROU,1937,158.89394
Romania,ROU,1938,159.03772
Romania,ROU,1939,159.17807
Romania,ROU,1940,159.31447
Romania,ROU,1941,159.44594
Romania,ROU,1942,159.5723
Romania,ROU,1943,159.69408
Romania,ROU,1944,159.81262
Romania,ROU,1945,159.92848
Romania,ROU,1946,160.04219
Romania,ROU,1947,160.15353
Romania,ROU,1948,160.26198
Romania,ROU,1949,160.36803
Romania,ROU,1950,160.47281
Romania,ROU,1951,160.57704
Romania,ROU,1952,160.6803
Romania,ROU,1953,160.78314
Romania,ROU,1954,160.88503
Romania,ROU,1955,160.98698
Romania,ROU,1956,161.08913
Romania,ROU,1957,161.19228
Romania,ROU,1958,161.29695
Romania,ROU,1959,161.40355
Romania,ROU,1960,161.5118
Romania,ROU,1961,161.6214
Romania,ROU,1962,161.73088
Romania,ROU,1963,161.83725
Romania,ROU,1964,161.93892
Romania,ROU,1965,162.03488
Romania,ROU,1966,162.12506
Romania,ROU,1967,162.2097
Romania,ROU,1968,162.28902
Romania,ROU,1969,162.36307
Romania,ROU,1970,162.43109
Romania,ROU,1971,162.49358
Romania,ROU,1972,162.54996
Romania,ROU,1973,162.60078
Romania,ROU,1974,162.64598
Romania,ROU,1975,162.6853
Romania,ROU,1976,162.71815
Romania,ROU,1977,162.74454
Romania,ROU,1978,162.7645
Romania,ROU,1979,162.77864
Romania,ROU,1980,162.78922
Romania,ROU,1981,162.79726
Romania,ROU,1982,162.80396
Romania,ROU,1983,162.80997
Romania,ROU,1984,162.81467
Romania,ROU,1985,162.81754
Romania,ROU,1986,162.81812
Romania,ROU,1987,162.81537
Romania,ROU,1988,162.80902
Romania,ROU,1989,162.80002
Romania,ROU,1990,162.78899
Romania,ROU,1991,162.77757
Romania,ROU,1992,162.76611
Romania,ROU,1993,162.75511
Romania,ROU,1994,162.74492
Romania,ROU,1995,162.73494
Romania,ROU,1996,162.72511
Russia,RUS,1896,153.58667
Russia,RUS,1897,153.75305
Russia,RUS,1898,153.91978
Russia,RUS,1899,154.08667
Russia,RUS,1900,154.2535
Russia,RUS,1901,154.41983
Russia,RUS,1902,154.58586
Russia,RUS,1903,154.75102
Russia,RUS,1904,154.9151
Russia,RUS,1905,155.07802
Russia,RUS,1906,155.23991
Russia,RUS,1907,155.40097
Russia,RUS,1908,155.56117
Russia,RUS,1909,155.72012
Russia,RUS,1910,155.87874
Russia,RUS,1911,156.0381
Russia,RUS,1912,156.19948
Russia,RUS,1913,156.36348
Russia,RUS,1914,156.5302
Russia,RUS,1915,156.70006
Russia,RUS,1916,156.87267
Russia,RUS,1917,157.04785
Russia,RUS,1918,157.22348
Russia,RUS,1919,157.39679
Russia,RUS,1920,157.56712
Russia,RUS,1921,157.73314
Russia,RUS,1922,157.8939
Russia,RUS,1923,158.04797
Russia,RUS,1924,158.19493
Russia,RUS,1925,158.33583
Russia,RUS,1926,158.47208
Russia,RUS,1927,158.6044
Russia,RUS,1928,158.73361
Russia,RUS,1929,158.86008
Russia,RUS,1930,158.9857
Russia,RUS,1931,159.10991
Russia,RUS,1932,159.23404
Russia,RUS,1933,159.35884
Russia,RUS,1934,159.4858
Russia,RUS,1935,159.61496
Russia,RUS,1936,159.74626
Russia,RUS,1937,159.87938
Russia,RUS,1938,160.01385
Russia,RUS,1939,160.14897
Russia,RUS,1940,160.28465
Russia,RUS,1941,160.42068
Russia,RUS,1942,160.55644
Russia,RUS,1943,160.69154
Russia,RUS,1944,160.82608
Russia,RUS,1945,160.95973
Russia,RUS,1946,161.09207
Russia,RUS,1947,161.2223
Russia,RUS,1948,161.34952
Russia,RUS,1949,161.47437
Russia,RUS,1950,161.598
Russia,RUS,1951,161.72119
Russia,RUS,1952,161.84364
Russia,RUS,1953,161.96564
Russia,RUS,1954,162.08678
Russia,RUS,1955,162.2076
Russia,RUS,1956,162.32785
Russia,RUS,1957,162.44824
Russia,RUS,1958,162.56975
Russia,RUS,1959,162.69325
Russia,RUS,1960,162.81783
Russia,RUS,1961,162.94261
Russia,RUS,1962,163.06589
Russia,RUS,1963,163.18474
Russia,RUS,1964,163.29662
Russia,RUS,1965,163.40036
Russia,RUS,1966,163.49626
Russia,RUS,1967,163.58421
Russia,RUS,1968,163.66469
Russia,RUS,1969,163.73851
Russia,RUS,1970,163.80576
Russia,RUS,1971,163.86732
Russia,RUS,1972,163.92401
Russia,RUS,1973,163.97688
Russia,RUS,1974,164.0278
Russia,RUS,1975,164.07748
Russia,RUS,1976,164.12593
Russia,RUS,1977,164.17291
Russia,RUS,1978,164.21896
Russia,RUS,1979,164.26524
Russia,RUS,1980,164.31386
Russia,RUS,1981,164.36565
Russia,RUS,1982,164.42094
Russia,RUS,1983,164.48004
Russia,RUS,1984,164.54163
Russia,RUS,1985,164.60443
Russia,RUS,1986,164.66745
Russia,RUS,1987,164.72984
Russia,RUS,1988,164.79097
Russia,RUS,1989,164.85083
Russia,RUS,1990,164.9098
Russia,RUS,1991,164.96889
Russia,RUS,1992,165.02846
Russia,RUS,1993,165.08861
Russia,RUS,1994,165.14923
Russia,RUS,1995,165.20998
Russia,RUS,1996,165.2705
Rwanda,RWA,1896,152.26762
Rwanda,RWA,1897,152.39073
Rwanda,RWA,1898,152.514
Rwanda,RWA,1899,152.63737
Rwanda,RWA,1900,152.76048
Rwanda,RWA,1901,152.8831
Rwanda,RWA,1902,153.005
Rwanda,RWA,1903,153.12582
Rwanda,RWA,1904,153.24536
Rwanda,RWA,1905,153.36368
Rwanda,RWA,1906,153.48026
Rwanda,RWA,1907,153.59587
Rwanda,RWA,1908,153.71022
Rwanda,RWA,1909,153.82365
Rwanda,RWA,1910,153.93683
Rwanda,RWA,1911,154.05003
Rwanda,RWA,1912,154.1638
Rwanda,RWA,1913,154.27829
Rwanda,RWA,1914,154.39362
Rwanda,RWA,1915,154.50983
Rwanda,RWA,1916,154.62665
Rwanda,RWA,1917,154.74457
Rwanda,RWA,1918,154.86295
Rwanda,RWA,1919,154.98112
Rwanda,RWA,1920,155.09863
Rwanda,RWA,1921,155.2153
Rwanda,RWA,1922,155.33055
Rwanda,RWA,1923,155.4429
Rwanda,RWA,1924,155.55333
Rwanda,RWA,1925,155.6635
Rwanda,RWA,1926,155.77344
Rwanda,RWA,1927,155.88335
Rwanda,RWA,1928,155.99356
Rwanda,RWA,1929,156.10422
Rwanda,RWA,1930,156.21498
Rwanda,RWA,1931,156.32486
Rwanda,RWA,1932,156.43388
Rwanda,RWA,1933,156.54288
Rwanda,RWA,1934,156.65254
Rwanda,RWA,1935,156.7624
Rwanda,RWA,1936,156.87218
Rwanda,RWA,1937,156.98111
Rwanda,RWA,1938,157.08841
Rwanda,RWA,1939,157.19388
Rwanda,RWA,1940,157.2963
Rwanda,RWA,1941,157.3953
Rwanda,RWA,1942,157.49094
Rwanda,RWA,1943,157.58432
Rwanda,RWA,1944,157.67566
Rwanda,RWA,1945,157.7642
Rwanda,RWA,1946,157.85016
Rwanda,RWA,1947,157.93372
Rwanda,RWA,1948,158.01366
Rwanda,RWA,1949,158.0902
Rwanda,RWA,1950,158.16434
Rwanda,RWA,1951,158.23497
Rwanda,RWA,1952,158.30008
Rwanda,RWA,1953,158.3588
Rwanda,RWA,1954,158.40958
Rwanda,RWA,1955,158.45222
Rwanda,RWA,1956,158.48633
Rwanda,RWA,1957,158.51239
Rwanda,RWA,1958,158.53085
Rwanda,RWA,1959,158.54141
Rwanda,RWA,1960,158.54318
Rwanda,RWA,1961,158.53586
Rwanda,RWA,1962,158.51865
Rwanda,RWA,1963,158.49034
Rwanda,RWA,1964,158.44984
Rwanda,RWA,1965,158.3974
Rwanda,RWA,1966,158.33405
Rwanda,RWA,1967,158.26076
Rwanda,RWA,1968,158.17865
Rwanda,RWA,1969,158.08788
Rwanda,RWA,1970,157.98866
Rwanda,RWA,1971,157.88179
Rwanda,RWA,1972,157.76866
Rwanda,RWA,1973,157.65063
Rwanda,RWA,1974,157.52899
Rwanda,RWA,1975,157.40385
Rwanda,RWA,1976,157.27516
Rwanda,RWA,1977,157.14337
Rwanda,RWA,1978,157.0091
Rwanda,RWA,1979,156.87271
Rwanda,RWA,1980,156.7365
Rwanda,RWA,1981,156.60233
Rwanda,RWA,1982,156.47157
Rwanda,RWA,1983,156.34445
Rwanda,RWA,1984,156.22017
Rwanda,RWA,1985,156.09752
Rwanda,RWA,1986,155.97621
Rwanda,RWA,1987,155.85542
Rwanda,RWA,1988,155.7346
Rwanda,RWA,1989,155.61449
Rwanda,RWA,1990,155.49472
Rwanda,RWA,1991,155.37637
Rwanda,RWA,1992,155.25854
Rwanda,RWA,1993,155.14081
Rwanda,RWA,1994,155.02287
Rwanda,RWA,1995,154.90488
Rwanda,RWA,1996,154.78688
Saint Kitts and Nevis,KNA,1896,152.71869
Saint Kitts and Nevis,KNA,1897,152.92564
Saint Kitts and Nevis,KNA,1898,153.13326
Saint Kitts and Nevis,KNA,1899,153.34105
Saint Kitts and Nevis,KNA,1900,153.54823
Saint Kitts and Nevis,KNA,1901,153.75511
Saint Kitts and Nevis,KNA,1902,153.96129
Saint Kitts and Nevis,KNA,1903,154.16661
Saint Kitts and Nevis,KNA,1904,154.37045
Saint Kitts and Nevis,KNA,1905,154.57314
Saint Kitts and Nevis,KNA,1906,154.77434
Saint Kitts and Nevis,KNA,1907,154.97388
Saint Kitts and Nevis,KNA,1908,155.17256
Saint Kitts and Nevis,KNA,1909,155.36987
Saint Kitts and Nevis,KNA,1910,155.56657
Saint Kitts and Nevis,KNA,1911,155.76328
Saint Kitts and Nevis,KNA,1912,155.96043
Saint Kitts and Nevis,KNA,1913,156.15869
Saint Kitts and Nevis,KNA,1914,156.35771
Saint Kitts and Nevis,KNA,1915,156.55771
Saint Kitts and Nevis,KNA,1916,156.75867
Saint Kitts and Nevis,KNA,1917,156.96065
Saint Kitts and Nevis,KNA,1918,157.16273
Saint Kitts and Nevis,KNA,1919,157.36455
Saint Kitts and Nevis,KNA,1920,157.56613
Saint Kitts and Nevis,KNA,1921,157.76593
Saint Kitts and Nevis,KNA,1922,157.96303
Saint Kitts and Nevis,KNA,1923,158.15622
Saint Kitts and Nevis,KNA,1924,158.3452
Saint Kitts and Nevis,KNA,1925,158.53096
Saint Kitts and Nevis,KNA,1926,158.71321
Saint Kitts and Nevis,KNA,1927,158.89233
Saint Kitts and Nevis,KNA,1928,159.06819
Saint Kitts and Nevis,KNA,1929,159.24033
Saint Kitts and Nevis,KNA,1930,159.4079
Saint Kitts and Nevis,KNA,1931,159.56987
Saint Kitts and Nevis,KNA,1932,159.72499
Saint Kitts and Nevis,KNA,1933,159.87488
Saint Kitts and Nevis,KNA,1934,160.02058
Saint Kitts and Nevis,KNA,1935,160.1625
Saint Kitts and Nevis,KNA,1936,160.30095
Saint Kitts and Nevis,KNA,1937,160.43536
Saint Kitts and Nevis,KNA,1938,160.56526
Saint Kitts and Nevis,KNA,1939,160.68935
Saint Kitts and Nevis,KNA,1940,160.8074
Saint Kitts and Nevis,KNA,1941,160.91887
Saint Kitts and Nevis,KNA,1942,161.02379
Saint Kitts and Nevis,KNA,1943,161.12413
Saint Kitts and Nevis,KNA,1944,161.2202
Saint Kitts and Nevis,KNA,1945,161.31203
Saint Kitts and Nevis,KNA,1946,161.40015
Saint Kitts and Nevis,KNA,1947,161.484
Saint Kitts and Nevis,KNA,1948,161.563
Saint Kitts and Nevis,KNA,1949,161.63675
Saint Kitts and Nevis,KNA,1950,161.7042
Saint Kitts and Nevis,KNA,1951,161.76492
Saint Kitts and Nevis,KNA,1952,161.8176
Saint Kitts and Nevis,KNA,1953,161.86212
Saint Kitts and Nevis,KNA,1954,161.89827
Saint Kitts and Nevis,KNA,1955,161.92674
Saint Kitts and Nevis,KNA,1956,161.94797
Saint Kitts and Nevis,KNA,1957,161.96225
Saint Kitts and Nevis,KNA,1958,161.97058
Saint Kitts and Nevis,KNA,1959,161.97264
Saint Kitts and Nevis,KNA,1960,161.96848
Saint Kitts and Nevis,KNA,1961,161.95793
Saint Kitts and Nevis,KNA,1962,161.94092
Saint Kitts and Nevis,KNA,1963,161.91644
Saint Kitts and Nevis,KNA,1964,161.88335
Saint Kitts and Nevis,KNA,1965,161.84128
Saint Kitts and Nevis,KNA,1966,161.79033
Saint Kitts and Nevis,KNA,1967,161.73172
Saint Kitts and Nevis,KNA,1968,161.66689
Saint Kitts and Nevis,KNA,1969,161.59686
Saint Kitts and Nevis,KNA,1970,161.52267
Saint Kitts and Nevis,KNA,1971,161.44579
Saint Kitts and Nevis,KNA,1972,161.36717
Saint Kitts and Nevis,KNA,1973,161.28723
Saint Kitts and Nevis,KNA,1974,161.20708
Saint Kitts and Nevis,KNA,1975,161.1257
Saint Kitts and Nevis,KNA,1976,161.0422
Saint Kitts and Nevis,KNA,1977,160.95628
Saint Kitts and Nevis,KNA,1978,160.86882
Saint Kitts and Nevis,KNA,1979,160.78041
Saint Kitts and Nevis,KNA,1980,160.69247
Saint Kitts and Nevis,KNA,1981,160.6055
Saint Kitts and Nevis,KNA,1982,160.52003
Saint Kitts and Nevis,KNA,1983,160.43579
Saint Kitts and Nevis,KNA,1984,160.35217
Saint Kitts and Nevis,KNA,1985,160.26784
Saint Kitts and Nevis,KNA,1986,160.18117
Saint Kitts and Nevis,KNA,1987,160.09128
Saint Kitts and Nevis,KNA,1988,159.99744
Saint Kitts and Nevis,KNA,1989,159.9005
Saint Kitts and Nevis,KNA,1990,159.80098
Saint Kitts and Nevis,KNA,1991,159.70044
Saint Kitts and Nevis,KNA,1992,159.59964
Saint Kitts and Nevis,KNA,1993,159.49873
Saint Kitts and Nevis,KNA,1994,159.39806
Saint Kitts and Nevis,KNA,1995,159.29788
Saint Kitts and Nevis,KNA,1996,159.19788
Saint Lucia,LCA,1896,153.65926
Saint Lucia,LCA,1897,153.86472
Saint Lucia,LCA,1898,154.07057
Saint Lucia,LCA,1899,154.27644
Saint Lucia,LCA,1900,154.48192
Saint Lucia,LCA,1901,154.68724
Saint Lucia,LCA,1902,154.89168
Saint Lucia,LCA,1903,155.09517
Saint Lucia,LCA,1904,155.29727
Saint Lucia,LCA,1905,155.49838
Saint Lucia,LCA,1906,155.69789
Saint Lucia,LCA,1907,155.89618
Saint Lucia,LCA,1908,156.09367
Saint Lucia,LCA,1909,156.29013
Saint Lucia,LCA,1910,156.48596
Saint Lucia,LCA,1911,156.68219
Saint Lucia,LCA,1912,156.87898
Saint Lucia,LCA,1913,157.07697
Saint Lucia,LCA,1914,157.27592
Saint Lucia,LCA,1915,157.47562
Saint Lucia,LCA,1916,157.67642
Saint Lucia,LCA,1917,157.87846
Saint Lucia,LCA,1918,158.08084
Saint Lucia,LCA,1919,158.28331
Saint Lucia,LCA,1920,158.48575
Saint Lucia,LCA,1921,158.68694
Saint Lucia,LCA,1922,158.88565
Saint Lucia,LCA,1923,159.0809
Saint Lucia,LCA,1924,159.27272
Saint Lucia,LCA,1925,159.462
Saint Lucia,LCA,1926,159.6483
Saint Lucia,LCA,1927,159.83209
Saint Lucia,LCA,1928,160.01299
Saint Lucia,LCA,1929,160.1909
Saint Lucia,LCA,1930,160.36475
Saint Lucia,LCA,1931,160.53383
Saint Lucia,LCA,1932,160.69731
Saint Lucia,LCA,1933,160.85612
Saint Lucia,LCA,1934,161.01173
Saint Lucia,LCA,1935,161.1644
Saint Lucia,LCA,1936,161.31451
Saint Lucia,LCA,1937,161.46147
Saint Lucia,LCA,1938,161.60461
Saint Lucia,LCA,1939,161.74272
Saint Lucia,LCA,1940,161.87561
Saint Lucia,LCA,1941,162.00319
Saint Lucia,LCA,1942,162.12532
Saint Lucia,LCA,1943,162.24416
Saint Lucia,LCA,1944,162.35982
Saint Lucia,LCA,1945,162.47235
Saint Lucia,LCA,1946,162.58206
Saint Lucia,LCA,1947,162.68864
Saint Lucia,LCA,1948,162.79149
Saint Lucia,LCA,1949,162.89003
Saint Lucia,LCA,1950,162.9836
Saint Lucia,LCA,1951,163.07166
Saint Lucia,LCA,1952,163.15327
Saint Lucia,LCA,1953,163.2282
Saint Lucia,LCA,1954,163.29607
Saint Lucia,LCA,1955,163.35744
Saint Lucia,LCA,1956,163.41281
Saint Lucia,LCA,1957,163.46199
Saint Lucia,LCA,1958,163.50583
Saint Lucia,LCA,1959,163.54431
Saint Lucia,LCA,1960,163.57768
Saint Lucia,LCA,1961,163.60573
Saint Lucia,LCA,1962,163.62852
Saint Lucia,LCA,1963,163.64442
Saint Lucia,LCA,1964,163.65234
Saint Lucia,LCA,1965,163.65202
Saint Lucia,LCA,1966,163.64375
Saint Lucia,LCA,1967,163.6283
Saint Lucia,LCA,1968,163.60709
Saint Lucia,LCA,1969,163.58113
Saint Lucia,LCA,1970,163.55096
Saint Lucia,LCA,1971,163.51822
Saint Lucia,LCA,1972,163.4837
Saint Lucia,LCA,1973,163.44794
Saint Lucia,LCA,1974,163.41167
Saint Lucia,LCA,1975,163.37415
Saint Lucia,LCA,1976,163.33443
Saint Lucia,LCA,1977,163.2925
Saint Lucia,LCA,1978,163.24854
Saint Lucia,LCA,1979,163.20299
Saint Lucia,LCA,1980,163.15747
Saint Lucia,LCA,1981,163.1125
Saint Lucia,LCA,1982,163.06842
Saint Lucia,LCA,1983,163.02548
Saint Lucia,LCA,1984,162.9826
Saint Lucia,LCA,1985,162.9385
Saint Lucia,LCA,1986,162.8921
Saint Lucia,LCA,1987,162.84265
Saint Lucia,LCA,1988,162.78929
Saint Lucia,LCA,1989,162.73296
Saint Lucia,LCA,1990,162.67404
Saint Lucia,LCA,1991,162.61392
Saint Lucia,LCA,1992,162.55377
Saint Lucia,LCA,1993,162.49367
Saint Lucia,LCA,1994,162.43362
Saint Lucia,LCA,1995,162.374
Saint Lucia,LCA,1996,162.31439
Saint Vincent and the Grenadines,VCT,1896,150.56184
Saint Vincent and the Grenadines,VCT,1897,150.75386
Saint Vincent and the Grenadines,VCT,1898,150.94638
Saint Vincent and the Grenadines,VCT,1899,151.13928
Saint Vincent and the Grenadines,VCT,1900,151.33179
Saint Vincent and the Grenadines,VCT,1901,151.52396
Saint Vincent and the Grenadines,VCT,1902,151.71529
Saint Vincent and the Grenadines,VCT,1903,151.90591
Saint Vincent and the Grenadines,VCT,1904,152.09515
Saint Vincent and the Grenadines,VCT,1905,152.28331
Saint Vincent and the Grenadines,VCT,1906,152.47041
Saint Vincent and the Grenadines,VCT,1907,152.65622
Saint Vincent and the Grenadines,VCT,1908,152.84131
Saint Vincent and the Grenadines,VCT,1909,153.02551
Saint Vincent and the Grenadines,VCT,1910,153.2096
Saint Vincent and the Grenadines,VCT,1911,153.39421
Saint Vincent and the Grenadines,VCT,1912,153.57953
Saint Vincent and the Grenadines,VCT,1913,153.76627
Saint Vincent and the Grenadines,VCT,1914,153.95404
Saint Vincent and the Grenadines,VCT,1915,154.14313
Saint Vincent and the Grenadines,VCT,1916,154.33368
Saint Vincent and the Grenadines,VCT,1917,154.52594
Saint Vincent and the Grenadines,VCT,1918,154.71915
Saint Vincent and the Grenadines,VCT,1919,154.91295
Saint Vincent and the Grenadines,VCT,1920,155.10736
Saint Vincent and the Grenadines,VCT,1921,155.30078
Saint Vincent and the Grenadines,VCT,1922,155.49226
Saint Vincent and the Grenadines,VCT,1923,155.68073
Saint Vincent and the Grenadines,VCT,1924,155.86618
Saint Vincent and the Grenadines,VCT,1925,156.04909
Saint Vincent and the Grenadines,VCT,1926,156.22966
Saint Vincent and the Grenadines,VCT,1927,156.40813
Saint Vincent and the Grenadines,VCT,1928,156.5842
Saint Vincent and the Grenadines,VCT,1929,156.75787
Saint Vincent and the Grenadines,VCT,1930,156.92848
Saint Vincent and the Grenadines,VCT,1931,157.09471
Saint Vincent and the Grenadines,VCT,1932,157.2558
Saint Vincent and the Grenadines,VCT,1933,157.41315
Saint Vincent and the Grenadines,VCT,1934,157.5679
Saint Vincent and the Grenadines,VCT,1935,157.72046
Saint Vincent and the Grenadines,VCT,1936,157.87114
Saint Vincent and the Grenadines,VCT,1937,158.01938
Saint Vincent and the Grenadines,VCT,1938,158.16513
Saint Vincent and the Grenadines,VCT,1939,158.3073
Saint Vincent and the Grenadines,VCT,1940,158.44513
Saint Vincent and the Grenadines,VCT,1941,158.57843
Saint Vincent and the Grenadines,VCT,1942,158.70744
Saint Vincent and the Grenadines,VCT,1943,158.83429
Saint Vincent and the Grenadines,VCT,1944,158.95915
Saint Vincent and the Grenadines,VCT,1945,159.08226
Saint Vincent and the Grenadines,VCT,1946,159.20386
Saint Vincent and the Grenadines,VCT,1947,159.32352
Saint Vincent and the Grenadines,VCT,1948,159.44072
Saint Vincent and the Grenadines,VCT,1949,159.55539
Saint Vincent and the Grenadines,VCT,1950,159.66652
Saint Vincent and the Grenadines,VCT,1951,159.77325
Saint Vincent and the Grenadines,VCT,1952,159.87474
Saint Vincent and the Grenadines,VCT,1953,159.97101
Saint Vincent and the Grenadines,VCT,1954,160.06148
Saint Vincent and the Grenadines,VCT,1955,160.14694
Saint Vincent and the Grenadines,VCT,1956,160.22736
Saint Vincent and the Grenadines,VCT,1957,160.30298
Saint Vincent and the Grenadines,VCT,1958,160.37463
Saint Vincent and the Grenadines,VCT,1959,160.4423
Saint Vincent and the Grenadines,VCT,1960,160.50598
Saint Vincent and the Grenadines,VCT,1961,160.56541
Saint Vincent and the Grenadines,VCT,1962,160.62045
Saint Vincent and the Grenadines,VCT,1963,160.66977
Saint Vincent and the Grenadines,VCT,1964,160.71188
Saint Vincent and the Grenadines,VCT,1965,160.7465
Saint Vincent and the Grenadines,VCT,1966,160.77396
Saint Vincent and the Grenadines,VCT,1967,160.79515
Saint Vincent and the Grenadines,VCT,1968,160.8107
Saint Vincent and the Grenadines,VCT,1969,160.82211
Saint Vincent and the Grenadines,VCT,1970,160.83017
Saint Vincent and the Grenadines,VCT,1971,160.83626
Saint Vincent and the Grenadines,VCT,1972,160.84132
Saint Vincent and the Grenadines,VCT,1973,160.84546
Saint Vincent and the Grenadines,VCT,1974,160.8495
Saint Vincent and the Grenadines,VCT,1975,160.85268
Saint Vincent and the Grenadines,VCT,1976,160.85416
Saint Vincent and the Grenadines,VCT,1977,160.85352
Saint Vincent and the Grenadines,VCT,1978,160.85141
Saint Vincent and the Grenadines,VCT,1979,160.84822
Saint Vincent and the Grenadines,VCT,1980,160.84503
Saint Vincent and the Grenadines,VCT,1981,160.84308
Saint Vincent and the Grenadines,VCT,1982,160.8422
Saint Vincent and the Grenadines,VCT,1983,160.84233
Saint Vincent and the Grenadines,VCT,1984,160.84291
Saint Vincent and the Grenadines,VCT,1985,160.84248
Saint Vincent and the Grenadines,VCT,1986,160.8397
Saint Vincent and the Grenadines,VCT,1987,160.83395
Saint Vincent and the Grenadines,VCT,1988,160.8242
Saint Vincent and the Grenadines,VCT,1989,160.81145
Saint Vincent and the Grenadines,VCT,1990,160.79619
Saint Vincent and the Grenadines,VCT,1991,160.77997
Saint Vincent and the Grenadines,VCT,1992,160.76328
Saint Vincent and the Grenadines,VCT,1993,160.74641
Saint Vincent and the Grenadines,VCT,1994,160.72957
Saint Vincent and the Grenadines,VCT,1995,160.71295
Saint Vincent and the Grenadines,VCT,1996,160.69633
Samoa,WSM,1896,157.20734
Samoa,WSM,1897,157.30586
Samoa,WSM,1898,157.40468
Samoa,WSM,1899,157.50346
Samoa,WSM,1900,157.60165
Samoa,WSM,1901,157.6989
Samoa,WSM,1902,157.79478
Samoa,WSM,1903,157.8884
Samoa,WSM,1904,157.97978
Samoa,WSM,1905,158.06842
Samoa,WSM,1906,158.15416
Samoa,WSM,1907,158.23682
Samoa,WSM,1908,158.3163
Samoa,WSM,1909,158.39273
Samoa,WSM,1910,158.46648
Samoa,WSM,1911,158.53827
Samoa,WSM,1912,158.60841
Samoa,WSM,1913,158.67642
Samoa,WSM,1914,158.7424
Samoa,WSM,1915,158.80646
Samoa,WSM,1916,158.8689
Samoa,WSM,1917,158.92908
Samoa,WSM,1918,158.98705
Samoa,WSM,1919,159.04237
Samoa,WSM,1920,159.09518
Samoa,WSM,1921,159.14513
Samoa,WSM,1922,159.19202
Samoa,WSM,1923,159.2356
Samoa,WSM,1924,159.27625
Samoa,WSM,1925,159.31502
Samoa,WSM,1926,159.35269
Samoa,WSM,1927,159.3889
Samoa,WSM,1928,159.42389
Samoa,WSM,1929,159.45776
Samoa,WSM,1930,159.49055
Samoa,WSM,1931,159.52126
Samoa,WSM,1932,159.5497
Samoa,WSM,1933,159.577
Samoa,WSM,1934,159.60437
Samoa,WSM,1935,159.6323
Samoa,WSM,1936,159.66122
Samoa,WSM,1937,159.69096
Samoa,WSM,1938,159.7215
Samoa,WSM,1939,159.75336
Samoa,WSM,1940,159.78633
Samoa,WSM,1941,159.82056
Samoa,WSM,1942,159.85695
Samoa,WSM,1943,159.89699
Samoa,WSM,1944,159.94112
Samoa,WSM,1945,159.98999
Samoa,WSM,1946,160.04388
Samoa,WSM,1947,160.10248
Samoa,WSM,1948,160.1653
Samoa,WSM,1949,160.23244
Samoa,WSM,1950,160.30405
Samoa,WSM,1951,160.38042
Samoa,WSM,1952,160.46027
Samoa,WSM,1953,160.54329
Samoa,WSM,1954,160.6291
Samoa,WSM,1955,160.71759
Samoa,WSM,1956,160.80849
Samoa,WSM,1957,160.90201
Samoa,WSM,1958,160.99792
Samoa,WSM,1959,161.09552
Samoa,WSM,1960,161.19427
Samoa,WSM,1961,161.29352
Samoa,WSM,1962,161.39221
Samoa,WSM,1963,161.48875
Samoa,WSM,1964,161.58125
Samoa,WSM,1965,161.66862
Samoa,WSM,1966,161.75063
Samoa,WSM,1967,161.82791
Samoa,WSM,1968,161.90007
Samoa,WSM,1969,161.96703
Samoa,WSM,1970,162.02858
Samoa,WSM,1971,162.08449
Samoa,WSM,1972,162.13435
Samoa,WSM,1973,162.17818
Samoa,WSM,1974,162.21597
Samoa,WSM,1975,162.2469
Samoa,WSM,1976,162.27039
Samoa,WSM,1977,162.28581
Samoa,WSM,1978,162.29411
Samoa,WSM,1979,162.29584
Samoa,WSM,1980,162.2929
Samoa,WSM,1981,162.28606
Samoa,WSM,1982,162.27684
Samoa,WSM,1983,162.26564
Samoa,WSM,1984,162.25244
Samoa,WSM,1985,162.23715
Samoa,WSM,1986,162.21957
Samoa,WSM,1987,162.19925
Samoa,WSM,1988,162.17618
Samoa,WSM,1989,162.1517
Samoa,WSM,1990,162.12589
Samoa,WSM,1991,162.09964
Samoa,WSM,1992,162.07314
Samoa,WSM,1993,162.04659
Samoa,WSM,1994,162.01967
Samoa,WSM,1995,161.99266
Samoa,WSM,1996,161.96587
Sao Tome and Principe,STP,1896,152.88612
Sao Tome and Principe,STP,1897,152.9836
Sao Tome and Principe,STP,1898,153.08115
Sao Tome and Principe,STP,1899,153.1785
Sao Tome and Principe,STP,1900,153.27559
Sao Tome and Principe,STP,1901,153.37254
Sao Tome and Principe,STP,1902,153.46922
Sao Tome and Principe,STP,1903,153.56505
Sao Tome and Principe,STP,1904,153.65968
Sao Tome and Principe,STP,1905,153.75357
Sao Tome and Principe,STP,1906,153.8465
Sao Tome and Principe,STP,1907,153.93855
Sao Tome and Principe,STP,1908,154.0295
Sao Tome and Principe,STP,1909,154.11964
Sao Tome and Principe,STP,1910,154.20996
Sao Tome and Principe,STP,1911,154.30075
Sao Tome and Principe,STP,1912,154.39323
Sao Tome and Principe,STP,1913,154.48686
Sao Tome and Principe,STP,1914,154.58177
Sao Tome and Principe,STP,1915,154.67834
Sao Tome and Principe,STP,1916,154.77617
Sao Tome and Principe,STP,1917,154.87561
Sao Tome and Principe,STP,1918,154.97661
Sao Tome and Principe,STP,1919,155.07843
Sao Tome and Principe,STP,1920,155.18146
Sao Tome and Principe,STP,1921,155.28482
Sao Tome and Principe,STP,1922,155.38795
Sao Tome and Principe,STP,1923,155.48994
Sao Tome and Principe,STP,1924,155.59169
Sao Tome and Principe,STP,1925,155.69432
Sao Tome and Principe,STP,1926,155.79842
Sao Tome and Principe,STP,1927,155.90433
Sao Tome and Principe,STP,1928,156.01302
Sao Tome and Principe,STP,1929,156.12456
Sao Tome and Principe,STP,1930,156.23886
Sao Tome and Principe,STP,1931,156.35536
Sao Tome and Principe,STP,1932,156.47433
Sao Tome and Principe,STP,1933,156.5965
Sao Tome and Principe,STP,1934,156.72275
Sao Tome and Principe,STP,1935,156.85266
Sao Tome and Principe,STP,1936,156.98602
Sao Tome and Principe,STP,1937,157.12267
Sao Tome and Principe,STP,1938,157.26164
Sao Tome and Principe,STP,1939,157.40277
Sao Tome and Principe,STP,1940,157.54501
Sao Tome and Principe,STP,1941,157.68799
Sao Tome and Principe,STP,1942,157.83101
Sao Tome and Principe,STP,1943,157.97493
Sao Tome and Principe,STP,1944,158.12007
Sao Tome and Principe,STP,1945,158.26587
Sao Tome and Principe,STP,1946,158.41156
Sao Tome and Principe,STP,1947,158.55696
Sao Tome and Principe,STP,1948,158.70003
Sao Tome and Principe,STP,1949,158.83951
Sao Tome and Principe,STP,1950,158.97505
Sao Tome and Principe,STP,1951,159.10529
Sao Tome and Principe,STP,1952,159.22804
Sao Tome and Principe,STP,1953,159.34221
Sao Tome and Principe,STP,1954,159.44658
Sao Tome and Principe,STP,1955,159.54112
Sao Tome and Principe,STP,1956,159.62642
Sao Tome and Principe,STP,1957,159.70403
Sao Tome and Principe,STP,1958,159.7753
Sao Tome and Principe,STP,1959,159.84056
Sao Tome and Principe,STP,1960,159.90048
Sao Tome and Principe,STP,1961,159.9557
Sao Tome and Principe,STP,1962,160.00586
Sao Tome and Principe,STP,1963,160.04979
Sao Tome and Principe,STP,1964,160.08632
Sao Tome and Principe,STP,1965,160.11545
Sao Tome and Principe,STP,1966,160.13806
Sao Tome and Principe,STP,1967,160.15463
Sao Tome and Principe,STP,1968,160.165
Sao Tome and Principe,STP,1969,160.16922
Sao Tome and Principe,STP,1970,160.16676
Sao Tome and Principe,STP,1971,160.15724
Sao Tome and Principe,STP,1972,160.14084
Sao Tome and Principe,STP,1973,160.11806
Sao Tome and Principe,STP,1974,160.09071
Sao Tome and Principe,STP,1975,160.05898
Sao Tome and Principe,STP,1976,160.02231
Sao Tome and Principe,STP,1977,159.98073
Sao Tome and Principe,STP,1978,159.93404
Sao Tome and Principe,STP,1979,159.88246
Sao Tome and Principe,STP,1980,159.82848
Sao Tome and Principe,STP,1981,159.77354
Sao Tome and Principe,STP,1982,159.71872
Sao Tome and Principe,STP,1983,159.66423
Sao Tome and Principe,STP,1984,159.61023
Sao Tome and Principe,STP,1985,159.5563
Sao Tome and Principe,STP,1986,159.50179
Sao Tome and Principe,STP,1987,159.44547
Sao Tome and Principe,STP,1988,159.38708
Sao Tome and Principe,STP,1989,159.32755
Sao Tome and Principe,STP,1990,159.26724
Sao Tome and Principe,STP,1991,159.2077
Sao Tome and Principe,STP,1992,159.14851
Sao Tome and Principe,STP,1993,159.08885
Sao Tome and Principe,STP,1994,159.02829
Sao Tome and Principe,STP,1995,158.96736
Sao Tome and Principe,STP,1996,158.9062
Saudi Arabia,SAU,1896,149.11774
Saudi Arabia,SAU,1897,149.25336
Saudi Arabia,SAU,1898,149.38899
Saudi Arabia,SAU,1899,149.52498
Saudi Arabia,SAU,1900,149.66107
Saudi Arabia,SAU,1901,149.79666
Saudi Arabia,SAU,1902,149.93178
Saudi Arabia,SAU,1903,150.06593
Saudi Arabia,SAU,1904,150.1988
Saudi Arabia,SAU,1905,150.33093
Saudi Arabia,SAU,1906,150.46234
Saudi Arabia,SAU,1907,150.59291
Saudi Arabia,SAU,1908,150.72273
Saudi Arabia,SAU,1909,150.85176
Saudi Arabia,SAU,1910,150.98032
Saudi Arabia,SAU,1911,151.10934
Saudi Arabia,SAU,1912,151.23914
Saudi Arabia,SAU,1913,151.37001
Saudi Arabia,SAU,1914,151.50157
Saudi Arabia,SAU,1915,151.63426
Saudi Arabia,SAU,1916,151.76814
Saudi Arabia,SAU,1917,151.90341
Saudi Arabia,SAU,1918,152.04025
Saudi Arabia,SAU,1919,152.17747
Saudi Arabia,SAU,1920,152.31459
Saudi Arabia,SAU,1921,152.45047
Saudi Arabia,SAU,1922,152.58481
Saudi Arabia,SAU,1923,152.71637
Saudi Arabia,SAU,1924,152.84561
Saudi Arabia,SAU,1925,152.97298
Saudi Arabia,SAU,1926,153.09818
Saudi Arabia,SAU,1927,153.22163
Saudi Arabia,SAU,1928,153.34325
Saudi Arabia,SAU,1929,153.46371
Saudi Arabia,SAU,1930,153.58386
Saudi Arabia,SAU,1931,153.70256
Saudi Arabia,SAU,1932,153.82033
Saudi Arabia,SAU,1933,153.93777
Saudi Arabia,SAU,1934,154.05556
Saudi Arabia,SAU,1935,154.17273
Saudi Arabia,SAU,1936,154.28888
Saudi Arabia,SAU,1937,154.40291
Saudi Arabia,SAU,1938,154.51381
Saudi Arabia,SAU,1939,154.62181
Saudi Arabia,SAU,1940,154.72641
Saudi Arabia,SAU,1941,154.82776
Saudi Arabia,SAU,1942,154.92589
Saudi Arabia,SAU,1943,155.02223
Saudi Arabia,SAU,1944,155.11722
Saudi Arabia,SAU,1945,155.21107
Saudi Arabia,SAU,1946,155.30382
Saudi Arabia,SAU,1947,155.3951
Saudi Arabia,SAU,1948,155.48386
Saudi Arabia,SAU,1949,155.5701
Saudi Arabia,SAU,1950,155.6538
Saudi Arabia,SAU,1951,155.73521
Saudi Arabia,SAU,1952,155.81291
Saudi Arabia,SAU,1953,155.88725
Saudi Arabia,SAU,1954,155.95769
Saudi Arabia,SAU,1955,156.02444
Saudi Arabia,SAU,1956,156.08705
Saudi Arabia,SAU,1957,156.14627
Saudi Arabia,SAU,1958,156.20244
Saudi Arabia,SAU,1959,156.2546
Saudi Arabia,SAU,1960,156.3033
Saudi Arabia,SAU,1961,156.34831
Saudi Arabia,SAU,1962,156.3888
Saudi Arabia,SAU,1963,156.4233
Saudi Arabia,SAU,1964,156.45164
Saudi Arabia,SAU,1965,156.47427
Saudi Arabia,SAU,1966,156.49313
Saudi Arabia,SAU,1967,156.50912
Saudi Arabia,SAU,1968,156.522
Saudi Arabia,SAU,1969,156.53069
Saudi Arabia,SAU,1970,156.53523
Saudi Arabia,SAU,1971,156.5359
Saudi Arabia,SAU,1972,156.5324
Saudi Arabia,SAU,1973,156.52518
Saudi Arabia,SAU,1974,156.51616
Saudi Arabia,SAU,1975,156.50443
Saudi Arabia,SAU,1976,156.4901
Saudi Arabia,SAU,1977,156.47185
Saudi Arabia,SAU,1978,156.44995
Saudi Arabia,SAU,1979,156.42546
Saudi Arabia,SAU,1980,156.39973
Saudi Arabia,SAU,1981,156.37395
Saudi Arabia,SAU,1982,156.34915
Saudi Arabia,SAU,1983,156.32552
Saudi Arabia,SAU,1984,156.3022
Saudi Arabia,SAU,1985,156.27875
Saudi Arabia,SAU,1986,156.25372
Saudi Arabia,SAU,1987,156.2266
Saudi Arabia,SAU,1988,156.19627
Saudi Arabia,SAU,1989,156.16298
Saudi Arabia,SAU,1990,156.12633
Saudi Arabia,SAU,1991,156.08809
Saudi Arabia,SAU,1992,156.04857
Saudi Arabia,SAU,1993,156.00826
Saudi Arabia,SAU,1994,155.9661
Saudi Arabia,SAU,1995,155.92337
Saudi Arabia,SAU,1996,155.88075
Senegal,SEN,1896,156.94025
Senegal,SEN,1897,157.03908
Senegal,SEN,1898,157.1382
Senegal,SEN,1899,157.23732
Senegal,SEN,1900,157.33667
Senegal,SEN,1901,157.43568
Senegal,SEN,1902,157.53433
Senegal,SEN,1903,157.63228
Senegal,SEN,1904,157.72916
Senegal,SEN,1905,157.82509
Senegal,SEN,1906,157.9203
Senegal,SEN,1907,158.01434
Senegal,SEN,1908,158.10739
Senegal,SEN,1909,158.19989
Senegal,SEN,1910,158.29227
Senegal,SEN,1911,158.38535
Senegal,SEN,1912,158.4796
Senegal,SEN,1913,158.57495
Senegal,SEN,1914,158.67157
Senegal,SEN,1915,158.76964
Senegal,SEN,1916,158.86876
Senegal,SEN,1917,158.96965
Senegal,SEN,1918,159.07196
Senegal,SEN,1919,159.17505
Senegal,SEN,1920,159.27895
Senegal,SEN,1921,159.3827
Senegal,SEN,1922,159.48586
Senegal,SEN,1923,159.58751
Senegal,SEN,1924,159.68814
Senegal,SEN,1925,159.78947
Senegal,SEN,1926,159.89183
Senegal,SEN,1927,159.99559
Senegal,SEN,1928,160.10164
Senegal,SEN,1929,160.21022
Senegal,SEN,1930,160.32146
Senegal,SEN,1931,160.43417
Senegal,SEN,1932,160.54845
Senegal,SEN,1933,160.6651
Senegal,SEN,1934,160.78503
Senegal,SEN,1935,160.9079
Senegal,SEN,1936,161.03362
Senegal,SEN,1937,161.16173
Senegal,SEN,1938,161.29138
Senegal,SEN,1939,161.4222
Senegal,SEN,1940,161.55339
Senegal,SEN,1941,161.68433
Senegal,SEN,1942,161.8145
Senegal,SEN,1943,161.9448
Senegal,SEN,1944,162.07532
Senegal,SEN,1945,162.20511
Senegal,SEN,1946,162.33379
Senegal,SEN,1947,162.4608
Senegal,SEN,1948,162.58452
Senegal,SEN,1949,162.70363
Senegal,SEN,1950,162.81795
Senegal,SEN,1951,162.92628
Senegal,SEN,1952,163.02652
Senegal,SEN,1953,163.1177
Senegal,SEN,1954,163.19894
Senegal,SEN,1955,163.27025
Senegal,SEN,1956,163.33243
Senegal,SEN,1957,163.38669
Senegal,SEN,1958,163.4344
Senegal,SEN,1959,163.47612
Senegal,SEN,1960,163.51288
Senegal,SEN,1961,163.54492
Senegal,SEN,1962,163.57253
Senegal,SEN,1963,163.59418
Senegal,SEN,1964,163.60866
Senegal,SEN,1965,163.61636
Senegal,SEN,1966,163.61787
Senegal,SEN,1967,163.6143
Senegal,SEN,1968,163.6057
Senegal,SEN,1969,163.59224
Senegal,SEN,1970,163.57364
Senegal,SEN,1971,163.54973
Senegal,SEN,1972,163.52112
Senegal,SEN,1973,163.48825
Senegal,SEN,1974,163.45306
Senegal,SEN,1975,163.41573
Senegal,SEN,1976,163.37622
Senegal,SEN,1977,163.3343
Senegal,SEN,1978,163.28947
Senegal,SEN,1979,163.24205
Senegal,SEN,1980,163.19452
Senegal,SEN,1981,163.14784
Senegal,SEN,1982,163.10327
Senegal,SEN,1983,163.06078
Senegal,SEN,1984,163.02008
Senegal,SEN,1985,162.98041
Senegal,SEN,1986,162.94098
Senegal,SEN,1987,162.90045
Senegal,SEN,1988,162.85858
Senegal,SEN,1989,162.81613
Senegal,SEN,1990,162.77322
Senegal,SEN,1991,162.73114
Senegal,SEN,1992,162.68951
Senegal,SEN,1993,162.6473
Senegal,SEN,1994,162.6041
Senegal,SEN,1995,162.56058
Senegal,SEN,1996,162.51677
Serbia,SRB,1896,151.99515
Serbia,SRB,1897,152.2278
Serbia,SRB,1898,152.46071
Serbia,SRB,1899,152.69377
Serbia,SRB,1900,152.92691
Serbia,SRB,1901,153.1595
Serbia,SRB,1902,153.39154
Serbia,SRB,1903,153.62259
Serbia,SRB,1904,153.85216
Serbia,SRB,1905,154.08078
Serbia,SRB,1906,154.30856
Serbia,SRB,1907,154.53531
Serbia,SRB,1908,154.76143
Serbia,SRB,1909,154.98668
Serbia,SRB,1910,155.21175
Serbia,SRB,1911,155.4371
Serbia,SRB,1912,155.66394
Serbia,SRB,1913,155.8924
Serbia,SRB,1914,156.12216
Serbia,SRB,1915,156.35367
Serbia,SRB,1916,156.5865
Serbia,SRB,1917,156.82138
Serbia,SRB,1918,157.05696
Serbia,SRB,1919,157.29192
Serbia,SRB,1920,157.52548
Serbia,SRB,1921,157.75629
Serbia,SRB,1922,157.98375
Serbia,SRB,1923,158.2066
Serbia,SRB,1924,158.42526
Serbia,SRB,1925,158.64061
Serbia,SRB,1926,158.8528
Serbia,SRB,1927,159.0619
Serbia,SRB,1928,159.26872
Serbia,SRB,1929,159.47375
Serbia,SRB,1930,159.67763
Serbia,SRB,1931,159.87901
Serbia,SRB,1932,160.07835
Serbia,SRB,1933,160.27618
Serbia,SRB,1934,160.47342
Serbia,SRB,1935,160.66972
Serbia,SRB,1936,160.86478
Serbia,SRB,1937,161.05864
Serbia,SRB,1938,161.25102
Serbia,SRB,1939,161.44154
Serbia,SRB,1940,161.62935
Serbia,SRB,1941,161.81339
Serbia,SRB,1942,161.9936
Serbia,SRB,1943,162.17052
Serbia,SRB,1944,162.34447
Serbia,SRB,1945,162.51633
Serbia,SRB,1946,162.68607
Serbia,SRB,1947,162.8532
Serbia,SRB,1948,163.01717
Serbia,SRB,1949,163.17839
Serbia,SRB,1950,163.33737
Serbia,SRB,1951,163.49467
Serbia,SRB,1952,163.64993
Serbia,SRB,1953,163.80362
Serbia,SRB,1954,163.95567
Serbia,SRB,1955,164.10678
Serbia,SRB,1956,164.25734
Serbia,SRB,1957,164.408
Serbia,SRB,1958,164.55968
Serbia,SRB,1959,164.71243
Serbia,SRB,1960,164.86623
Serbia,SRB,1961,165.0207
Serbia,SRB,1962,165.17427
Serbia,SRB,1963,165.32437
Serbia,SRB,1964,165.4693
Serbia,SRB,1965,165.60768
Serbia,SRB,1966,165.73979
Serbia,SRB,1967,165.86609
Serbia,SRB,1968,165.98611
Serbia,SRB,1969,166.10007
Serbia,SRB,1970,166.20757
Serbia,SRB,1971,166.30913
Serbia,SRB,1972,166.40436
Serbia,SRB,1973,166.49385
Serbia,SRB,1974,166.57796
Serbia,SRB,1975,166.65668
Serbia,SRB,1976,166.72946
Serbia,SRB,1977,166.79614
Serbia,SRB,1978,166.85655
Serbia,SRB,1979,166.9115
Serbia,SRB,1980,166.96353
Serbia,SRB,1981,167.014
Serbia,SRB,1982,167.06403
Serbia,SRB,1983,167.11446
Serbia,SRB,1984,167.16472
Serbia,SRB,1985,167.21419
Serbia,SRB,1986,167.26228
Serbia,SRB,1987,167.30782
Serbia,SRB,1988,167.35089
Serbia,SRB,1989,167.3929
Serbia,SRB,1990,167.43379
Serbia,SRB,1991,167.47495
Serbia,SRB,1992,167.51663
Serbia,SRB,1993,167.55927
Serbia,SRB,1994,167.60262
Serbia,SRB,1995,167.6465
Serbia,SRB,1996,167.6902
Seychelles,SYC,1896,155.45122
Seychelles,SYC,1897,155.54083
Seychelles,SYC,1898,155.6311
Seychelles,SYC,1899,155.72122
Seychelles,SYC,1900,155.81117
Seychelles,SYC,1901,155.90073
Seychelles,SYC,1902,155.98978
Seychelles,SYC,1903,156.07751
Seychelles,SYC,1904,156.16422
Seychelles,SYC,1905,156.24963
Seychelles,SYC,1906,156.3335
Seychelles,SYC,1907,156.41655
Seychelles,SYC,1908,156.49858
Seychelles,SYC,1909,156.57991
Seychelles,SYC,1910,156.66107
Seychelles,SYC,1911,156.74286
Seychelles,SYC,1912,156.82521
Seychelles,SYC,1913,156.90843
Seychelles,SYC,1914,156.99268
Seychelles,SYC,1915,157.07848
Seychelles,SYC,1916,157.1653
Seychelles,SYC,1917,157.25351
Seychelles,SYC,1918,157.34245
Seychelles,SYC,1919,157.43172
Seychelles,SYC,1920,157.52103
Seychelles,SYC,1921,157.6098
Seychelles,SYC,1922,157.69778
Seychelles,SYC,1923,157.78372
Seychelles,SYC,1924,157.86832
Seychelles,SYC,1925,157.95294
Seychelles,SYC,1926,158.03815
Seychelles,SYC,1927,158.12411
Seychelles,SYC,1928,158.21132
Seychelles,SYC,1929,158.30014
Seychelles,SYC,1930,158.39029
Seychelles,SYC,1931,158.48065
Seychelles,SYC,1932,158.5719
Seychelles,SYC,1933,158.66486
Seychelles,SYC,1934,158.76054
Seychelles,SYC,1935,158.85817
Seychelles,SYC,1936,158.95747
Seychelles,SYC,1937,159.05801
Seychelles,SYC,1938,159.15887
Seychelles,SYC,1939,159.26
Seychelles,SYC,1940,159.35994
Seychelles,SYC,1941,159.45885
Seychelles,SYC,1942,159.55669
Seychelles,SYC,1943,159.65465
Seychelles,SYC,1944,159.75331
Seychelles,SYC,1945,159.85217
Seychelles,SYC,1946,159.95181
Seychelles,SYC,1947,160.05272
Seychelles,SYC,1948,160.15404
Seychelles,SYC,1949,160.25633
Seychelles,SYC,1950,160.36089
Seychelles,SYC,1951,160.4668
Seychelles,SYC,1952,160.57224
Seychelles,SYC,1953,160.67665
Seychelles,SYC,1954,160.77898
Seychelles,SYC,1955,160.8786
Seychelles,SYC,1956,160.97507
Seychelles,SYC,1957,161.06876
Seychelles,SYC,1958,161.16
Seychelles,SYC,1959,161.24823
Seychelles,SYC,1960,161.3328
Seychelles,SYC,1961,161.41367
Seychelles,SYC,1962,161.4899
Seychelles,SYC,1963,161.5599
Seychelles,SYC,1964,161.6222
Seychelles,SYC,1965,161.6772
Seychelles,SYC,1966,161.72525
Seychelles,SYC,1967,161.76733
Seychelles,SYC,1968,161.80365
Seychelles,SYC,1969,161.83458
Seychelles,SYC,1970,161.85986
Seychelles,SYC,1971,161.88007
Seychelles,SYC,1972,161.89629
Seychelles,SYC,1973,161.90962
Seychelles,SYC,1974,161.92102
Seychelles,SYC,1975,161.93004
Seychelles,SYC,1976,161.93643
Seychelles,SYC,1977,161.94012
Seychelles,SYC,1978,161.94177
Seychelles,SYC,1979,161.94138
Seychelles,SYC,1980,161.94043
Seychelles,SYC,1981,161.94037
Seychelles,SYC,1982,161.94324
Seychelles,SYC,1983,161.94931
Seychelles,SYC,1984,161.95744
Seychelles,SYC,1985,161.96655
Seychelles,SYC,1986,161.97658
Seychelles,SYC,1987,161.9864
Seychelles,SYC,1988,161.99567
Seychelles,SYC,1989,162.00537
Seychelles,SYC,1990,162.01476
Seychelles,SYC,1991,162.02489
Seychelles,SYC,1992,162.03522
Seychelles,SYC,1993,162.0454
Seychelles,SYC,1994,162.05531
Seychelles,SYC,1995,162.06549
Seychelles,SYC,1996,162.07584
Sierra Leone,SLE,1896,152.41988
Sierra Leone,SLE,1897,152.51509
Sierra Leone,SLE,1898,152.61046
Sierra Leone,SLE,1899,152.7058
Sierra Leone,SLE,1900,152.80133
Sierra Leone,SLE,1901,152.89633
Sierra Leone,SLE,1902,152.9909
Sierra Leone,SLE,1903,153.0845
Sierra Leone,SLE,1904,153.17679
Sierra Leone,SLE,1905,153.26807
Sierra Leone,SLE,1906,153.35803
Sierra Leone,SLE,1907,153.44673
Sierra Leone,SLE,1908,153.53427
Sierra Leone,SLE,1909,153.62088
Sierra Leone,SLE,1910,153.7073
Sierra Leone,SLE,1911,153.79413
Sierra Leone,SLE,1912,153.88205
Sierra Leone,SLE,1913,153.97095
Sierra Leone,SLE,1914,154.06087
Sierra Leone,SLE,1915,154.15195
Sierra Leone,SLE,1916,154.24411
Sierra Leone,SLE,1917,154.33792
Sierra Leone,SLE,1918,154.43298
Sierra Leone,SLE,1919,154.52869
Sierra Leone,SLE,1920,154.62506
Sierra Leone,SLE,1921,154.72147
Sierra Leone,SLE,1922,154.81737
Sierra Leone,SLE,1923,154.91154
Sierra Leone,SLE,1924,155.00482
Sierra Leone,SLE,1925,155.09892
Sierra Leone,SLE,1926,155.19409
Sierra Leone,SLE,1927,155.29071
Sierra Leone,SLE,1928,155.38948
Sierra Leone,SLE,1929,155.49045
Sierra Leone,SLE,1930,155.59404
Sierra Leone,SLE,1931,155.6991
Sierra Leone,SLE,1932,155.8058
Sierra Leone,SLE,1933,155.9149
Sierra Leone,SLE,1934,156.02728
Sierra Leone,SLE,1935,156.14226
Sierra Leone,SLE,1936,156.26007
Sierra Leone,SLE,1937,156.37996
Sierra Leone,SLE,1938,156.50151
Sierra Leone,SLE,1939,156.62424
Sierra Leone,SLE,1940,156.74713
Sierra Leone,SLE,1941,156.86992
Sierra Leone,SLE,1942,156.99211
Sierra Leone,SLE,1943,157.11461
Sierra Leone,SLE,1944,157.2373
Sierra Leone,SLE,1945,157.35948
Sierra Leone,SLE,1946,157.4805
Sierra Leone,SLE,1947,157.6001
Sierra Leone,SLE,1948,157.71623
Sierra Leone,SLE,1949,157.82765
Sierra Leone,SLE,1950,157.93398
Sierra Leone,SLE,1951,158.03397
Sierra Leone,SLE,1952,158.1256
Sierra Leone,SLE,1953,158.20773
Sierra Leone,SLE,1954,158.27925
Sierra Leone,SLE,1955,158.34035
Sierra Leone,SLE,1956,158.3916
Sierra Leone,SLE,1957,158.43445
Sierra Leone,SLE,1958,158.47046
Sierra Leone,SLE,1959,158.49974
Sierra Leone,SLE,1960,158.52315
Sierra Leone,SLE,1961,158.54094
Sierra Leone,SLE,1962,158.55339
Sierra Leone,SLE,1963,158.55914
Sierra Leone,SLE,1964,158.55682
Sierra Leone,SLE,1965,158.54723
Sierra Leone,SLE,1966,158.5307
Sierra Leone,SLE,1967,158.50844
Sierra Leone,SLE,1968,158.48041
Sierra Leone,SLE,1969,158.44702
Sierra Leone,SLE,1970,158.4073
Sierra Leone,SLE,1971,158.36148
Sierra Leone,SLE,1972,158.31
Sierra Leone,SLE,1973,158.25363
Sierra Leone,SLE,1974,158.1945
Sierra Leone,SLE,1975,158.13255
Sierra Leone,SLE,1976,158.06769
Sierra Leone,SLE,1977,157.99953
Sierra Leone,SLE,1978,157.92775
Sierra Leone,SLE,1979,157.85246
Sierra Leone,SLE,1980,157.77612
Sierra Leone,SLE,1981,157.6999
Sierra Leone,SLE,1982,157.62491
Sierra Leone,SLE,1983,157.55116
Sierra Leone,SLE,1984,157.47903
Sierra Leone,SLE,1985,157.40765
Sierra Leone,SLE,1986,157.33652
Sierra Leone,SLE,1987,157.26422
Sierra Leone,SLE,1988,157.1906
Sierra Leone,SLE,1989,157.11653
Sierra Leone,SLE,1990,157.0419
Sierra Leone,SLE,1991,156.96826
Sierra Leone,SLE,1992,156.89508
Sierra Leone,SLE,1993,156.82164
Sierra Leone,SLE,1994,156.74722
Sierra Leone,SLE,1995,156.6728
Sierra Leone,SLE,1996,156.59818
Singapore,SGP,1896,147.054
Singapore,SGP,1897,147.23103
Singapore,SGP,1898,147.40845
Singapore,SGP,1899,147.58606
Singapore,SGP,1900,147.764
Singapore,SGP,1901,147.94125
Singapore,SGP,1902,148.11789
Singapore,SGP,1903,148.293
Singapore,SGP,1904,148.46608
Singapore,SGP,1905,148.63792
Singapore,SGP,1906,148.80807
Singapore,SGP,1907,148.97617
Singapore,SGP,1908,149.14235
Singapore,SGP,1909,149.30704
Singapore,SGP,1910,149.47067
Singapore,SGP,1911,149.63385
Singapore,SGP,1912,149.79701
Singapore,SGP,1913,149.96077
Singapore,SGP,1914,150.12541
Singapore,SGP,1915,150.29118
Singapore,SGP,1916,150.45847
Singapore,SGP,1917,150.62805
Singapore,SGP,1918,150.79991
Singapore,SGP,1919,150.97398
Singapore,SGP,1920,151.14975
Singapore,SGP,1921,151.32668
Singapore,SGP,1922,151.50392
Singapore,SGP,1923,151.68115
Singapore,SGP,1924,151.85867
Singapore,SGP,1925,152.03854
Singapore,SGP,1926,152.22105
Singapore,SGP,1927,152.4062
Singapore,SGP,1928,152.59323
Singapore,SGP,1929,152.78197
Singapore,SGP,1930,152.97133
Singapore,SGP,1931,153.15947
Singapore,SGP,1932,153.34576
Singapore,SGP,1933,153.53079
Singapore,SGP,1934,153.7151
Singapore,SGP,1935,153.89943
Singapore,SGP,1936,154.08347
Singapore,SGP,1937,154.26697
Singapore,SGP,1938,154.44946
Singapore,SGP,1939,154.6296
Singapore,SGP,1940,154.80626
Singapore,SGP,1941,154.97922
Singapore,SGP,1942,155.14839
Singapore,SGP,1943,155.31451
Singapore,SGP,1944,155.47789
Singapore,SGP,1945,155.63857
Singapore,SGP,1946,155.79672
Singapore,SGP,1947,155.95215
Singapore,SGP,1948,156.10446
Singapore,SGP,1949,156.25409
Singapore,SGP,1950,156.40175
Singapore,SGP,1951,156.54778
Singapore,SGP,1952,156.6915
Singapore,SGP,1953,156.83318
Singapore,SGP,1954,156.9722
Singapore,SGP,1955,157.10907
Singapore,SGP,1956,157.24387
Singapore,SGP,1957,157.37694
Singapore,SGP,1958,157.50896
Singapore,SGP,1959,157.6407
Singapore,SGP,1960,157.77333
Singapore,SGP,1961,157.90642
Singapore,SGP,1962,158.03918
Singapore,SGP,1963,158.1704
Singapore,SGP,1964,158.29807
Singapore,SGP,1965,158.42111
Singapore,SGP,1966,158.53949
Singapore,SGP,1967,158.65337
Singapore,SGP,1968,158.76247
Singapore,SGP,1969,158.8664
Singapore,SGP,1970,158.96509
Singapore,SGP,1971,159.05894
Singapore,SGP,1972,159.14755
Singapore,SGP,1973,159.23152
Singapore,SGP,1974,159.31165
Singapore,SGP,1975,159.38692
Singapore,SGP,1976,159.45703
Singapore,SGP,1977,159.52095
Singapore,SGP,1978,159.57913
Singapore,SGP,1979,159.63245
Singapore,SGP,1980,159.68272
Singapore,SGP,1981,159.7312
Singapore,SGP,1982,159.77911
Singapore,SGP,1983,159.82697
Singapore,SGP,1984,159.8742
Singapore,SGP,1985,159.92027
Singapore,SGP,1986,159.96466
Singapore,SGP,1987,160.0068
Singapore,SGP,1988,160.04631
Singapore,SGP,1989,160.08353
Singapore,SGP,1990,160.11865
Singapore,SGP,1991,160.15279
Singapore,SGP,1992,160.1866
Singapore,SGP,1993,160.22034
Singapore,SGP,1994,160.2535
Singapore,SGP,1995,160.28659
Singapore,SGP,1996,160.31993
Slovakia,SVK,1896,155.58002
Slovakia,SVK,1897,155.76904
Slovakia,SVK,1898,155.95851
Slovakia,SVK,1899,156.14795
Slovakia,SVK,1900,156.33772
Slovakia,SVK,1901,156.52696
Slovakia,SVK,1902,156.7157
Slovakia,SVK,1903,156.90363
Slovakia,SVK,1904,157.09045
Slovakia,SVK,1905,157.2761
Slovakia,SVK,1906,157.4605
Slovakia,SVK,1907,157.64381
Slovakia,SVK,1908,157.82602
Slovakia,SVK,1909,158.00725
Slovakia,SVK,1910,158.18805
Slovakia,SVK,1911,158.3687
Slovakia,SVK,1912,158.55037
Slovakia,SVK,1913,158.73312
Slovakia,SVK,1914,158.91692
Slovakia,SVK,1915,159.10194
Slovakia,SVK,1916,159.2879
Slovakia,SVK,1917,159.47502
Slovakia,SVK,1918,159.66231
Slovakia,SVK,1919,159.84808
Slovakia,SVK,1920,160.03154
Slovakia,SVK,1921,160.21165
Slovakia,SVK,1922,160.38765
Slovakia,SVK,1923,160.55827
Slovakia,SVK,1924,160.72354
Slovakia,SVK,1925,160.88496
Slovakia,SVK,1926,161.04257
Slovakia,SVK,1927,161.19585
Slovakia,SVK,1928,161.3457
Slovakia,SVK,1929,161.49214
Slovakia,SVK,1930,161.63556
Slovakia,SVK,1931,161.77441
Slovakia,SVK,1932,161.90915
Slovakia,SVK,1933,162.04031
Slovakia,SVK,1934,162.16884
Slovakia,SVK,1935,162.2948
Slovakia,SVK,1936,162.41794
Slovakia,SVK,1937,162.53851
Slovakia,SVK,1938,162.65564
Slovakia,SVK,1939,162.76915
Slovakia,SVK,1940,162.87857
Slovakia,SVK,1941,162.98305
Slovakia,SVK,1942,163.08282
Slovakia,SVK,1943,163.17883
Slovakia,SVK,1944,163.27252
Slovakia,SVK,1945,163.36455
Slovakia,SVK,1946,163.45573
Slovakia,SVK,1947,163.5462
Slovakia,SVK,1948,163.6357
Slovakia,SVK,1949,163.7249
Slovakia,SVK,1950,163.81538
Slovakia,SVK,1951,163.9081
Slovakia,SVK,1952,164.00287
Slovakia,SVK,1953,164.09947
Slovakia,SVK,1954,164.19789
Slovakia,SVK,1955,164.299
Slovakia,SVK,1956,164.40262
Slovakia,SVK,1957,164.50957
Slovakia,SVK,1958,164.62007
Slovakia,SVK,1959,164.73433
Slovakia,SVK,1960,164.85213
Slovakia,SVK,1961,164.97299
Slovakia,SVK,1962,165.09554
Slovakia,SVK,1963,165.21698
Slovakia,SVK,1964,165.3353
Slovakia,SVK,1965,165.4497
Slovakia,SVK,1966,165.56003
Slovakia,SVK,1967,165.66696
Slovakia,SVK,1968,165.77045
Slovakia,SVK,1969,165.8707
Slovakia,SVK,1970,165.96745
Slovakia,SVK,1971,166.06076
Slovakia,SVK,1972,166.14984
Slovakia,SVK,1973,166.2353
Slovakia,SVK,1974,166.31691
Slovakia,SVK,1975,166.3944
Slovakia,SVK,1976,166.4672
Slovakia,SVK,1977,166.53488
Slovakia,SVK,1978,166.59708
Slovakia,SVK,1979,166.65482
Slovakia,SVK,1980,166.71033
Slovakia,SVK,1981,166.76474
Slovakia,SVK,1982,166.81898
Slovakia,SVK,1983,166.8734
Slovakia,SVK,1984,166.92732
Slovakia,SVK,1985,166.98022
Slovakia,SVK,1986,167.03127
Slovakia,SVK,1987,167.07945
Slovakia,SVK,1988,167.12471
Slovakia,SVK,1989,167.1682
Slovakia,SVK,1990,167.21013
Slovakia,SVK,1991,167.25206
Slovakia,SVK,1992,167.29419
Slovakia,SVK,1993,167.33672
Slovakia,SVK,1994,167.37968
Slovakia,SVK,1995,167.4229
Slovakia,SVK,1996,167.46613
Slovenia,SVN,1896,152.50803
Slovenia,SVN,1897,152.72693
Slovenia,SVN,1898,152.94632
Slovenia,SVN,1899,153.16573
Slovenia,SVN,1900,153.38498
Slovenia,SVN,1901,153.6036
Slovenia,SVN,1902,153.82155
Slovenia,SVN,1903,154.03842
Slovenia,SVN,1904,154.25394
Slovenia,SVN,1905,154.4684
Slovenia,SVN,1906,154.68161
Slovenia,SVN,1907,154.89392
Slovenia,SVN,1908,155.10515
Slovenia,SVN,1909,155.3155
Slovenia,SVN,1910,155.52557
Slovenia,SVN,1911,155.73589
Slovenia,SVN,1912,155.94734
Slovenia,SVN,1913,156.16008
Slovenia,SVN,1914,156.37389
Slovenia,SVN,1915,156.58916
Slovenia,SVN,1916,156.80576
Slovenia,SVN,1917,157.02396
Slovenia,SVN,1918,157.24252
Slovenia,SVN,1919,157.45978
Slovenia,SVN,1920,157.67583
Slovenia,SVN,1921,157.88878
Slovenia,SVN,1922,158.09819
Slovenia,SVN,1923,158.30266
Slovenia,SVN,1924,158.50267
Slovenia,SVN,1925,158.69897
Slovenia,SVN,1926,158.89186
Slovenia,SVN,1927,159.08109
Slovenia,SVN,1928,159.26755
Slovenia,SVN,1929,159.45152
Slovenia,SVN,1930,159.63298
Slovenia,SVN,1931,159.8108
Slovenia,SVN,1932,159.9852
Slovenia,SVN,1933,160.15678
Slovenia,SVN,1934,160.32663
Slovenia,SVN,1935,160.49457
Slovenia,SVN,1936,160.66037
Slovenia,SVN,1937,160.82382
Slovenia,SVN,1938,160.98436
Slovenia,SVN,1939,161.1416
Slovenia,SVN,1940,161.29497
Slovenia,SVN,1941,161.44331
Slovenia,SVN,1942,161.58719
Slovenia,SVN,1943,161.7269
Slovenia,SVN,1944,161.86362
Slovenia,SVN,1945,161.99794
Slovenia,SVN,1946,162.13037
Slovenia,SVN,1947,162.26042
Slovenia,SVN,1948,162.38768
Slovenia,SVN,1949,162.51277
Slovenia,SVN,1950,162.6367
Slovenia,SVN,1951,162.76006
Slovenia,SVN,1952,162.88257
Slovenia,SVN,1953,163.00462
Slovenia,SVN,1954,163.12602
Slovenia,SVN,1955,163.24745
Slovenia,SVN,1956,163.36894
Slovenia,SVN,1957,163.4916
Slovenia,SVN,1958,163.61578
Slovenia,SVN,1959,163.74173
Slovenia,SVN,1960,163.86925
Slovenia,SVN,1961,163.99802
Slovenia,SVN,1962,164.12665
Slovenia,SVN,1963,164.25249
Slovenia,SVN,1964,164.37402
Slovenia,SVN,1965,164.48999
Slovenia,SVN,1966,164.60036
Slovenia,SVN,1967,164.70552
Slovenia,SVN,1968,164.80559
Slovenia,SVN,1969,164.9007
Slovenia,SVN,1970,164.99036
Slovenia,SVN,1971,165.07501
Slovenia,SVN,1972,165.15411
Slovenia,SVN,1973,165.22826
Slovenia,SVN,1974,165.2974
Slovenia,SVN,1975,165.36128
Slovenia,SVN,1976,165.4192
Slovenia,SVN,1977,165.47105
Slovenia,SVN,1978,165.51656
Slovenia,SVN,1979,165.55695
Slovenia,SVN,1980,165.59424
Slovenia,SVN,1981,165.62991
Slovenia,SVN,1982,165.6649
Slovenia,SVN,1983,165.6998
Slovenia,SVN,1984,165.73412
Slovenia,SVN,1985,165.76741
Slovenia,SVN,1986,165.79903
Slovenia,SVN,1987,165.82814
Slovenia,SVN,1988,165.85432
Slovenia,SVN,1989,165.87881
Slovenia,SVN,1990,165.90201
Slovenia,SVN,1991,165.92516
Slovenia,SVN,1992,165.94888
Slovenia,SVN,1993,165.97327
Slovenia,SVN,1994,165.99861
Slovenia,SVN,1995,166.0247
Slovenia,SVN,1996,166.05122
Solomon Islands,SLB,1896,148.44513
Solomon Islands,SLB,1897,148.60088
Solomon Islands,SLB,1898,148.75693
Solomon Islands,SLB,1899,148.91293
Solomon Islands,SLB,1900,149.06824
Solomon Islands,SLB,1901,149.2226
Solomon Islands,SLB,1902,149.37593
Solomon Islands,SLB,1903,149.52728
Solomon Islands,SLB,1904,149.67639
Solomon Islands,SLB,1905,149.82318
Solomon Islands,SLB,1906,149.96725
Solomon Islands,SLB,1907,150.10846
Solomon Islands,SLB,1908,150.24673
Solomon Islands,SLB,1909,150.38226
Solomon Islands,SLB,1910,150.5158
Solomon Islands,SLB,1911,150.64769
Solomon Islands,SLB,1912,150.77832
Solomon Islands,SLB,1913,150.90735
Solomon Islands,SLB,1914,151.03505
Solomon Islands,SLB,1915,151.16135
Solomon Islands,SLB,1916,151.28677
Solomon Islands,SLB,1917,151.41127
Solomon Islands,SLB,1918,151.53456
Solomon Islands,SLB,1919,151.65607
Solomon Islands,SLB,1920,151.77611
Solomon Islands,SLB,1921,151.8939
Solomon Islands,SLB,1922,152.00934
Solomon Islands,SLB,1923,152.12192
Solomon Islands,SLB,1924,152.23218
Solomon Islands,SLB,1925,152.34097
Solomon Islands,SLB,1926,152.44897
Solomon Islands,SLB,1927,152.55588
Solomon Islands,SLB,1928,152.66225
Solomon Islands,SLB,1929,152.76768
Solomon Islands,SLB,1930,152.87244
Solomon Islands,SLB,1931,152.97491
Solomon Islands,SLB,1932,153.07565
Solomon Islands,SLB,1933,153.17538
Solomon Islands,SLB,1934,153.275
Solomon Islands,SLB,1935,153.3753
Solomon Islands,SLB,1936,153.47649
Solomon Islands,SLB,1937,153.5783
Solomon Islands,SLB,1938,153.68066
Solomon Islands,SLB,1939,153.78319
Solomon Islands,SLB,1940,153.88544
Solomon Islands,SLB,1941,153.98724
Solomon Islands,SLB,1942,154.08934
Solomon Islands,SLB,1943,154.19272
Solomon Islands,SLB,1944,154.2982
Solomon Islands,SLB,1945,154.40552
Solomon Islands,SLB,1946,154.5147
Solomon Islands,SLB,1947,154.625
Solomon Islands,SLB,1948,154.73537
Solomon Islands,SLB,1949,154.84586
Solomon Islands,SLB,1950,154.95616
Solomon Islands,SLB,1951,155.06595
Solomon Islands,SLB,1952,155.17418
Solomon Islands,SLB,1953,155.28046
Solomon Islands,SLB,1954,155.38446
Solomon Islands,SLB,1955,155.48624
Solomon Islands,SLB,1956,155.58542
Solomon Islands,SLB,1957,155.68219
Solomon Islands,SLB,1958,155.77641
Solomon Islands,SLB,1959,155.86757
Solomon Islands,SLB,1960,155.95515
Solomon Islands,SLB,1961,156.03877
Solomon Islands,SLB,1962,156.1174
Solomon Islands,SLB,1963,156.18904
Solomon Islands,SLB,1964,156.25215
Solomon Islands,SLB,1965,156.3056
Solomon Islands,SLB,1966,156.34975
Solomon Islands,SLB,1967,156.38486
Solomon Islands,SLB,1968,156.41101
Solomon Islands,SLB,1969,156.42805
Solomon Islands,SLB,1970,156.43604
Solomon Islands,SLB,1971,156.43524
Solomon Islands,SLB,1972,156.42502
Solomon Islands,SLB,1973,156.40604
Solomon Islands,SLB,1974,156.37874
Solomon Islands,SLB,1975,156.34242
Solomon Islands,SLB,1976,156.2971
Solomon Islands,SLB,1977,156.2421
Solomon Islands,SLB,1978,156.1783
Solomon Islands,SLB,1979,156.10646
Solomon Islands,SLB,1980,156.02888
Solomon Islands,SLB,1981,155.94666
Solomon Islands,SLB,1982,155.86064
Solomon Islands,SLB,1983,155.77168
Solomon Islands,SLB,1984,155.67963
Solomon Islands,SLB,1985,155.58458
Solomon Islands,SLB,1986,155.48676
Solomon Islands,SLB,1987,155.38551
Solomon Islands,SLB,1988,155.28131
Solomon Islands,SLB,1989,155.17508
Solomon Islands,SLB,1990,155.067
Solomon Islands,SLB,1991,154.95868
Solomon Islands,SLB,1992,154.85033
Solomon Islands,SLB,1993,154.74191
Solomon Islands,SLB,1994,154.63332
Solomon Islands,SLB,1995,154.52467
Solomon Islands,SLB,1996,154.41623
Somalia,SOM,1896,151.76901
Somalia,SOM,1897,151.8802
Somalia,SOM,1898,151.99164
Somalia,SOM,1899,152.10315
Somalia,SOM,1900,152.21428
Somalia,SOM,1901,152.32521
Somalia,SOM,1902,152.43541
Somalia,SOM,1903,152.54466
Somalia,SOM,1904,152.65263
Somalia,SOM,1905,152.75925
Somalia,SOM,1906,152.8643
Somalia,SOM,1907,152.96811
Somalia,SOM,1908,153.07088
Somalia,SOM,1909,153.17271
Somalia,SOM,1910,153.27411
Somalia,SOM,1911,153.37567
Somalia,SOM,1912,153.478
Somalia,SOM,1913,153.58128
Somalia,SOM,1914,153.68544
Somalia,SOM,1915,153.79076
Somalia,SOM,1916,153.89682
Somalia,SOM,1917,154.0038
Somalia,SOM,1918,154.11147
Somalia,SOM,1919,154.21935
Somalia,SOM,1920,154.32718
Somalia,SOM,1921,154.43423
Somalia,SOM,1922,154.5401
Somalia,SOM,1923,154.64375
Somalia,SOM,1924,154.74571
Somalia,SOM,1925,154.84758
Somalia,SOM,1926,154.94943
Somalia,SOM,1927,155.05154
Somalia,SOM,1928,155.1543
Somalia,SOM,1929,155.25824
Somalia,SOM,1930,155.36293
Somalia,SOM,1931,155.46742
Somalia,SOM,1932,155.57176
Somalia,SOM,1933,155.67656
Somalia,SOM,1934,155.78302
Somalia,SOM,1935,155.89064
Somalia,SOM,1936,155.99928
Somalia,SOM,1937,156.10808
Somalia,SOM,1938,156.21584
Somalia,SOM,1939,156.32248
Somalia,SOM,1940,156.42694
Somalia,SOM,1941,156.52844
Somalia,SOM,1942,156.62761
Somalia,SOM,1943,156.72548
Somalia,SOM,1944,156.82213
Somalia,SOM,1945,156.91699
Somalia,SOM,1946,157.01051
Somalia,SOM,1947,157.10277
Somalia,SOM,1948,157.19289
Somalia,SOM,1949,157.28091
Somalia,SOM,1950,157.36804
Somalia,SOM,1951,157.45258
Somalia,SOM,1952,157.53278
Somalia,SOM,1953,157.60786
Somalia,SOM,1954,157.6768
Somalia,SOM,1955,157.73895
Somalia,SOM,1956,157.794
Somalia,SOM,1957,157.8428
Somalia,SOM,1958,157.88565
Somalia,SOM,1959,157.92226
Somalia,SOM,1960,157.95204
Somalia,SOM,1961,157.97498
Somalia,SOM,1962,157.99034
Somalia,SOM,1963,157.9972
Somalia,SOM,1964,157.99402
Somalia,SOM,1965,157.98154
Somalia,SOM,1966,157.96056
Somalia,SOM,1967,157.93182
Somalia,SOM,1968,157.89609
Somalia,SOM,1969,157.85347
Somalia,SOM,1970,157.80455
Somalia,SOM,1971,157.74971
Somalia,SOM,1972,157.69008
Somalia,SOM,1973,157.6271
Somalia,SOM,1974,157.5619
Somalia,SOM,1975,157.49422
Somalia,SOM,1976,157.42372
Somalia,SOM,1977,157.35043
Somalia,SOM,1978,157.27512
Somalia,SOM,1979,157.19797
Somalia,SOM,1980,157.12091
Somalia,SOM,1981,157.04527
Somalia,SOM,1982,156.97276
Somalia,SOM,1983,156.90352
Somalia,SOM,1984,156.83662
Somalia,SOM,1985,156.77101
Somalia,SOM,1986,156.70651
Somalia,SOM,1987,156.64171
Somalia,SOM,1988,156.57617
Somalia,SOM,1989,156.51091
Somalia,SOM,1990,156.44539
Somalia,SOM,1991,156.38084
Somalia,SOM,1992,156.31691
Somalia,SOM,1993,156.25319
Somalia,SOM,1994,156.1891
Somalia,SOM,1995,156.12515
Somalia,SOM,1996,156.06139
South Africa,ZAF,1896,154.90906
South Africa,ZAF,1897,154.99771
South Africa,ZAF,1898,155.0865
South Africa,ZAF,1899,155.17532
South Africa,ZAF,1900,155.26408
South Africa,ZAF,1901,155.35219
South Africa,ZAF,1902,155.43993
South Africa,ZAF,1903,155.5266
South Africa,ZAF,1904,155.61166
South Africa,ZAF,1905,155.69533
South Africa,ZAF,1906,155.77773
South Africa,ZAF,1907,155.85892
South Africa,ZAF,1908,155.939
South Africa,ZAF,1909,156.01852
South Africa,ZAF,1910,156.09761
South Africa,ZAF,1911,156.17705
South Africa,ZAF,1912,156.25722
South Africa,ZAF,1913,156.33794
South Africa,ZAF,1914,156.41899
South Africa,ZAF,1915,156.50082
South Africa,ZAF,1916,156.58339
South Africa,ZAF,1917,156.6666
South Africa,ZAF,1918,156.75027
South Africa,ZAF,1919,156.83372
South Africa,ZAF,1920,156.91708
South Africa,ZAF,1921,156.99883
South Africa,ZAF,1922,157.07835
South Africa,ZAF,1923,157.15514
South Africa,ZAF,1924,157.22968
South Africa,ZAF,1925,157.30331
South Africa,ZAF,1926,157.37656
South Africa,ZAF,1927,157.4494
South Africa,ZAF,1928,157.52235
South Africa,ZAF,1929,157.59502
South Africa,ZAF,1930,157.66708
South Africa,ZAF,1931,157.7376
South Africa,ZAF,1932,157.80707
South Africa,ZAF,1933,157.87614
South Africa,ZAF,1934,157.94554
South Africa,ZAF,1935,158.01555
South Africa,ZAF,1936,158.0863
South Africa,ZAF,1937,158.15736
South Africa,ZAF,1938,158.22821
South Africa,ZAF,1939,158.29858
South Africa,ZAF,1940,158.36772
South Africa,ZAF,1941,158.43562
South Africa,ZAF,1942,158.50182
South Africa,ZAF,1943,158.56775
South Africa,ZAF,1944,158.63402
South Africa,ZAF,1945,158.70003
South Africa,ZAF,1946,158.76497
South Africa,ZAF,1947,158.82881
South Africa,ZAF,1948,158.89099
South Africa,ZAF,1949,158.95134
South Africa,ZAF,1950,159.01056
South Africa,ZAF,1951,159.06842
South Africa,ZAF,1952,159.12286
South Africa,ZAF,1953,159.17386
South Africa,ZAF,1954,159.2204
South Africa,ZAF,1955,159.26305
South Africa,ZAF,1956,159.30124
South Africa,ZAF,1957,159.33647
South Africa,ZAF,1958,159.36996
South Africa,ZAF,1959,159.40244
South Africa,ZAF,1960,159.4338
South Africa,ZAF,1961,159.46417
South Africa,ZAF,1962,159.49323
South Africa,ZAF,1963,159.51935
South Africa,ZAF,1964,159.5414
South Africa,ZAF,1965,159.55876
South Africa,ZAF,1966,159.57239
South Africa,ZAF,1967,159.58266
South Africa,ZAF,1968,159.58852
South Africa,ZAF,1969,159.58942
South Africa,ZAF,1970,159.58472
South Africa,ZAF,1971,159.57355
South Africa,ZAF,1972,159.55598
South Africa,ZAF,1973,159.53197
South Africa,ZAF,1974,159.50308
South Africa,ZAF,1975,159.4686
South Africa,ZAF,1976,159.42761
South Africa,ZAF,1977,159.37943
South Africa,ZAF,1978,159.32489
South Africa,ZAF,1979,159.2639
South Africa,ZAF,1980,159.1993
South Africa,ZAF,1981,159.13263
South Africa,ZAF,1982,159.06587
South Africa,ZAF,1983,158.99922
South Africa,ZAF,1984,158.93248
South Africa,ZAF,1985,158.86426
South Africa,ZAF,1986,158.79489
South Africa,ZAF,1987,158.72331
South Africa,ZAF,1988,158.64903
South Africa,ZAF,1989,158.57335
South Africa,ZAF,1990,158.49602
South Africa,ZAF,1991,158.41858
South Africa,ZAF,1992,158.34106
South Africa,ZAF,1993,158.26306
South Africa,ZAF,1994,158.18413
South Africa,ZAF,1995,158.10509
South Africa,ZAF,1996,158.02606
South Asia,,1896,146.1869
South Asia,,1897,146.3041
South Asia,,1898,146.4216
South Asia,,1899,146.5391
South Asia,,1900,146.6564
South Asia,,1901,146.7734
South Asia,,1902,146.8896
South Asia,,1903,147.005
South Asia,,1904,147.1191
South Asia,,1905,147.2324
South Asia,,1906,147.3449
South Asia,,1907,147.4563
South Asia,,1908,147.567
South Asia,,1909,147.6771
South Asia,,1910,147.7874
South Asia,,1911,147.8985
South Asia,,1912,148.0105
South Asia,,1913,148.1234
South Asia,,1914,148.2372
South Asia,,1915,148.3521
South Asia,,1916,148.4681
South Asia,,1917,148.5853
South Asia,,1918,148.7036
South Asia,,1919,148.8224
South Asia,,1920,148.9419
South Asia,,1921,149.0616
South Asia,,1922,149.1815
South Asia,,1923,149.3009
South Asia,,1924,149.4207
South Asia,,1925,149.5426
South Asia,,1926,149.6672
South Asia,,1927,149.7938
South Asia,,1928,149.9222
South Asia,,1929,150.0522
South Asia,,1930,150.1828
South Asia,,1931,150.3128
South Asia,,1932,150.4421
South Asia,,1933,150.5713
South Asia,,1934,150.7009
South Asia,,1935,150.831
South Asia,,1936,150.9611
South Asia,,1937,151.0905
South Asia,,1938,151.2181
South Asia,,1939,151.3429
South Asia,,1940,151.4637
South Asia,,1941,151.5808
South Asia,,1942,151.6941
South Asia,,1943,151.8051
South Asia,,1944,151.9142
South Asia,,1945,152.0211
South Asia,,1946,152.1261
South Asia,,1947,152.2286
South Asia,,1948,152.328
South Asia,,1949,152.4241
South Asia,,1950,152.5169
South Asia,,1951,152.6057
South Asia,,1952,152.6892
South Asia,,1953,152.7673
South Asia,,1954,152.8396
South Asia,,1955,152.9065
South Asia,,1956,152.9678
South Asia,,1957,153.0243
South Asia,,1958,153.0766
South Asia,,1959,153.1252
South Asia,,1960,153.1706
South Asia,,1961,153.2125
South Asia,,1962,153.2509
South Asia,,1963,153.284
South Asia,,1964,153.311
South Asia,,1965,153.3314
South Asia,,1966,153.3462
South Asia,,1967,153.3565
South Asia,,1968,153.3622
South Asia,,1969,153.3635
South Asia,,1970,153.3608
South Asia,,1971,153.3545
South Asia,,1972,153.3457
South Asia,,1973,153.3348
South Asia,,1974,153.3234
South Asia,,1975,153.3108
South Asia,,1976,153.2972
South Asia,,1977,153.2827
South Asia,,1978,153.2677
South Asia,,1979,153.2532
South Asia,,1980,153.241
South Asia,,1981,153.2318
South Asia,,1982,153.2263
South Asia,,1983,153.2246
South Asia,,1984,153.2259
South Asia,,1985,153.2293
South Asia,,1986,153.234
South Asia,,1987,153.2391
South Asia,,1988,153.2438
South Asia,,1989,153.2485
South Asia,,1990,153.2534
South Asia,,1991,153.2594
South Asia,,1992,153.2662
South Asia,,1993,153.2737
South Asia,,1994,153.2811
South Asia,,1995,153.2888
South Asia,,1996,153.2966
South Korea,KOR,1896,142.17438
South Korea,KOR,1897,142.43307
South Korea,KOR,1898,142.69211
South Korea,KOR,1899,142.95126
South Korea,KOR,1900,143.21039
South Korea,KOR,1901,143.46927
South Korea,KOR,1902,143.72722
South Korea,KOR,1903,143.98378
South Korea,KOR,1904,144.23865
South Korea,KOR,1905,144.49203
South Korea,KOR,1906,144.74364
South Korea,KOR,1907,144.99376
South Korea,KOR,1908,145.24208
South Korea,KOR,1909,145.48915
South Korea,KOR,1910,145.73572
South Korea,KOR,1911,145.98233
South Korea,KOR,1912,146.22957
South Korea,KOR,1913,146.47807
South Korea,KOR,1914,146.72775
South Korea,KOR,1915,146.97914
South Korea,KOR,1916,147.23271
South Korea,KOR,1917,147.48969
South Korea,KOR,1918,147.75046
South Korea,KOR,1919,148.0145
South Korea,KOR,1920,148.28168
South Korea,KOR,1921,148.55135
South Korea,KOR,1922,148.82277
South Korea,KOR,1923,149.09514
South Korea,KOR,1924,149.3686
South Korea,KOR,1925,149.64508
South Korea,KOR,1926,149.9252
South Korea,KOR,1927,150.20888
South Korea,KOR,1928,150.4964
South Korea,KOR,1929,150.7868
South Korea,KOR,1930,151.07893
South Korea,KOR,1931,151.36977
South Korea,KOR,1932,151.65851
South Korea,KOR,1933,151.94522
South Korea,KOR,1934,152.23003
South Korea,KOR,1935,152.51366
South Korea,KOR,1936,152.7959
South Korea,KOR,1937,153.07599
South Korea,KOR,1938,153.35341
South Korea,KOR,1939,153.62682
South Korea,KOR,1940,153.89491
South Korea,KOR,1941,154.15652
South Korea,KOR,1942,154.41162
South Korea,KOR,1943,154.66032
South Korea,KOR,1944,154.90257
South Korea,KOR,1945,155.13812
South Korea,KOR,1946,155.36732
South Korea,KOR,1947,155.5895
South Korea,KOR,1948,155.80457
South Korea,KOR,1949,156.01349
South Korea,KOR,1950,156.21716
South Korea,KOR,1951,156.41634
South Korea,KOR,1952,156.61089
South Korea,KOR,1953,156.8017
South Korea,KOR,1954,156.98894
South Korea,KOR,1955,157.1728
South Korea,KOR,1956,157.3535
South Korea,KOR,1957,157.53181
South Korea,KOR,1958,157.70868
South Korea,KOR,1959,157.88481
South Korea,KOR,1960,158.06168
South Korea,KOR,1961,158.23938
South Korea,KOR,1962,158.4174
South Korea,KOR,1963,158.59431
South Korea,KOR,1964,158.76852
South Korea,KOR,1965,158.93861
South Korea,KOR,1966,159.10402
South Korea,KOR,1967,159.26501
South Korea,KOR,1968,159.42099
South Korea,KOR,1969,159.57123
South Korea,KOR,1970,159.7162
South Korea,KOR,1971,159.85597
South Korea,KOR,1972,159.99066
South Korea,KOR,1973,160.12094
South Korea,KOR,1974,160.24765
South Korea,KOR,1975,160.3698
South Korea,KOR,1976,160.48694
South Korea,KOR,1977,160.59836
South Korea,KOR,1978,160.70457
South Korea,KOR,1979,160.80629
South Korea,KOR,1980,160.90549
South Korea,KOR,1981,161.00392
South Korea,KOR,1982,161.10208
South Korea,KOR,1983,161.20102
South Korea,KOR,1984,161.30016
South Korea,KOR,1985,161.39803
South Korea,KOR,1986,161.49368
South Korea,KOR,1987,161.58649
South Korea,KOR,1988,161.67578
South Korea,KOR,1989,161.76201
South Korea,KOR,1990,161.8455
South Korea,KOR,1991,161.92815
South Korea,KOR,1992,162.01021
South Korea,KOR,1993,162.09181
South Korea,KOR,1994,162.173
South Korea,KOR,1995,162.25404
South Korea,KOR,1996,162.33528
Spain,ESP,1896,151.10893
Spain,ESP,1897,151.18675
Spain,ESP,1898,151.2648
Spain,ESP,1899,151.34294
Spain,ESP,1900,151.42094
Spain,ESP,1901,151.49922
Spain,ESP,1902,151.5776
Spain,ESP,1903,151.65608
Spain,ESP,1904,151.73438
Spain,ESP,1905,151.81262
Spain,ESP,1906,151.89168
Spain,ESP,1907,151.97217
Spain,ESP,1908,152.0546
Spain,ESP,1909,152.14053
Spain,ESP,1910,152.23141
Spain,ESP,1911,152.32898
Spain,ESP,1912,152.43433
Spain,ESP,1913,152.54793
Spain,ESP,1914,152.67068
Spain,ESP,1915,152.80264
Spain,ESP,1916,152.94313
Spain,ESP,1917,153.09135
Spain,ESP,1918,153.24605
Spain,ESP,1919,153.40591
Spain,ESP,1920,153.57031
Spain,ESP,1921,153.73814
Spain,ESP,1922,153.90858
Spain,ESP,1923,154.07945
Spain,ESP,1924,154.25096
Spain,ESP,1925,154.42451
Spain,ESP,1926,154.5996
Spain,ESP,1927,154.77544
Spain,ESP,1928,154.95174
Spain,ESP,1929,155.12857
Spain,ESP,1930,155.30544
Spain,ESP,1931,155.48009
Spain,ESP,1932,155.65324
Spain,ESP,1933,155.8261
Spain,ESP,1934,156.00041
Spain,ESP,1935,156.17592
Spain,ESP,1936,156.35199
Spain,ESP,1937,156.52731
Spain,ESP,1938,156.70006
Spain,ESP,1939,156.86848
Spain,ESP,1940,157.03096
Spain,ESP,1941,157.18616
Spain,ESP,1942,157.33522
Spain,ESP,1943,157.48022
Spain,ESP,1944,157.6234
Spain,ESP,1945,157.76552
Spain,ESP,1946,157.9083
Spain,ESP,1947,158.05313
Spain,ESP,1948,158.20038
Spain,ESP,1949,158.35013
Spain,ESP,1950,158.50368
Spain,ESP,1951,158.66116
Spain,ESP,1952,158.82245
Spain,ESP,1953,158.98795
Spain,ESP,1954,159.15729
Spain,ESP,1955,159.33093
Spain,ESP,1956,159.5076
Spain,ESP,1957,159.68768
Spain,ESP,1958,159.87088
Spain,ESP,1959,160.05573
Spain,ESP,1960,160.2413
Spain,ESP,1961,160.42665
Spain,ESP,1962,160.60953
Spain,ESP,1963,160.78683
Spain,ESP,1964,160.95595
Spain,ESP,1965,161.11514
Spain,ESP,1966,161.26431
Spain,ESP,1967,161.40544
Spain,ESP,1968,161.53915
Spain,ESP,1969,161.66693
Spain,ESP,1970,161.78859
Spain,ESP,1971,161.90503
Spain,ESP,1972,162.01627
Spain,ESP,1973,162.12158
Spain,ESP,1974,162.22057
Spain,ESP,1975,162.31259
Spain,ESP,1976,162.39726
Spain,ESP,1977,162.47408
Spain,ESP,1978,162.54364
Spain,ESP,1979,162.60701
Spain,ESP,1980,162.66618
Spain,ESP,1981,162.72252
Spain,ESP,1982,162.77725
Spain,ESP,1983,162.83145
Spain,ESP,1984,162.88463
Spain,ESP,1985,162.93619
Spain,ESP,1986,162.98575
Spain,ESP,1987,163.03339
Spain,ESP,1988,163.07838
Spain,ESP,1989,163.12103
Spain,ESP,1990,163.16125
Spain,ESP,1991,163.201
Spain,ESP,1992,163.24055
Spain,ESP,1993,163.28024
Spain,ESP,1994,163.31934
Spain,ESP,1995,163.35855
Spain,ESP,1996,163.3978
Sri Lanka,LKA,1896,145.2635
Sri Lanka,LKA,1897,145.36795
Sri Lanka,LKA,1898,145.47258
Sri Lanka,LKA,1899,145.57722
Sri Lanka,LKA,1900,145.68123
Sri Lanka,LKA,1901,145.7846
Sri Lanka,LKA,1902,145.88737
Sri Lanka,LKA,1903,145.98853
Sri Lanka,LKA,1904,146.08817
Sri Lanka,LKA,1905,146.18626
Sri Lanka,LKA,1906,146.28262
Sri Lanka,LKA,1907,146.37701
Sri Lanka,LKA,1908,146.47032
Sri Lanka,LKA,1909,146.56232
Sri Lanka,LKA,1910,146.65419
Sri Lanka,LKA,1911,146.7461
Sri Lanka,LKA,1912,146.83842
Sri Lanka,LKA,1913,146.93187
Sri Lanka,LKA,1914,147.02663
Sri Lanka,LKA,1915,147.12308
Sri Lanka,LKA,1916,147.22173
Sri Lanka,LKA,1917,147.32306
Sri Lanka,LKA,1918,147.42735
Sri Lanka,LKA,1919,147.53488
Sri Lanka,LKA,1920,147.6462
Sri Lanka,LKA,1921,147.76094
Sri Lanka,LKA,1922,147.87987
Sri Lanka,LKA,1923,148.00253
Sri Lanka,LKA,1924,148.12975
Sri Lanka,LKA,1925,148.26373
Sri Lanka,LKA,1926,148.40445
Sri Lanka,LKA,1927,148.55032
Sri Lanka,LKA,1928,148.70027
Sri Lanka,LKA,1929,148.85316
Sri Lanka,LKA,1930,149.0074
Sri Lanka,LKA,1931,149.16174
Sri Lanka,LKA,1932,149.31706
Sri Lanka,LKA,1933,149.47408
Sri Lanka,LKA,1934,149.63353
Sri Lanka,LKA,1935,149.79573
Sri Lanka,LKA,1936,149.95903
Sri Lanka,LKA,1937,150.12222
Sri Lanka,LKA,1938,150.28363
Sri Lanka,LKA,1939,150.44142
Sri Lanka,LKA,1940,150.59485
Sri Lanka,LKA,1941,150.74432
Sri Lanka,LKA,1942,150.8907
Sri Lanka,LKA,1943,151.03572
Sri Lanka,LKA,1944,151.18073
Sri Lanka,LKA,1945,151.325
Sri Lanka,LKA,1946,151.4679
Sri Lanka,LKA,1947,151.60854
Sri Lanka,LKA,1948,151.74565
Sri Lanka,LKA,1949,151.87782
Sri Lanka,LKA,1950,152.00433
Sri Lanka,LKA,1951,152.12407
Sri Lanka,LKA,1952,152.23584
Sri Lanka,LKA,1953,152.33922
Sri Lanka,LKA,1954,152.43364
Sri Lanka,LKA,1955,152.51953
Sri Lanka,LKA,1956,152.59749
Sri Lanka,LKA,1957,152.66837
Sri Lanka,LKA,1958,152.73297
Sri Lanka,LKA,1959,152.79236
Sri Lanka,LKA,1960,152.84773
Sri Lanka,LKA,1961,152.89954
Sri Lanka,LKA,1962,152.94858
Sri Lanka,LKA,1963,152.99368
Sri Lanka,LKA,1964,153.03458
Sri Lanka,LKA,1965,153.07196
Sri Lanka,LKA,1966,153.10797
Sri Lanka,LKA,1967,153.1442
Sri Lanka,LKA,1968,153.18042
Sri Lanka,LKA,1969,153.21617
Sri Lanka,LKA,1970,153.25139
Sri Lanka,LKA,1971,153.28638
Sri Lanka,LKA,1972,153.32146
Sri Lanka,LKA,1973,153.35732
Sri Lanka,LKA,1974,153.39442
Sri Lanka,LKA,1975,153.43213
Sri Lanka,LKA,1976,153.47058
Sri Lanka,LKA,1977,153.50952
Sri Lanka,LKA,1978,153.54893
Sri Lanka,LKA,1979,153.58954
Sri Lanka,LKA,1980,153.63249
Sri Lanka,LKA,1981,153.67833
Sri Lanka,LKA,1982,153.72699
Sri Lanka,LKA,1983,153.77861
Sri Lanka,LKA,1984,153.8327
Sri Lanka,LKA,1985,153.8887
Sri Lanka,LKA,1986,153.94615
Sri Lanka,LKA,1987,154.00401
Sri Lanka,LKA,1988,154.06227
Sri Lanka,LKA,1989,154.1213
Sri Lanka,LKA,1990,154.18109
Sri Lanka,LKA,1991,154.24248
Sri Lanka,LKA,1992,154.30513
Sri Lanka,LKA,1993,154.36923
Sri Lanka,LKA,1994,154.43427
Sri Lanka,LKA,1995,154.49948
Sri Lanka,LKA,1996,154.56491
Sub-Saharan Africa,,1896,153.2441
Sub-Saharan Africa,,1897,153.3505
Sub-Saharan Africa,,1898,153.4571
Sub-Saharan Africa,,1899,153.5637
Sub-Saharan Africa,,1900,153.6702
Sub-Saharan Africa,,1901,153.7763
Sub-Saharan Africa,,1902,153.8819
Sub-Saharan Africa,,1903,153.9865
Sub-Saharan Africa,,1904,154.0899
Sub-Saharan Africa,,1905,154.1922
Sub-Saharan Africa,,1906,154.2933
Sub-Saharan Africa,,1907,154.3933
Sub-Saharan Africa,,1908,154.4922
Sub-Saharan Africa,,1909,154.5904
Sub-Saharan Africa,,1910,154.6884
Sub-Saharan Africa,,1911,154.787
Sub-Saharan Africa,,1912,154.8865
Sub-Saharan Africa,,1913,154.9869
Sub-Saharan Africa,,1914,155.0884
Sub-Saharan Africa,,1915,155.1913
Sub-Saharan Africa,,1916,155.2951
Sub-Saharan Africa,,1917,155.4003
Sub-Saharan Africa,,1918,155.5066
Sub-Saharan Africa,,1919,155.6132
Sub-Saharan Africa,,1920,155.7203
Sub-Saharan Africa,,1921,155.8269
Sub-Saharan Africa,,1922,155.9327
Sub-Saharan Africa,,1923,156.0365
Sub-Saharan Africa,,1924,156.1391
Sub-Saharan Africa,,1925,156.2421
Sub-Saharan Africa,,1926,156.3456
Sub-Saharan Africa,,1927,156.45
Sub-Saharan Africa,,1928,156.5557
Sub-Saharan Africa,,1929,156.6631
Sub-Saharan Africa,,1930,156.7719
Sub-Saharan Africa,,1931,156.881
Sub-Saharan Africa,,1932,156.991
Sub-Saharan Africa,,1933,157.1022
Sub-Saharan Africa,,1934,157.2156
Sub-Saharan Africa,,1935,157.3308
Sub-Saharan Africa,,1936,157.4476
Sub-Saharan Africa,,1937,157.5656
Sub-Saharan Africa,,1938,157.6839
Sub-Saharan Africa,,1939,157.8022
Sub-Saharan Africa,,1940,157.9194
Sub-Saharan Africa,,1941,158.0351
Sub-Saharan Africa,,1942,158.1491
Sub-Saharan Africa,,1943,158.2623
Sub-Saharan Africa,,1944,158.375
Sub-Saharan Africa,,1945,158.4863
Sub-Saharan Africa,,1946,158.5962
Sub-Saharan Africa,,1947,158.7045
Sub-Saharan Africa,,1948,158.8096
Sub-Saharan Africa,,1949,158.9112
Sub-Saharan Africa,,1950,159.0096
Sub-Saharan Africa,,1951,159.1035
Sub-Saharan Africa,,1952,159.1909
Sub-Saharan Africa,,1953,159.271
Sub-Saharan Africa,,1954,159.3428
Sub-Saharan Africa,,1955,159.4061
Sub-Saharan Africa,,1956,159.461
Sub-Saharan Africa,,1957,159.5084
Sub-Saharan Africa,,1958,159.5494
Sub-Saharan Africa,,1959,159.584
Sub-Saharan Africa,,1960,159.6126
Sub-Saharan Africa,,1961,159.6351
Sub-Saharan Africa,,1962,159.6515
Sub-Saharan Africa,,1963,159.6602
Sub-Saharan Africa,,1964,159.6603
Sub-Saharan Africa,,1965,159.6519
Sub-Saharan Africa,,1966,159.6358
Sub-Saharan Africa,,1967,159.613
Sub-Saharan Africa,,1968,159.5837
Sub-Saharan Africa,,1969,159.5479
Sub-Saharan Africa,,1970,159.5056
Sub-Saharan Africa,,1971,159.4566
Sub-Saharan Africa,,1972,159.4017
Sub-Saharan Africa,,1973,159.3416
Sub-Saharan Africa,,1974,159.2779
Sub-Saharan Africa,,1975,159.2104
Sub-Saharan Africa,,1976,159.1389
Sub-Saharan Africa,,1977,159.0632
Sub-Saharan Africa,,1978,158.9837
Sub-Saharan Africa,,1979,158.9007
Sub-Saharan Africa,,1980,158.8163
Sub-Saharan Africa,,1981,158.7322
Sub-Saharan Africa,,1982,158.6498
Sub-Saharan Africa,,1983,158.5694
Sub-Saharan Africa,,1984,158.4905
Sub-Saharan Africa,,1985,158.4123
Sub-Saharan Africa,,1986,158.3343
Sub-Saharan Africa,,1987,158.2553
Sub-Saharan Africa,,1988,158.175
Sub-Saharan Africa,,1989,158.0942
Sub-Saharan Africa,,1990,158.0128
Sub-Saharan Africa,,1991,157.9322
Sub-Saharan Africa,,1992,157.8518
Sub-Saharan Africa,,1993,157.7712
Sub-Saharan Africa,,1994,157.6898
Sub-Saharan Africa,,1995,157.6084
Sub-Saharan Africa,,1996,157.5269
Sudan,SDN,1896,151.76196
Sudan,SDN,1897,151.87408
Sudan,SDN,1898,151.9865
Sudan,SDN,1899,152.09892
Sudan,SDN,1900,152.21097
Sudan,SDN,1901,152.32256
Sudan,SDN,1902,152.43376
Sudan,SDN,1903,152.54393
Sudan,SDN,1904,152.65286
Sudan,SDN,1905,152.7605
Sudan,SDN,1906,152.86662
Sudan,SDN,1907,152.97147
Sudan,SDN,1908,153.07526
Sudan,SDN,1909,153.17822
Sudan,SDN,1910,153.2809
Sudan,SDN,1911,153.38374
Sudan,SDN,1912,153.48738
Sudan,SDN,1913,153.59206
Sudan,SDN,1914,153.69756
Sudan,SDN,1915,153.80399
Sudan,SDN,1916,153.9111
Sudan,SDN,1917,154.01953
Sudan,SDN,1918,154.12851
Sudan,SDN,1919,154.23737
Sudan,SDN,1920,154.34633
Sudan,SDN,1921,154.45468
Sudan,SDN,1922,154.56163
Sudan,SDN,1923,154.66583
Sudan,SDN,1924,154.76854
Sudan,SDN,1925,154.87119
Sudan,SDN,1926,154.97379
Sudan,SDN,1927,155.07664
Sudan,SDN,1928,155.18027
Sudan,SDN,1929,155.28522
Sudan,SDN,1930,155.39067
Sudan,SDN,1931,155.49567
Sudan,SDN,1932,155.60052
Sudan,SDN,1933,155.70609
Sudan,SDN,1934,155.81311
Sudan,SDN,1935,155.92102
Sudan,SDN,1936,156.02988
Sudan,SDN,1937,156.13864
Sudan,SDN,1938,156.24672
Sudan,SDN,1939,156.35379
Sudan,SDN,1940,156.45876
Sudan,SDN,1941,156.56108
Sudan,SDN,1942,156.66096
Sudan,SDN,1943,156.75912
Sudan,SDN,1944,156.85619
Sudan,SDN,1945,156.9513
Sudan,SDN,1946,157.04483
Sudan,SDN,1947,157.13716
Sudan,SDN,1948,157.2269
Sudan,SDN,1949,157.31448
Sudan,SDN,1950,157.40065
Sudan,SDN,1951,157.48456
Sudan,SDN,1952,157.56412
Sudan,SDN,1953,157.63866
Sudan,SDN,1954,157.70697
Sudan,SDN,1955,157.76877
Sudan,SDN,1956,157.82353
Sudan,SDN,1957,157.87149
Sudan,SDN,1958,157.91328
Sudan,SDN,1959,157.94888
Sudan,SDN,1960,157.9778
Sudan,SDN,1961,157.99982
Sudan,SDN,1962,158.01445
Sudan,SDN,1963,158.02017
Sudan,SDN,1964,158.01593
Sudan,SDN,1965,158.0022
Sudan,SDN,1966,157.97969
Sudan,SDN,1967,157.94951
Sudan,SDN,1968,157.91223
Sudan,SDN,1969,157.86809
Sudan,SDN,1970,157.81778
Sudan,SDN,1971,157.7617
Sudan,SDN,1972,157.70103
Sudan,SDN,1973,157.63661
Sudan,SDN,1974,157.5697
Sudan,SDN,1975,157.50047
Sudan,SDN,1976,157.42836
Sudan,SDN,1977,157.35336
Sudan,SDN,1978,157.27625
Sudan,SDN,1979,157.19733
Sudan,SDN,1980,157.11833
Sudan,SDN,1981,157.04094
Sudan,SDN,1982,156.96667
Sudan,SDN,1983,156.89554
Sudan,SDN,1984,156.82668
Sudan,SDN,1985,156.75928
Sudan,SDN,1986,156.69284
Sudan,SDN,1987,156.62622
Sudan,SDN,1988,156.5592
Sudan,SDN,1989,156.49268
Sudan,SDN,1990,156.42598
Sudan,SDN,1991,156.36055
Sudan,SDN,1992,156.29585
Sudan,SDN,1993,156.23122
Sudan,SDN,1994,156.16656
Sudan,SDN,1995,156.10214
Sudan,SDN,1996,156.03802
Suriname,SUR,1896,150.49094
Suriname,SUR,1897,150.68329
Suriname,SUR,1898,150.87614
Suriname,SUR,1899,151.06908
Suriname,SUR,1900,151.26183
Suriname,SUR,1901,151.4542
Suriname,SUR,1902,151.64592
Suriname,SUR,1903,151.83699
Suriname,SUR,1904,152.0269
Suriname,SUR,1905,152.21559
Suriname,SUR,1906,152.40309
Suriname,SUR,1907,152.58916
Suriname,SUR,1908,152.77463
Suriname,SUR,1909,152.95917
Suriname,SUR,1910,153.14345
Suriname,SUR,1911,153.3281
Suriname,SUR,1912,153.51381
Suriname,SUR,1913,153.7013
Suriname,SUR,1914,153.8898
Suriname,SUR,1915,154.08002
Suriname,SUR,1916,154.27168
Suriname,SUR,1917,154.46484
Suriname,SUR,1918,154.65869
Suriname,SUR,1919,154.8528
Suriname,SUR,1920,155.04718
Suriname,SUR,1921,155.24037
Suriname,SUR,1922,155.43152
Suriname,SUR,1923,155.61974
Suriname,SUR,1924,155.80481
Suriname,SUR,1925,155.98782
Suriname,SUR,1926,156.16827
Suriname,SUR,1927,156.34633
Suriname,SUR,1928,156.52235
Suriname,SUR,1929,156.69615
Suriname,SUR,1930,156.86676
Suriname,SUR,1931,157.0332
Suriname,SUR,1932,157.19456
Suriname,SUR,1933,157.35188
Suriname,SUR,1934,157.50668
Suriname,SUR,1935,157.65932
Suriname,SUR,1936,157.81033
Suriname,SUR,1937,157.95908
Suriname,SUR,1938,158.10501
Suriname,SUR,1939,158.24689
Suriname,SUR,1940,158.38467
Suriname,SUR,1941,158.51807
Suriname,SUR,1942,158.64731
Suriname,SUR,1943,158.7742
Suriname,SUR,1944,158.89905
Suriname,SUR,1945,159.0222
Suriname,SUR,1946,159.14404
Suriname,SUR,1947,159.26382
Suriname,SUR,1948,159.38101
Suriname,SUR,1949,159.49516
Suriname,SUR,1950,159.60587
Suriname,SUR,1951,159.71246
Suriname,SUR,1952,159.81387
Suriname,SUR,1953,159.90979
Suriname,SUR,1954,160.00005
Suriname,SUR,1955,160.0854
Suriname,SUR,1956,160.16623
Suriname,SUR,1957,160.24231
Suriname,SUR,1958,160.31438
Suriname,SUR,1959,160.38242
Suriname,SUR,1960,160.44653
Suriname,SUR,1961,160.5064
Suriname,SUR,1962,160.56178
Suriname,SUR,1963,160.61156
Suriname,SUR,1964,160.65433
Suriname,SUR,1965,160.68962
Suriname,SUR,1966,160.71788
Suriname,SUR,1967,160.73962
Suriname,SUR,1968,160.75578
Suriname,SUR,1969,160.76797
Suriname,SUR,1970,160.77669
Suriname,SUR,1971,160.78333
Suriname,SUR,1972,160.78874
Suriname,SUR,1973,160.79327
Suriname,SUR,1974,160.79784
Suriname,SUR,1975,160.80168
Suriname,SUR,1976,160.80391
Suriname,SUR,1977,160.80434
Suriname,SUR,1978,160.80284
Suriname,SUR,1979,160.79994
Suriname,SUR,1980,160.79742
Suriname,SUR,1981,160.79597
Suriname,SUR,1982,160.79562
Suriname,SUR,1983,160.7966
Suriname,SUR,1984,160.798
Suriname,SUR,1985,160.79837
Suriname,SUR,1986,160.79619
Suriname,SUR,1987,160.79123
Suriname,SUR,1988,160.78221
Suriname,SUR,1989,160.77013
Suriname,SUR,1990,160.75557
Suriname,SUR,1991,160.7399
Suriname,SUR,1992,160.7242
Suriname,SUR,1993,160.70853
Suriname,SUR,1994,160.69316
Suriname,SUR,1995,160.6782
Suriname,SUR,1996,160.663
Sweden,SWE,1896,160.28854
Sweden,SWE,1897,160.36946
Sweden,SWE,1898,160.45053
Sweden,SWE,1899,160.53166
Sweden,SWE,1900,160.61273
Sweden,SWE,1901,160.69385
Sweden,SWE,1902,160.7749
Sweden,SWE,1903,160.85536
Sweden,SWE,1904,160.93507
Sweden,SWE,1905,161.01414
Sweden,SWE,1906,161.09274
Sweden,SWE,1907,161.17107
Sweden,SWE,1908,161.24953
Sweden,SWE,1909,161.32831
Sweden,SWE,1910,161.40913
Sweden,SWE,1911,161.49388
Sweden,SWE,1912,161.58337
Sweden,SWE,1913,161.67772
Sweden,SWE,1914,161.7765
Sweden,SWE,1915,161.87918
Sweden,SWE,1916,161.9844
Sweden,SWE,1917,162.09111
Sweden,SWE,1918,162.19786
Sweden,SWE,1919,162.30255
Sweden,SWE,1920,162.40472
Sweden,SWE,1921,162.50473
Sweden,SWE,1922,162.60304
Sweden,SWE,1923,162.69861
Sweden,SWE,1924,162.79225
Sweden,SWE,1925,162.8868
Sweden,SWE,1926,162.9827
Sweden,SWE,1927,163.0803
Sweden,SWE,1928,163.1803
Sweden,SWE,1929,163.28302
Sweden,SWE,1930,163.38843
Sweden,SWE,1931,163.49507
Sweden,SWE,1932,163.60454
Sweden,SWE,1933,163.71938
Sweden,SWE,1934,163.84036
Sweden,SWE,1935,163.96664
Sweden,SWE,1936,164.09665
Sweden,SWE,1937,164.22627
Sweden,SWE,1938,164.35243
Sweden,SWE,1939,164.47186
Sweden,SWE,1940,164.58153
Sweden,SWE,1941,164.6793
Sweden,SWE,1942,164.7661
Sweden,SWE,1943,164.84378
Sweden,SWE,1944,164.91501
Sweden,SWE,1945,164.98187
Sweden,SWE,1946,165.04637
Sweden,SWE,1947,165.10995
Sweden,SWE,1948,165.17325
Sweden,SWE,1949,165.23732
Sweden,SWE,1950,165.30368
Sweden,SWE,1951,165.37227
Sweden,SWE,1952,165.44283
Sweden,SWE,1953,165.51588
Sweden,SWE,1954,165.59189
Sweden,SWE,1955,165.67142
Sweden,SWE,1956,165.7544
Sweden,SWE,1957,165.84143
Sweden,SWE,1958,165.93181
Sweden,SWE,1959,166.02386
Sweden,SWE,1960,166.11627
Sweden,SWE,1961,166.20792
Sweden,SWE,1962,166.29639
Sweden,SWE,1963,166.37782
Sweden,SWE,1964,166.44969
Sweden,SWE,1965,166.51091
Sweden,SWE,1966,166.56114
Sweden,SWE,1967,166.60161
Sweden,SWE,1968,166.63289
Sweden,SWE,1969,166.65645
Sweden,SWE,1970,166.67174
Sweden,SWE,1971,166.67946
Sweden,SWE,1972,166.67996
Sweden,SWE,1973,166.67348
Sweden,SWE,1974,166.65976
Sweden,SWE,1975,166.6388
Sweden,SWE,1976,166.61032
Sweden,SWE,1977,166.57437
Sweden,SWE,1978,166.53154
Sweden,SWE,1979,166.4832
Sweden,SWE,1980,166.43248
Sweden,SWE,1981,166.38135
Sweden,SWE,1982,166.33203
Sweden,SWE,1983,166.286
Sweden,SWE,1984,166.24207
Sweden,SWE,1985,166.19954
Sweden,SWE,1986,166.15738
Sweden,SWE,1987,166.11469
Sweden,SWE,1988,166.07071
Sweden,SWE,1989,166.02547
Sweden,SWE,1990,165.97868
Sweden,SWE,1991,165.93178
Sweden,SWE,1992,165.8849
Sweden,SWE,1993,165.83829
Sweden,SWE,1994,165.79146
Sweden,SWE,1995,165.7445
Sweden,SWE,1996,165.69746
Switzerland,CHE,1896,157.5345
Switzerland,CHE,1897,157.6297
Switzerland,CHE,1898,157.7253
Switzerland,CHE,1899,157.82082
Switzerland,CHE,1900,157.91647
Switzerland,CHE,1901,158.01198
Switzerland,CHE,1902,158.10773
Switzerland,CHE,1903,158.2028
Switzerland,CHE,1904,158.29703
Switzerland,CHE,1905,158.39066
Switzerland,CHE,1906,158.48372
Switzerland,CHE,1907,158.57672
Switzerland,CHE,1908,158.66986
Switzerland,CHE,1909,158.7636
Switzerland,CHE,1910,158.85951
Switzerland,CHE,1911,158.95934
Switzerland,CHE,1912,159.06383
Switzerland,CHE,1913,159.17297
Switzerland,CHE,1914,159.28654
Switzerland,CHE,1915,159.40442
Switzerland,CHE,1916,159.52452
Switzerland,CHE,1917,159.6459
Switzerland,CHE,1918,159.76678
Switzerland,CHE,1919,159.88525
Switzerland,CHE,1920,160.00052
Switzerland,CHE,1921,160.11218
Switzerland,CHE,1922,160.22047
Switzerland,CHE,1923,160.32443
Switzerland,CHE,1924,160.42482
Switzerland,CHE,1925,160.5243
Switzerland,CHE,1926,160.62312
Switzerland,CHE,1927,160.72185
Switzerland,CHE,1928,160.82127
Switzerland,CHE,1929,160.92154
Switzerland,CHE,1930,161.02272
Switzerland,CHE,1931,161.12314
Switzerland,CHE,1932,161.2247
Switzerland,CHE,1933,161.33014
Switzerland,CHE,1934,161.44052
Switzerland,CHE,1935,161.55539
Switzerland,CHE,1936,161.67322
Switzerland,CHE,1937,161.79062
Switzerland,CHE,1938,161.90451
Switzerland,CHE,1939,162.01256
Switzerland,CHE,1940,162.11166
Switzerland,CHE,1941,162.20009
Switzerland,CHE,1942,162.27913
Switzerland,CHE,1943,162.3503
Switzerland,CHE,1944,162.41655
Switzerland,CHE,1945,162.48021
Switzerland,CHE,1946,162.54343
Switzerland,CHE,1947,162.60783
Switzerland,CHE,1948,162.67413
Switzerland,CHE,1949,162.74379
Switzerland,CHE,1950,162.81813
Switzerland,CHE,1951,162.89645
Switzerland,CHE,1952,162.97858
Switzerland,CHE,1953,163.06453
Switzerland,CHE,1954,163.15456
Switzerland,CHE,1955,163.24904
Switzerland,CHE,1956,163.34705
Switzerland,CHE,1957,163.44945
Switzerland,CHE,1958,163.55475
Switzerland,CHE,1959,163.66139
Switzerland,CHE,1960,163.7678
Switzerland,CHE,1961,163.8724
Switzerland,CHE,1962,163.97237
Switzerland,CHE,1963,164.0642
Switzerland,CHE,1964,164.14484
Switzerland,CHE,1965,164.21307
Switzerland,CHE,1966,164.26865
Switzerland,CHE,1967,164.31302
Switzerland,CHE,1968,164.34686
Switzerland,CHE,1969,164.37207
Switzerland,CHE,1970,164.38821
Switzerland,CHE,1971,164.39644
Switzerland,CHE,1972,164.39717
Switzerland,CHE,1973,164.39096
Switzerland,CHE,1974,164.37778
Switzerland,CHE,1975,164.35762
Switzerland,CHE,1976,164.33002
Switzerland,CHE,1977,164.29521
Switzerland,CHE,1978,164.25352
Switzerland,CHE,1979,164.2065
Switzerland,CHE,1980,164.15714
Switzerland,CHE,1981,164.10751
Switzerland,CHE,1982,164.05981
Switzerland,CHE,1983,164.0155
Switzerland,CHE,1984,163.97331
Switzerland,CHE,1985,163.93239
Switzerland,CHE,1986,163.89215
Switzerland,CHE,1987,163.8516
Switzerland,CHE,1988,163.80942
Switzerland,CHE,1989,163.76619
Switzerland,CHE,1990,163.72147
Switzerland,CHE,1991,163.67668
Switzerland,CHE,1992,163.632
Switzerland,CHE,1993,163.58743
Switzerland,CHE,1994,163.54243
Switzerland,CHE,1995,163.49754
Switzerland,CHE,1996,163.45264
Syria,SYR,1896,149.60995
Syria,SYR,1897,149.75151
Syria,SYR,1898,149.89317
Syria,SYR,1899,150.03508
Syria,SYR,1900,150.17708
Syria,SYR,1901,150.31862
Syria,SYR,1902,150.45987
Syria,SYR,1903,150.6003
Syria,SYR,1904,150.73975
Syria,SYR,1905,150.87822
Syria,SYR,1906,151.01587
Syria,SYR,1907,151.1526
Syria,SYR,1908,151.28848
Syria,SYR,1909,151.42389
Syria,SYR,1910,151.55891
Syria,SYR,1911,151.69424
Syria,SYR,1912,151.83073
Syria,SYR,1913,151.96832
Syria,SYR,1914,152.10684
Syria,SYR,1915,152.24677
Syria,SYR,1916,152.38828
Syria,SYR,1917,152.53123
Syria,SYR,1918,152.67598
Syria,SYR,1919,152.82143
Syria,SYR,1920,152.9672
Syria,SYR,1921,153.1122
Syria,SYR,1922,153.25616
Syria,SYR,1923,153.39803
Syria,SYR,1924,153.53824
Syria,SYR,1925,153.67755
Syria,SYR,1926,153.81587
Syria,SYR,1927,153.95361
Syria,SYR,1928,154.09097
Syria,SYR,1929,154.22884
Syria,SYR,1930,154.36757
Syria,SYR,1931,154.50607
Syria,SYR,1932,154.64464
Syria,SYR,1933,154.78383
Syria,SYR,1934,154.9238
Syria,SYR,1935,155.06435
Syria,SYR,1936,155.2051
Syria,SYR,1937,155.34471
Syria,SYR,1938,155.48279
Syria,SYR,1939,155.61917
Syria,SYR,1940,155.75311
Syria,SYR,1941,155.88455
Syria,SYR,1942,156.01346
Syria,SYR,1943,156.14113
Syria,SYR,1944,156.26796
Syria,SYR,1945,156.39435
Syria,SYR,1946,156.51985
Syria,SYR,1947,156.64388
Syria,SYR,1948,156.76541
Syria,SYR,1949,156.88472
Syria,SYR,1950,157.00197
Syria,SYR,1951,157.11746
Syria,SYR,1952,157.2299
Syria,SYR,1953,157.33911
Syria,SYR,1954,157.44444
Syria,SYR,1955,157.54628
Syria,SYR,1956,157.64381
Syria,SYR,1957,157.73756
Syria,SYR,1958,157.82816
Syria,SYR,1959,157.91446
Syria,SYR,1960,157.99701
Syria,SYR,1961,158.07562
Syria,SYR,1962,158.14932
Syria,SYR,1963,158.21664
Syria,SYR,1964,158.27707
Syria,SYR,1965,158.33086
Syria,SYR,1966,158.3795
Syria,SYR,1967,158.42393
Syria,SYR,1968,158.46445
Syria,SYR,1969,158.50043
Syria,SYR,1970,158.5317
Syria,SYR,1971,158.55876
Syria,SYR,1972,158.58185
Syria,SYR,1973,158.60158
Syria,SYR,1974,158.61972
Syria,SYR,1975,158.63557
Syria,SYR,1976,158.64914
Syria,SYR,1977,158.65918
Syria,SYR,1978,158.66643
Syria,SYR,1979,158.6716
Syria,SYR,1980,158.6761
Syria,SYR,1981,158.68079
Syria,SYR,1982,158.68695
Syria,SYR,1983,158.69453
Syria,SYR,1984,158.70265
Syria,SYR,1985,158.71022
Syria,SYR,1986,158.71608
Syria,SYR,1987,158.71997
Syria,SYR,1988,158.72055
Syria,SYR,1989,158.71785
Syria,SYR,1990,158.7118
Syria,SYR,1991,158.7039
Syria,SYR,1992,158.69447
Syria,SYR,1993,158.68402
Syria,SYR,1994,158.67203
Syria,SYR,1995,158.65958
Syria,SYR,1996,158.64705
Taiwan,TWN,1896,149.38083
Taiwan,TWN,1897,149.4958
Taiwan,TWN,1898,149.61125
Taiwan,TWN,1899,149.72739
Taiwan,TWN,1900,149.84312
Taiwan,TWN,1901,149.95833
Taiwan,TWN,1902,150.07301
Taiwan,TWN,1903,150.18651
Taiwan,TWN,1904,150.29823
Taiwan,TWN,1905,150.40817
Taiwan,TWN,1906,150.5162
Taiwan,TWN,1907,150.62181
Taiwan,TWN,1908,150.72626
Taiwan,TWN,1909,150.82932
Taiwan,TWN,1910,150.9318
Taiwan,TWN,1911,151.0339
Taiwan,TWN,1912,151.13634
Taiwan,TWN,1913,151.23943
Taiwan,TWN,1914,151.34377
Taiwan,TWN,1915,151.44962
Taiwan,TWN,1916,151.55757
Taiwan,TWN,1917,151.66809
Taiwan,TWN,1918,151.78131
Taiwan,TWN,1919,151.89696
Taiwan,TWN,1920,152.01576
Taiwan,TWN,1921,152.13791
Taiwan,TWN,1922,152.2633
Taiwan,TWN,1923,152.39163
Taiwan,TWN,1924,152.52379
Taiwan,TWN,1925,152.66151
Taiwan,TWN,1926,152.80482
Taiwan,TWN,1927,152.95164
Taiwan,TWN,1928,153.1004
Taiwan,TWN,1929,153.24956
Taiwan,TWN,1930,153.3977
Taiwan,TWN,1931,153.5429
Taiwan,TWN,1932,153.68495
Taiwan,TWN,1933,153.82585
Taiwan,TWN,1934,153.96535
Taiwan,TWN,1935,154.10338
Taiwan,TWN,1936,154.24004
Taiwan,TWN,1937,154.37482
Taiwan,TWN,1938,154.50642
Taiwan,TWN,1939,154.6342
Taiwan,TWN,1940,154.75839
Taiwan,TWN,1941,154.87979
Taiwan,TWN,1942,154.99985
Taiwan,TWN,1943,155.12068
Taiwan,TWN,1944,155.24327
Taiwan,TWN,1945,155.36751
Taiwan,TWN,1946,155.49364
Taiwan,TWN,1947,155.62132
Taiwan,TWN,1948,155.74927
Taiwan,TWN,1949,155.87721
Taiwan,TWN,1950,156.00519
Taiwan,TWN,1951,156.13287
Taiwan,TWN,1952,156.2589
Taiwan,TWN,1953,156.38297
Taiwan,TWN,1954,156.50473
Taiwan,TWN,1955,156.62415
Taiwan,TWN,1956,156.74147
Taiwan,TWN,1957,156.85812
Taiwan,TWN,1958,156.97481
Taiwan,TWN,1959,157.09119
Taiwan,TWN,1960,157.20813
Taiwan,TWN,1961,157.32599
Taiwan,TWN,1962,157.44499
Taiwan,TWN,1963,157.56325
Taiwan,TWN,1964,157.67914
Taiwan,TWN,1965,157.79265
Taiwan,TWN,1966,157.90517
Taiwan,TWN,1967,158.01831
Taiwan,TWN,1968,158.13226
Taiwan,TWN,1969,158.24677
Taiwan,TWN,1970,158.36133
Taiwan,TWN,1971,158.47653
Taiwan,TWN,1972,158.59164
Taiwan,TWN,1973,158.70724
Taiwan,TWN,1974,158.82443
Taiwan,TWN,1975,158.94237
Taiwan,TWN,1976,159.0608
Taiwan,TWN,1977,159.17885
Taiwan,TWN,1978,159.29668
Taiwan,TWN,1979,159.41472
Taiwan,TWN,1980,159.53299
Taiwan,TWN,1981,159.65231
Taiwan,TWN,1982,159.7724
Taiwan,TWN,1983,159.8932
Taiwan,TWN,1984,160.01456
Taiwan,TWN,1985,160.13562
Taiwan,TWN,1986,160.25673
Taiwan,TWN,1987,160.37656
Taiwan,TWN,1988,160.49522
Taiwan,TWN,1989,160.61378
Taiwan,TWN,1990,160.73193
Taiwan,TWN,1991,160.8507
Taiwan,TWN,1992,160.97012
Taiwan,TWN,1993,161.09044
Taiwan,TWN,1994,161.21147
Taiwan,TWN,1995,161.33243
Taiwan,TWN,1996,161.45348
Tajikistan,TJK,1896,150.88641
Tajikistan,TJK,1897,151.05138
Tajikistan,TJK,1898,151.21686
Tajikistan,TJK,1899,151.38255
Tajikistan,TJK,1900,151.54828
Tajikistan,TJK,1901,151.71344
Tajikistan,TJK,1902,151.87791
Tajikistan,TJK,1903,152.04163
Tajikistan,TJK,1904,152.20396
Tajikistan,TJK,1905,152.3654
Tajikistan,TJK,1906,152.52594
Tajikistan,TJK,1907,152.68538
Tajikistan,TJK,1908,152.84348
Tajikistan,TJK,1909,153.00063
Tajikistan,TJK,1910,153.1577
Tajikistan,TJK,1911,153.31494
Tajikistan,TJK,1912,153.47255
Tajikistan,TJK,1913,153.63092
Tajikistan,TJK,1914,153.79001
Tajikistan,TJK,1915,153.95041
Tajikistan,TJK,1916,154.11176
Tajikistan,TJK,1917,154.27394
Tajikistan,TJK,1918,154.43643
Tajikistan,TJK,1919,154.59888
Tajikistan,TJK,1920,154.76122
Tajikistan,TJK,1921,154.92212
Tajikistan,TJK,1922,155.08151
Tajikistan,TJK,1923,155.23866
Tajikistan,TJK,1924,155.3935
Tajikistan,TJK,1925,155.547
Tajikistan,TJK,1926,155.69922
Tajikistan,TJK,1927,155.85037
Tajikistan,TJK,1928,156.0003
Tajikistan,TJK,1929,156.14919
Tajikistan,TJK,1930,156.29712
Tajikistan,TJK,1931,156.44324
Tajikistan,TJK,1932,156.58736
Tajikistan,TJK,1933,156.72986
Tajikistan,TJK,1934,156.87144
Tajikistan,TJK,1935,157.0118
Tajikistan,TJK,1936,157.15074
Tajikistan,TJK,1937,157.28717
Tajikistan,TJK,1938,157.42026
Tajikistan,TJK,1939,157.54938
Tajikistan,TJK,1940,157.67406
Tajikistan,TJK,1941,157.7941
Tajikistan,TJK,1942,157.90916
Tajikistan,TJK,1943,158.0206
Tajikistan,TJK,1944,158.12871
Tajikistan,TJK,1945,158.23369
Tajikistan,TJK,1946,158.33467
Tajikistan,TJK,1947,158.43173
Tajikistan,TJK,1948,158.52425
Tajikistan,TJK,1949,158.61221
Tajikistan,TJK,1950,158.69553
Tajikistan,TJK,1951,158.77397
Tajikistan,TJK,1952,158.84656
Tajikistan,TJK,1953,158.9136
Tajikistan,TJK,1954,158.9746
Tajikistan,TJK,1955,159.0299
Tajikistan,TJK,1956,159.07901
Tajikistan,TJK,1957,159.12244
Tajikistan,TJK,1958,159.16081
Tajikistan,TJK,1959,159.19414
Tajikistan,TJK,1960,159.22293
Tajikistan,TJK,1961,159.24693
Tajikistan,TJK,1962,159.26538
Tajikistan,TJK,1963,159.27742
Tajikistan,TJK,1964,159.28204
Tajikistan,TJK,1965,159.27893
Tajikistan,TJK,1966,159.26869
Tajikistan,TJK,1967,159.25233
Tajikistan,TJK,1968,159.2298
Tajikistan,TJK,1969,159.20143
Tajikistan,TJK,1970,159.16727
Tajikistan,TJK,1971,159.12799
Tajikistan,TJK,1972,159.08417
Tajikistan,TJK,1973,159.03654
Tajikistan,TJK,1974,158.9864
Tajikistan,TJK,1975,158.9331
Tajikistan,TJK,1976,158.87631
Tajikistan,TJK,1977,158.81577
Tajikistan,TJK,1978,158.7517
Tajikistan,TJK,1979,158.68466
Tajikistan,TJK,1980,158.61647
Tajikistan,TJK,1981,158.54782
Tajikistan,TJK,1982,158.47939
Tajikistan,TJK,1983,158.41136
Tajikistan,TJK,1984,158.34319
Tajikistan,TJK,1985,158.27393
Tajikistan,TJK,1986,158.20236
Tajikistan,TJK,1987,158.12787
Tajikistan,TJK,1988,158.04959
Tajikistan,TJK,1989,157.96748
Tajikistan,TJK,1990,157.8814
Tajikistan,TJK,1991,157.79277
Tajikistan,TJK,1992,157.70212
Tajikistan,TJK,1993,157.60983
Tajikistan,TJK,1994,157.51596
Tajikistan,TJK,1995,157.42159
Tajikistan,TJK,1996,157.32744
Tanzania,TZA,1896,150.97514
Tanzania,TZA,1897,151.08069
Tanzania,TZA,1898,151.18651
Tanzania,TZA,1899,151.29233
Tanzania,TZA,1900,151.39801
Tanzania,TZA,1901,151.5034
Tanzania,TZA,1902,151.60823
Tanzania,TZA,1903,151.71199
Tanzania,TZA,1904,151.81456
Tanzania,TZA,1905,151.91583
Tanzania,TZA,1906,152.01553
Tanzania,TZA,1907,152.11401
Tanzania,TZA,1908,152.21169
Tanzania,TZA,1909,152.30838
Tanzania,TZA,1910,152.40489
Tanzania,TZA,1911,152.5017
Tanzania,TZA,1912,152.59943
Tanzania,TZA,1913,152.69807
Tanzania,TZA,1914,152.7978
Tanzania,TZA,1915,152.8989
Tanzania,TZA,1916,153.00047
Tanzania,TZA,1917,153.1032
Tanzania,TZA,1918,153.20656
Tanzania,TZA,1919,153.31026
Tanzania,TZA,1920,153.41408
Tanzania,TZA,1921,153.51738
Tanzania,TZA,1922,153.61954
Tanzania,TZA,1923,153.71933
Tanzania,TZA,1924,153.81776
Tanzania,TZA,1925,153.91609
Tanzania,TZA,1926,154.01456
Tanzania,TZA,1927,154.11362
Tanzania,TZA,1928,154.21373
Tanzania,TZA,1929,154.31516
Tanzania,TZA,1930,154.41745
Tanzania,TZA,1931,154.5195
Tanzania,TZA,1932,154.62201
Tanzania,TZA,1933,154.72511
Tanzania,TZA,1934,154.82967
Tanzania,TZA,1935,154.93507
Tanzania,TZA,1936,155.04123
Tanzania,TZA,1937,155.1476
Tanzania,TZA,1938,155.25331
Tanzania,TZA,1939,155.35814
Tanzania,TZA,1940,155.46126
Tanzania,TZA,1941,155.56215
Tanzania,TZA,1942,155.66089
Tanzania,TZA,1943,155.75848
Tanzania,TZA,1944,155.8552
Tanzania,TZA,1945,155.95065
Tanzania,TZA,1946,156.04553
Tanzania,TZA,1947,156.13986
Tanzania,TZA,1948,156.23296
Tanzania,TZA,1949,156.32558
Tanzania,TZA,1950,156.41898
Tanzania,TZA,1951,156.51192
Tanzania,TZA,1952,156.60196
Tanzania,TZA,1953,156.68855
Tanzania,TZA,1954,156.77022
Tanzania,TZA,1955,156.84624
Tanzania,TZA,1956,156.91612
Tanzania,TZA,1957,156.98021
Tanzania,TZA,1958,157.03899
Tanzania,TZA,1959,157.0919
Tanzania,TZA,1960,157.13777
Tanzania,TZA,1961,157.17668
Tanzania,TZA,1962,157.208
Tanzania,TZA,1963,157.23036
Tanzania,TZA,1964,157.24255
Tanzania,TZA,1965,157.2448
Tanzania,TZA,1966,157.23793
Tanzania,TZA,1967,157.22281
Tanzania,TZA,1968,157.2001
Tanzania,TZA,1969,157.17033
Tanzania,TZA,1970,157.13402
Tanzania,TZA,1971,157.09196
Tanzania,TZA,1972,157.04587
Tanzania,TZA,1973,156.9973
Tanzania,TZA,1974,156.9477
Tanzania,TZA,1975,156.89662
Tanzania,TZA,1976,156.84332
Tanzania,TZA,1977,156.78766
Tanzania,TZA,1978,156.73062
Tanzania,TZA,1979,156.6724
Tanzania,TZA,1980,156.6144
Tanzania,TZA,1981,156.55779
Tanzania,TZA,1982,156.50438
Tanzania,TZA,1983,156.45432
Tanzania,TZA,1984,156.40689
Tanzania,TZA,1985,156.36082
Tanzania,TZA,1986,156.31552
Tanzania,TZA,1987,156.26987
Tanzania,TZA,1988,156.22354
Tanzania,TZA,1989,156.17767
Tanzania,TZA,1990,156.13152
Tanzania,TZA,1991,156.08635
Tanzania,TZA,1992,156.04166
Tanzania,TZA,1993,155.99695
Tanzania,TZA,1994,155.95172
Tanzania,TZA,1995,155.90657
Tanzania,TZA,1996,155.86145
Thailand,THA,1896,148.18684
Thailand,THA,1897,148.27303
Thailand,THA,1898,148.35942
Thailand,THA,1899,148.44582
Thailand,THA,1900,148.53188
Thailand,THA,1901,148.61743
Thailand,THA,1902,148.7023
Thailand,THA,1903,148.78609
Thailand,THA,1904,148.86824
Thailand,THA,1905,148.9489
Thailand,THA,1906,149.02797
Thailand,THA,1907,149.10542
Thailand,THA,1908,149.18166
Thailand,THA,1909,149.25658
Thailand,THA,1910,149.3315
Thailand,THA,1911,149.40642
Thailand,THA,1912,149.48227
Thailand,THA,1913,149.55914
Thailand,THA,1914,149.6376
Thailand,THA,1915,149.71814
Thailand,THA,1916,149.80127
Thailand,THA,1917,149.88751
Thailand,THA,1918,149.97748
Thailand,THA,1919,150.07121
Thailand,THA,1920,150.16977
Thailand,THA,1921,150.27321
Thailand,THA,1922,150.38185
Thailand,THA,1923,150.49515
Thailand,THA,1924,150.6134
Thailand,THA,1925,150.73903
Thailand,THA,1926,150.87169
Thailand,THA,1927,151.00946
Thailand,THA,1928,151.15144
Thailand,THA,1929,151.29611
Thailand,THA,1930,151.44171
Thailand,THA,1931,151.5871
Thailand,THA,1932,151.7321
Thailand,THA,1933,151.87784
Thailand,THA,1934,152.02464
Thailand,THA,1935,152.17224
Thailand,THA,1936,152.31923
Thailand,THA,1937,152.46388
Thailand,THA,1938,152.60454
Thailand,THA,1939,152.73953
Thailand,THA,1940,152.86794
Thailand,THA,1941,152.99052
Thailand,THA,1942,153.10822
Thailand,THA,1943,153.22253
Thailand,THA,1944,153.3351
Thailand,THA,1945,153.44545
Thailand,THA,1946,153.55305
Thailand,THA,1947,153.6568
Thailand,THA,1948,153.75597
Thailand,THA,1949,153.84973
Thailand,THA,1950,153.93752
Thailand,THA,1951,154.01836
Thailand,THA,1952,154.09148
Thailand,THA,1953,154.1569
Thailand,THA,1954,154.21466
Thailand,THA,1955,154.26541
Thailand,THA,1956,154.31003
Thailand,THA,1957,154.34956
Thailand,THA,1958,154.38556
Thailand,THA,1959,154.41867
Thailand,THA,1960,154.45015
Thailand,THA,1961,154.48087
Thailand,THA,1962,154.51126
Thailand,THA,1963,154.54083
Thailand,THA,1964,154.56949
Thailand,THA,1965,154.59831
Thailand,THA,1966,154.62933
Thailand,THA,1967,154.66461
Thailand,THA,1968,154.70422
Thailand,THA,1969,154.74786
Thailand,THA,1970,154.7953
Thailand,THA,1971,154.84758
Thailand,THA,1972,154.90495
Thailand,THA,1973,154.96873
Thailand,THA,1974,155.0393
Thailand,THA,1975,155.11566
Thailand,THA,1976,155.19798
Thailand,THA,1977,155.28552
Thailand,THA,1978,155.3786
Thailand,THA,1979,155.47734
Thailand,THA,1980,155.583
Thailand,THA,1981,155.69601
Thailand,THA,1982,155.81618
Thailand,THA,1983,155.9432
Thailand,THA,1984,156.07584
Thailand,THA,1985,156.2132
Thailand,THA,1986,156.35484
Thailand,THA,1987,156.49895
Thailand,THA,1988,156.64494
Thailand,THA,1989,156.79309
Thailand,THA,1990,156.94264
Thailand,THA,1991,157.09412
Thailand,THA,1992,157.24716
Thailand,THA,1993,157.40157
Thailand,THA,1994,157.55716
Thailand,THA,1995,157.71284
Thailand,THA,1996,157.86896
Togo,TGO,1896,153.01491
Togo,TGO,1897,153.11424
Togo,TGO,1898,153.21356
Togo,TGO,1899,153.31287
Togo,TGO,1900,153.41205
Togo,TGO,1901,153.51096
Togo,TGO,1902,153.60944
Togo,TGO,1903,153.70692
Togo,TGO,1904,153.80328
Togo,TGO,1905,153.89857
Togo,TGO,1906,153.99281
Togo,TGO,1907,154.08615
Togo,TGO,1908,154.1786
Togo,TGO,1909,154.27072
Togo,TGO,1910,154.36288
Togo,TGO,1911,154.45569
Togo,TGO,1912,154.54973
Togo,TGO,1913,154.64482
Togo,TGO,1914,154.74104
Togo,TGO,1915,154.83893
Togo,TGO,1916,154.93802
Togo,TGO,1917,155.03867
Togo,TGO,1918,155.14104
Togo,TGO,1919,155.24408
Togo,TGO,1920,155.3483
Togo,TGO,1921,155.45273
Togo,TGO,1922,155.55673
Togo,TGO,1923,155.6592
Togo,TGO,1924,155.76097
Togo,TGO,1925,155.86351
Togo,TGO,1926,155.96735
Togo,TGO,1927,156.0729
Togo,TGO,1928,156.18068
Togo,TGO,1929,156.29114
Togo,TGO,1930,156.40417
Togo,TGO,1931,156.51929
Togo,TGO,1932,156.63658
Togo,TGO,1933,156.75684
Togo,TGO,1934,156.88068
Togo,TGO,1935,157.0077
Togo,TGO,1936,157.13797
Togo,TGO,1937,157.2709
Togo,TGO,1938,157.40616
Togo,TGO,1939,157.54333
Togo,TGO,1940,157.68158
Togo,TGO,1941,157.82008
Togo,TGO,1942,157.95854
Togo,TGO,1943,158.0978
Togo,TGO,1944,158.23778
Togo,TGO,1945,158.37785
Togo,TGO,1946,158.5176
Togo,TGO,1947,158.65646
Togo,TGO,1948,158.79259
Togo,TGO,1949,158.92488
Togo,TGO,1950,159.05287
Togo,TGO,1951,159.17517
Togo,TGO,1952,159.2892
Togo,TGO,1953,159.39398
Togo,TGO,1954,159.48808
Togo,TGO,1955,159.57153
Togo,TGO,1956,159.64482
Togo,TGO,1957,159.70927
Togo,TGO,1958,159.76633
Togo,TGO,1959,159.8164
Togo,TGO,1960,159.86029
Togo,TGO,1961,159.898
Togo,TGO,1962,159.92966
Togo,TGO,1963,159.9539
Togo,TGO,1964,159.96921
Togo,TGO,1965,159.97601
Togo,TGO,1966,159.97523
Togo,TGO,1967,159.96765
Togo,TGO,1968,159.95352
Togo,TGO,1969,159.933
Togo,TGO,1970,159.90578
Togo,TGO,1971,159.87135
Togo,TGO,1972,159.83032
Togo,TGO,1973,159.78368
Togo,TGO,1974,159.73315
Togo,TGO,1975,159.67918
Togo,TGO,1976,159.62166
Togo,TGO,1977,159.5603
Togo,TGO,1978,159.4951
Togo,TGO,1979,159.42639
Togo,TGO,1980,159.35704
Togo,TGO,1981,159.28845
Togo,TGO,1982,159.22197
Togo,TGO,1983,159.15732
Togo,TGO,1984,159.0941
Togo,TGO,1985,159.03185
Togo,TGO,1986,158.96992
Togo,TGO,1987,158.90663
Togo,TGO,1988,158.84169
Togo,TGO,1989,158.77576
Togo,TGO,1990,158.70888
Togo,TGO,1991,158.64246
Togo,TGO,1992,158.5761
Togo,TGO,1993,158.50896
Togo,TGO,1994,158.44089
Togo,TGO,1995,158.37263
Togo,TGO,1996,158.30354
Tokelau,TKL,1896,155.32228
Tokelau,TKL,1897,155.47699
Tokelau,TKL,1898,155.63206
Tokelau,TKL,1899,155.78697
Tokelau,TKL,1900,155.9414
Tokelau,TKL,1901,156.09479
Tokelau,TKL,1902,156.2471
Tokelau,TKL,1903,156.39758
Tokelau,TKL,1904,156.5458
Tokelau,TKL,1905,156.69167
Tokelau,TKL,1906,156.83496
Tokelau,TKL,1907,156.97571
Tokelau,TKL,1908,157.11363
Tokelau,TKL,1909,157.24889
Tokelau,TKL,1910,157.38187
Tokelau,TKL,1911,157.51323
Tokelau,TKL,1912,157.64331
Tokelau,TKL,1913,157.77199
Tokelau,TKL,1914,157.89932
Tokelau,TKL,1915,158.02547
Tokelau,TKL,1916,158.15068
Tokelau,TKL,1917,158.27432
Tokelau,TKL,1918,158.3967
Tokelau,TKL,1919,158.51707
Tokelau,TKL,1920,158.63565
Tokelau,TKL,1921,158.75182
Tokelau,TKL,1922,158.86562
Tokelau,TKL,1923,158.97653
Tokelau,TKL,1924,159.0849
Tokelau,TKL,1925,159.19179
Tokelau,TKL,1926,159.29765
Tokelau,TKL,1927,159.40218
Tokelau,TKL,1928,159.50581
Tokelau,TKL,1929,159.60861
Tokelau,TKL,1930,159.71019
Tokelau,TKL,1931,159.80956
Tokelau,TKL,1932,159.90663
Tokelau,TKL,1933,160.0023
Tokelau,TKL,1934,160.09789
Tokelau,TKL,1935,160.19366
Tokelau,TKL,1936,160.28996
Tokelau,TKL,1937,160.38652
Tokelau,TKL,1938,160.48347
Tokelau,TKL,1939,160.58044
Tokelau,TKL,1940,160.67696
Tokelau,TKL,1941,160.77293
Tokelau,TKL,1942,160.86899
Tokelau,TKL,1943,160.96614
Tokelau,TKL,1944,161.06488
Tokelau,TKL,1945,161.16501
Tokelau,TKL,1946,161.26672
Tokelau,TKL,1947,161.36926
Tokelau,TKL,1948,161.47194
Tokelau,TKL,1949,161.57448
Tokelau,TKL,1950,161.67702
Tokelau,TKL,1951,161.77934
Tokelau,TKL,1952,161.88048
Tokelau,TKL,1953,161.98001
Tokelau,TKL,1954,162.07744
Tokelau,TKL,1955,162.17297
Tokelau,TKL,1956,162.26648
Tokelau,TKL,1957,162.35823
Tokelau,TKL,1958,162.4485
Tokelau,TKL,1959,162.53673
Tokelau,TKL,1960,162.62228
Tokelau,TKL,1961,162.7051
Tokelau,TKL,1962,162.78432
Tokelau,TKL,1963,162.85852
Tokelau,TKL,1964,162.92647
Tokelau,TKL,1965,162.98727
Tokelau,TKL,1966,163.0412
Tokelau,TKL,1967,163.0888
Tokelau,TKL,1968,163.12987
Tokelau,TKL,1969,163.16457
Tokelau,TKL,1970,163.19308
Tokelau,TKL,1971,163.21577
Tokelau,TKL,1972,163.23225
Tokelau,TKL,1973,163.24315
Tokelau,TKL,1974,163.24858
Tokelau,TKL,1975,163.24783
Tokelau,TKL,1976,163.24069
Tokelau,TKL,1977,163.2266
Tokelau,TKL,1978,163.20624
Tokelau,TKL,1979,163.1804
Tokelau,TKL,1980,163.15088
Tokelau,TKL,1981,163.11842
Tokelau,TKL,1982,163.08391
Tokelau,TKL,1983,163.04805
Tokelau,TKL,1984,163.01077
Tokelau,TKL,1985,162.97223
Tokelau,TKL,1986,162.93182
Tokelau,TKL,1987,162.88896
Tokelau,TKL,1988,162.84378
Tokelau,TKL,1989,162.79729
Tokelau,TKL,1990,162.74971
Tokelau,TKL,1991,162.70189
Tokelau,TKL,1992,162.65424
Tokelau,TKL,1993,162.60686
Tokelau,TKL,1994,162.5594
Tokelau,TKL,1995,162.51172
Tokelau,TKL,1996,162.46404
Tonga,TON,1896,157.57121
Tonga,TON,1897,157.7405
Tonga,TON,1898,157.91011
Tonga,TON,1899,158.0797
Tonga,TON,1900,158.24878
Tonga,TON,1901,158.41693
Tonga,TON,1902,158.58405
Tonga,TON,1903,158.74898
Tonga,TON,1904,158.91177
Tonga,TON,1905,159.07251
Tonga,TON,1906,159.23077
Tonga,TON,1907,159.3864
Tonga,TON,1908,159.53952
Tonga,TON,1909,159.69022
Tonga,TON,1910,159.8388
Tonga,TON,1911,159.98607
Tonga,TON,1912,160.13202
Tonga,TON,1913,160.27661
Tonga,TON,1914,160.42
Tonga,TON,1915,160.56233
Tonga,TON,1916,160.70384
Tonga,TON,1917,160.84404
Tonga,TON,1918,160.98296
Tonga,TON,1919,161.12012
Tonga,TON,1920,161.25586
Tonga,TON,1921,161.3894
Tonga,TON,1922,161.52063
Tonga,TON,1923,161.64903
Tonga,TON,1924,161.77498
Tonga,TON,1925,161.89966
Tonga,TON,1926,162.0236
Tonga,TON,1927,162.14653
Tonga,TON,1928,162.2687
Tonga,TON,1929,162.39
Tonga,TON,1930,162.51044
Tonga,TON,1931,162.62883
Tonga,TON,1932,162.74542
Tonga,TON,1933,162.861
Tonga,TON,1934,162.97647
Tonga,TON,1935,163.09233
Tonga,TON,1936,163.20877
Tonga,TON,1937,163.32568
Tonga,TON,1938,163.44301
Tonga,TON,1939,163.56056
Tonga,TON,1940,163.67775
Tonga,TON,1941,163.79474
Tonga,TON,1942,163.91179
Tonga,TON,1943,164.03023
Tonga,TON,1944,164.15019
Tonga,TON,1945,164.2719
Tonga,TON,1946,164.39499
Tonga,TON,1947,164.51875
Tonga,TON,1948,164.64256
Tonga,TON,1949,164.76613
Tonga,TON,1950,164.88953
Tonga,TON,1951,165.01231
Tonga,TON,1952,165.13345
Tonga,TON,1953,165.25269
Tonga,TON,1954,165.36964
Tonga,TON,1955,165.4841
Tonga,TON,1956,165.59578
Tonga,TON,1957,165.70479
Tonga,TON,1958,165.8113
Tonga,TON,1959,165.91483
Tonga,TON,1960,166.0151
Tonga,TON,1961,166.11153
Tonga,TON,1962,166.20341
Tonga,TON,1963,166.28882
Tonga,TON,1964,166.36642
Tonga,TON,1965,166.43532
Tonga,TON,1966,166.4956
Tonga,TON,1967,166.54813
Tonga,TON,1968,166.59242
Tonga,TON,1969,166.62874
Tonga,TON,1970,166.65746
Tonga,TON,1971,166.67845
Tonga,TON,1972,166.6918
Tonga,TON,1973,166.69763
Tonga,TON,1974,166.69598
Tonga,TON,1975,166.68646
Tonga,TON,1976,166.66891
Tonga,TON,1977,166.64285
Tonga,TON,1978,166.60922
Tonga,TON,1979,166.56895
Tonga,TON,1980,166.52382
Tonga,TON,1981,166.47456
Tonga,TON,1982,166.42256
Tonga,TON,1983,166.36862
Tonga,TON,1984,166.31277
Tonga,TON,1985,166.25476
Tonga,TON,1986,166.19443
Tonga,TON,1987,166.1313
Tonga,TON,1988,166.06561
Tonga,TON,1989,165.99849
Tonga,TON,1990,165.93018
Tonga,TON,1991,165.86166
Tonga,TON,1992,165.79312
Tonga,TON,1993,165.72496
Tonga,TON,1994,165.65672
Tonga,TON,1995,165.58846
Tonga,TON,1996,165.52034
Trinidad and Tobago,TTO,1896,154.21579
Trinidad and Tobago,TTO,1897,154.37106
Trinidad and Tobago,TTO,1898,154.52667
Trinidad and Tobago,TTO,1899,154.68259
Trinidad and Tobago,TTO,1900,154.83815
Trinidad and Tobago,TTO,1901,154.99347
Trinidad and Tobago,TTO,1902,155.14825
Trinidad and Tobago,TTO,1903,155.30205
Trinidad and Tobago,TTO,1904,155.45465
Trinidad and Tobago,TTO,1905,155.60582
Trinidad and Tobago,TTO,1906,155.75562
Trinidad and Tobago,TTO,1907,155.90375
Trinidad and Tobago,TTO,1908,156.05093
Trinidad and Tobago,TTO,1909,156.19685
Trinidad and Tobago,TTO,1910,156.34227
Trinidad and Tobago,TTO,1911,156.48788
Trinidad and Tobago,TTO,1912,156.63406
Trinidad and Tobago,TTO,1913,156.78139
Trinidad and Tobago,TTO,1914,156.92921
Trinidad and Tobago,TTO,1915,157.07797
Trinidad and Tobago,TTO,1916,157.22768
Trinidad and Tobago,TTO,1917,157.37834
Trinidad and Tobago,TTO,1918,157.52922
Trinidad and Tobago,TTO,1919,157.6797
Trinidad and Tobago,TTO,1920,157.82991
Trinidad and Tobago,TTO,1921,157.97836
Trinidad and Tobago,TTO,1922,158.12396
Trinidad and Tobago,TTO,1923,158.26619
Trinidad and Tobago,TTO,1924,158.40475
Trinidad and Tobago,TTO,1925,158.54024
Trinidad and Tobago,TTO,1926,158.67241
Trinidad and Tobago,TTO,1927,158.80182
Trinidad and Tobago,TTO,1928,158.92856
Trinidad and Tobago,TTO,1929,159.05255
Trinidad and Tobago,TTO,1930,159.17282
Trinidad and Tobago,TTO,1931,159.28871
Trinidad and Tobago,TTO,1932,159.39926
Trinidad and Tobago,TTO,1933,159.50592
Trinidad and Tobago,TTO,1934,159.60997
Trinidad and Tobago,TTO,1935,159.71219
Trinidad and Tobago,TTO,1936,159.81296
Trinidad and Tobago,TTO,1937,159.91162
Trinidad and Tobago,TTO,1938,160.00784
Trinidad and Tobago,TTO,1939,160.10039
Trinidad and Tobago,TTO,1940,160.18901
Trinidad and Tobago,TTO,1941,160.27342
Trinidad and Tobago,TTO,1942,160.3542
Trinidad and Tobago,TTO,1943,160.433
Trinidad and Tobago,TTO,1944,160.5102
Trinidad and Tobago,TTO,1945,160.5862
Trinidad and Tobago,TTO,1946,160.6613
Trinidad and Tobago,TTO,1947,160.7353
Trinidad and Tobago,TTO,1948,160.80746
Trinidad and Tobago,TTO,1949,160.87753
Trinidad and Tobago,TTO,1950,160.94456
Trinidad and Tobago,TTO,1951,161.00775
Trinidad and Tobago,TTO,1952,161.06645
Trinidad and Tobago,TTO,1953,161.12036
Trinidad and Tobago,TTO,1954,161.16928
Trinidad and Tobago,TTO,1955,161.21408
Trinidad and Tobago,TTO,1956,161.2551
Trinidad and Tobago,TTO,1957,161.29247
Trinidad and Tobago,TTO,1958,161.32668
Trinidad and Tobago,TTO,1959,161.35771
Trinidad and Tobago,TTO,1960,161.38556
Trinidad and Tobago,TTO,1961,161.40991
Trinidad and Tobago,TTO,1962,161.4304
Trinidad and Tobago,TTO,1963,161.4459
Trinidad and Tobago,TTO,1964,161.45517
Trinidad and Tobago,TTO,1965,161.45766
Trinidad and Tobago,TTO,1966,161.4538
Trinidad and Tobago,TTO,1967,161.44435
Trinidad and Tobago,TTO,1968,161.43015
Trinidad and Tobago,TTO,1969,161.41269
Trinidad and Tobago,TTO,1970,161.39243
Trinidad and Tobago,TTO,1971,161.37079
Trinidad and Tobago,TTO,1972,161.34856
Trinidad and Tobago,TTO,1973,161.32576
Trinidad and Tobago,TTO,1974,161.30338
Trinidad and Tobago,TTO,1975,161.28067
Trinidad and Tobago,TTO,1976,161.25674
Trinidad and Tobago,TTO,1977,161.23114
Trinidad and Tobago,TTO,1978,161.20438
Trinidad and Tobago,TTO,1979,161.17696
Trinidad and Tobago,TTO,1980,161.15036
Trinidad and Tobago,TTO,1981,161.12502
Trinidad and Tobago,TTO,1982,161.10107
Trinidad and Tobago,TTO,1983,161.07831
Trinidad and Tobago,TTO,1984,161.0561
Trinidad and Tobago,TTO,1985,161.03313
Trinidad and Tobago,TTO,1986,161.00768
Trinidad and Tobago,TTO,1987,160.97911
Trinidad and Tobago,TTO,1988,160.94666
Trinidad and Tobago,TTO,1989,160.91145
Trinidad and Tobago,TTO,1990,160.87364
Trinidad and Tobago,TTO,1991,160.8349
Trinidad and Tobago,TTO,1992,160.79591
Trinidad and Tobago,TTO,1993,160.75688
Trinidad and Tobago,TTO,1994,160.71797
Trinidad and Tobago,TTO,1995,160.67937
Trinidad and Tobago,TTO,1996,160.6409
Tunisia,TUN,1896,150.8619
Tunisia,TUN,1897,150.9835
Tunisia,TUN,1898,151.10512
Tunisia,TUN,1899,151.22691
Tunisia,TUN,1900,151.34865
Tunisia,TUN,1901,151.47006
Tunisia,TUN,1902,151.59114
Tunisia,TUN,1903,151.71123
Tunisia,TUN,1904,151.83012
Tunisia,TUN,1905,151.94807
Tunisia,TUN,1906,152.06528
Tunisia,TUN,1907,152.18181
Tunisia,TUN,1908,152.29755
Tunisia,TUN,1909,152.41278
Tunisia,TUN,1910,152.52788
Tunisia,TUN,1911,152.64326
Tunisia,TUN,1912,152.75966
Tunisia,TUN,1913,152.87723
Tunisia,TUN,1914,152.99564
Tunisia,TUN,1915,153.1155
Tunisia,TUN,1916,153.2368
Tunisia,TUN,1917,153.35988
Tunisia,TUN,1918,153.48517
Tunisia,TUN,1919,153.61174
Tunisia,TUN,1920,153.7393
Tunisia,TUN,1921,153.86662
Tunisia,TUN,1922,153.99359
Tunisia,TUN,1923,154.11928
Tunisia,TUN,1924,154.24393
Tunisia,TUN,1925,154.36829
Tunisia,TUN,1926,154.492
Tunisia,TUN,1927,154.6155
Tunisia,TUN,1928,154.73888
Tunisia,TUN,1929,154.86302
Tunisia,TUN,1930,154.98825
Tunisia,TUN,1931,155.11363
Tunisia,TUN,1932,155.23964
Tunisia,TUN,1933,155.36673
Tunisia,TUN,1934,155.4954
Tunisia,TUN,1935,155.62473
Tunisia,TUN,1936,155.75452
Tunisia,TUN,1937,155.88359
Tunisia,TUN,1938,156.01118
Tunisia,TUN,1939,156.1374
Tunisia,TUN,1940,156.26205
Tunisia,TUN,1941,156.38481
Tunisia,TUN,1942,156.50542
Tunisia,TUN,1943,156.62473
Tunisia,TUN,1944,156.74355
Tunisia,TUN,1945,156.86223
Tunisia,TUN,1946,156.98073
Tunisia,TUN,1947,157.09848
Tunisia,TUN,1948,157.21457
Tunisia,TUN,1949,157.32906
Tunisia,TUN,1950,157.44206
Tunisia,TUN,1951,157.55421
Tunisia,TUN,1952,157.66388
Tunisia,TUN,1953,157.77168
Tunisia,TUN,1954,157.87712
Tunisia,TUN,1955,157.98038
Tunisia,TUN,1956,158.08046
Tunisia,TUN,1957,158.17831
Tunisia,TUN,1958,158.27425
Tunisia,TUN,1959,158.36726
Tunisia,TUN,1960,158.45775
Tunisia,TUN,1961,158.54579
Tunisia,TUN,1962,158.63019
Tunisia,TUN,1963,158.7098
Tunisia,TUN,1964,158.78409
Tunisia,TUN,1965,158.85298
Tunisia,TUN,1966,158.91826
Tunisia,TUN,1967,158.98097
Tunisia,TUN,1968,159.04123
Tunisia,TUN,1969,159.09865
Tunisia,TUN,1970,159.15274
Tunisia,TUN,1971,159.20413
Tunisia,TUN,1972,159.25316
Tunisia,TUN,1973,159.30066
Tunisia,TUN,1974,159.34865
Tunisia,TUN,1975,159.39609
Tunisia,TUN,1976,159.4432
Tunisia,TUN,1977,159.48883
Tunisia,TUN,1978,159.53358
Tunisia,TUN,1979,159.57806
Tunisia,TUN,1980,159.62366
Tunisia,TUN,1981,159.67116
Tunisia,TUN,1982,159.72179
Tunisia,TUN,1983,159.7751
Tunisia,TUN,1984,159.82964
Tunisia,TUN,1985,159.88464
Tunisia,TUN,1986,159.93846
Tunisia,TUN,1987,159.99039
Tunisia,TUN,1988,160.03946
Tunisia,TUN,1989,160.08537
Tunisia,TUN,1990,160.12788
Tunisia,TUN,1991,160.16847
Tunisia,TUN,1992,160.20772
Tunisia,TUN,1993,160.246
Tunisia,TUN,1994,160.28262
Tunisia,TUN,1995,160.31865
Tunisia,TUN,1996,160.35452
Turkey,TUR,1896,149.57953
Turkey,TUR,1897,149.7063
Turkey,TUR,1898,149.83296
Turkey,TUR,1899,149.95972
Turkey,TUR,1900,150.08638
Turkey,TUR,1901,150.21246
Turkey,TUR,1902,150.33824
Turkey,TUR,1903,150.46304
Turkey,TUR,1904,150.58676
Turkey,TUR,1905,150.70937
Turkey,TUR,1906,150.83112
Turkey,TUR,1907,150.95241
Turkey,TUR,1908,151.07314
Turkey,TUR,1909,151.1935
Turkey,TUR,1910,151.31395
Turkey,TUR,1911,151.43503
Turkey,TUR,1912,151.55707
Turkey,TUR,1913,151.68039
Turkey,TUR,1914,151.80467
Turkey,TUR,1915,151.9306
Turkey,TUR,1916,152.0583
Turkey,TUR,1917,152.1877
Turkey,TUR,1918,152.31914
Turkey,TUR,1919,152.45181
Turkey,TUR,1920,152.58543
Turkey,TUR,1921,152.7189
Turkey,TUR,1922,152.85165
Turkey,TUR,1923,152.9822
Turkey,TUR,1924,153.11092
Turkey,TUR,1925,153.23875
Turkey,TUR,1926,153.36536
Turkey,TUR,1927,153.4916
Turkey,TUR,1928,153.61766
Turkey,TUR,1929,153.7448
Turkey,TUR,1930,153.8739
Turkey,TUR,1931,154.00418
Turkey,TUR,1932,154.13654
Turkey,TUR,1933,154.27142
Turkey,TUR,1934,154.40886
Turkey,TUR,1935,154.54851
Turkey,TUR,1936,154.68985
Turkey,TUR,1937,154.83176
Turkey,TUR,1938,154.97337
Turkey,TUR,1939,155.11482
Turkey,TUR,1940,155.25594
Turkey,TUR,1941,155.39618
Turkey,TUR,1942,155.5357
Turkey,TUR,1943,155.67575
Turkey,TUR,1944,155.8164
Turkey,TUR,1945,155.95752
Turkey,TUR,1946,156.09868
Turkey,TUR,1947,156.2389
Turkey,TUR,1948,156.37701
Turkey,TUR,1949,156.51248
Turkey,TUR,1950,156.64574
Turkey,TUR,1951,156.77663
Turkey,TUR,1952,156.90366
Turkey,TUR,1953,157.02678
Turkey,TUR,1954,157.14555
Turkey,TUR,1955,157.25998
Turkey,TUR,1956,157.36922
Turkey,TUR,1957,157.4742
Turkey,TUR,1958,157.57526
Turkey,TUR,1959,157.67175
Turkey,TUR,1960,157.76439
Turkey,TUR,1961,157.85312
Turkey,TUR,1962,157.93738
Turkey,TUR,1963,158.01637
Turkey,TUR,1964,158.08998
Turkey,TUR,1965,158.15874
Turkey,TUR,1966,158.22466
Turkey,TUR,1967,158.28976
Turkey,TUR,1968,158.35464
Turkey,TUR,1969,158.41876
Turkey,TUR,1970,158.48201
Turkey,TUR,1971,158.54498
Turkey,TUR,1972,158.6081
Turkey,TUR,1973,158.67213
Turkey,TUR,1974,158.73904
Turkey,TUR,1975,158.80775
Turkey,TUR,1976,158.87854
Turkey,TUR,1977,158.95003
Turkey,TUR,1978,159.02235
Turkey,TUR,1979,159.0961
Turkey,TUR,1980,159.1726
Turkey,TUR,1981,159.25253
Turkey,TUR,1982,159.33669
Turkey,TUR,1983,159.4244
Turkey,TUR,1984,159.51425
Turkey,TUR,1985,159.60483
Turkey,TUR,1986,159.69498
Turkey,TUR,1987,159.78407
Turkey,TUR,1988,159.87054
Turkey,TUR,1989,159.95447
Turkey,TUR,1990,160.0352
Turkey,TUR,1991,160.11449
Turkey,TUR,1992,160.19258
Turkey,TUR,1993,160.26978
Turkey,TUR,1994,160.34518
Turkey,TUR,1995,160.42007
Turkey,TUR,1996,160.49516
Turkmenistan,TKM,1896,152.85248
Turkmenistan,TKM,1897,153.01707
Turkmenistan,TKM,1898,153.18198
Turkmenistan,TKM,1899,153.34692
Turkmenistan,TKM,1900,153.51181
Turkmenistan,TKM,1901,153.67618
Turkmenistan,TKM,1902,153.84007
Turkmenistan,TKM,1903,154.0032
Turkmenistan,TKM,1904,154.16518
Turkmenistan,TKM,1905,154.32605
Turkmenistan,TKM,1906,154.48587
Turkmenistan,TKM,1907,154.64462
Turkmenistan,TKM,1908,154.8023
Turkmenistan,TKM,1909,154.95894
Turkmenistan,TKM,1910,155.11574
Turkmenistan,TKM,1911,155.27283
Turkmenistan,TKM,1912,155.43083
Turkmenistan,TKM,1913,155.58987
Turkmenistan,TKM,1914,155.7499
Turkmenistan,TKM,1915,155.91135
Turkmenistan,TKM,1916,156.07373
Turkmenistan,TKM,1917,156.23752
Turkmenistan,TKM,1918,156.40228
Turkmenistan,TKM,1919,156.56735
Turkmenistan,TKM,1920,156.73271
Turkmenistan,TKM,1921,156.89748
Turkmenistan,TKM,1922,157.06139
Turkmenistan,TKM,1923,157.22348
Turkmenistan,TKM,1924,157.384
Turkmenistan,TKM,1925,157.5442
Turkmenistan,TKM,1926,157.70404
Turkmenistan,TKM,1927,157.86359
Turkmenistan,TKM,1928,158.02278
Turkmenistan,TKM,1929,158.18208
Turkmenistan,TKM,1930,158.3414
Turkmenistan,TKM,1931,158.49944
Turkmenistan,TKM,1932,158.65668
Turkmenistan,TKM,1933,158.81342
Turkmenistan,TKM,1934,158.97025
Turkmenistan,TKM,1935,159.1271
Turkmenistan,TKM,1936,159.28354
Turkmenistan,TKM,1937,159.43842
Turkmenistan,TKM,1938,159.59131
Turkmenistan,TKM,1939,159.74133
Turkmenistan,TKM,1940,159.88763
Turkmenistan,TKM,1941,160.0305
Turkmenistan,TKM,1942,160.1698
Turkmenistan,TKM,1943,160.30663
Turkmenistan,TKM,1944,160.44164
Turkmenistan,TKM,1945,160.575
Turkmenistan,TKM,1946,160.70633
Turkmenistan,TKM,1947,160.83551
Turkmenistan,TKM,1948,160.96129
Turkmenistan,TKM,1949,161.08337
Turkmenistan,TKM,1950,161.20236
Turkmenistan,TKM,1951,161.31824
Turkmenistan,TKM,1952,161.42944
Turkmenistan,TKM,1953,161.53677
Turkmenistan,TKM,1954,161.63972
Turkmenistan,TKM,1955,161.73866
Turkmenistan,TKM,1956,161.83315
Turkmenistan,TKM,1957,161.92368
Turkmenistan,TKM,1958,162.01088
Turkmenistan,TKM,1959,162.09474
Turkmenistan,TKM,1960,162.17554
Turkmenistan,TKM,1961,162.25278
Turkmenistan,TKM,1962,162.3255
Turkmenistan,TKM,1963,162.3922
Turkmenistan,TKM,1964,162.45178
Turkmenistan,TKM,1965,162.50331
Turkmenistan,TKM,1966,162.54706
Turkmenistan,TKM,1967,162.58412
Turkmenistan,TKM,1968,162.61429
Turkmenistan,TKM,1969,162.63731
Turkmenistan,TKM,1970,162.6532
Turkmenistan,TKM,1971,162.6626
Turkmenistan,TKM,1972,162.66577
Turkmenistan,TKM,1973,162.66359
Turkmenistan,TKM,1974,162.65735
Turkmenistan,TKM,1975,162.64673
Turkmenistan,TKM,1976,162.63165
Turkmenistan,TKM,1977,162.6113
Turkmenistan,TKM,1978,162.58597
Turkmenistan,TKM,1979,162.5564
Turkmenistan,TKM,1980,162.52414
Turkmenistan,TKM,1981,162.49039
Turkmenistan,TKM,1982,162.45602
Turkmenistan,TKM,1983,162.42104
Turkmenistan,TKM,1984,162.38515
Turkmenistan,TKM,1985,162.34746
Turkmenistan,TKM,1986,162.30704
Turkmenistan,TKM,1987,162.263
Turkmenistan,TKM,1988,162.21465
Turkmenistan,TKM,1989,162.16217
Turkmenistan,TKM,1990,162.10524
Turkmenistan,TKM,1991,162.04567
Turkmenistan,TKM,1992,161.98398
Turkmenistan,TKM,1993,161.92073
Turkmenistan,TKM,1994,161.85588
Turkmenistan,TKM,1995,161.79065
Turkmenistan,TKM,1996,161.72556
Tuvalu,TUV,1896,156.58177
Tuvalu,TUV,1897,156.68813
Tuvalu,TUV,1898,156.79478
Tuvalu,TUV,1899,156.90144
Tuvalu,TUV,1900,157.00766
Tuvalu,TUV,1901,157.11298
Tuvalu,TUV,1902,157.21713
Tuvalu,TUV,1903,157.31915
Tuvalu,TUV,1904,157.4188
Tuvalu,TUV,1905,157.51584
Tuvalu,TUV,1906,157.60983
Tuvalu,TUV,1907,157.70042
Tuvalu,TUV,1908,157.78737
Tuvalu,TUV,1909,157.87085
Tuvalu,TUV,1910,157.95107
Tuvalu,TUV,1911,158.02872
Tuvalu,TUV,1912,158.1039
Tuvalu,TUV,1913,158.17648
Tuvalu,TUV,1914,158.24693
Tuvalu,TUV,1915,158.31493
Tuvalu,TUV,1916,158.38098
Tuvalu,TUV,1917,158.445
Tuvalu,TUV,1918,158.50656
Tuvalu,TUV,1919,158.56519
Tuvalu,TUV,1920,158.62094
Tuvalu,TUV,1921,158.6736
Tuvalu,TUV,1922,158.72311
Tuvalu,TUV,1923,158.76831
Tuvalu,TUV,1924,158.80968
Tuvalu,TUV,1925,158.84833
Tuvalu,TUV,1926,158.88512
Tuvalu,TUV,1927,158.91956
Tuvalu,TUV,1928,158.95189
Tuvalu,TUV,1929,158.98167
Tuvalu,TUV,1930,159.00911
Tuvalu,TUV,1931,159.03311
Tuvalu,TUV,1932,159.0535
Tuvalu,TUV,1933,159.07129
Tuvalu,TUV,1934,159.08754
Tuvalu,TUV,1935,159.103
Tuvalu,TUV,1936,159.11835
Tuvalu,TUV,1937,159.13327
Tuvalu,TUV,1938,159.14786
Tuvalu,TUV,1939,159.16206
Tuvalu,TUV,1940,159.17538
Tuvalu,TUV,1941,159.18802
Tuvalu,TUV,1942,159.20049
Tuvalu,TUV,1943,159.21425
Tuvalu,TUV,1944,159.22974
Tuvalu,TUV,1945,159.2474
Tuvalu,TUV,1946,159.267
Tuvalu,TUV,1947,159.2881
Tuvalu,TUV,1948,159.31036
Tuvalu,TUV,1949,159.33356
Tuvalu,TUV,1950,159.35796
Tuvalu,TUV,1951,159.38318
Tuvalu,TUV,1952,159.40877
Tuvalu,TUV,1953,159.4344
Tuvalu,TUV,1954,159.46028
Tuvalu,TUV,1955,159.48647
Tuvalu,TUV,1956,159.51254
Tuvalu,TUV,1957,159.53891
Tuvalu,TUV,1958,159.56601
Tuvalu,TUV,1959,159.59346
Tuvalu,TUV,1960,159.62082
Tuvalu,TUV,1961,159.64745
Tuvalu,TUV,1962,159.67252
Tuvalu,TUV,1963,159.69469
Tuvalu,TUV,1964,159.71219
Tuvalu,TUV,1965,159.72437
Tuvalu,TUV,1966,159.73103
Tuvalu,TUV,1967,159.73283
Tuvalu,TUV,1968,159.72949
Tuvalu,TUV,1969,159.7211
Tuvalu,TUV,1970,159.70776
Tuvalu,TUV,1971,159.68932
Tuvalu,TUV,1972,159.66585
Tuvalu,TUV,1973,159.63734
Tuvalu,TUV,1974,159.60408
Tuvalu,TUV,1975,159.5653
Tuvalu,TUV,1976,159.521
Tuvalu,TUV,1977,159.4705
Tuvalu,TUV,1978,159.4143
Tuvalu,TUV,1979,159.35341
Tuvalu,TUV,1980,159.28937
Tuvalu,TUV,1981,159.22293
Tuvalu,TUV,1982,159.15523
Tuvalu,TUV,1983,159.0866
Tuvalu,TUV,1984,159.01706
Tuvalu,TUV,1985,158.94652
Tuvalu,TUV,1986,158.87448
Tuvalu,TUV,1987,158.8004
Tuvalu,TUV,1988,158.72437
Tuvalu,TUV,1989,158.6474
Tuvalu,TUV,1990,158.56918
Tuvalu,TUV,1991,158.49088
Tuvalu,TUV,1992,158.41266
Tuvalu,TUV,1993,158.33481
Tuvalu,TUV,1994,158.25644
Tuvalu,TUV,1995,158.17819
Tuvalu,TUV,1996,158.10033
Uganda,UGA,1896,153.59526
Uganda,UGA,1897,153.71617
Uganda,UGA,1898,153.83748
Uganda,UGA,1899,153.95885
Uganda,UGA,1900,154.07993
Uganda,UGA,1901,154.20035
Uganda,UGA,1902,154.32013
Uganda,UGA,1903,154.43875
Uganda,UGA,1904,154.55632
Uganda,UGA,1905,154.6724
Uganda,UGA,1906,154.78656
Uganda,UGA,1907,154.89961
Uganda,UGA,1908,155.01157
Uganda,UGA,1909,155.1225
Uganda,UGA,1910,155.23328
Uganda,UGA,1911,155.3444
Uganda,UGA,1912,155.45622
Uganda,UGA,1913,155.5686
Uganda,UGA,1914,155.68184
Uganda,UGA,1915,155.79593
Uganda,UGA,1916,155.91078
Uganda,UGA,1917,156.02657
Uganda,UGA,1918,156.1428
Uganda,UGA,1919,156.25891
Uganda,UGA,1920,156.37483
Uganda,UGA,1921,156.48958
Uganda,UGA,1922,156.60292
Uganda,UGA,1923,156.71335
Uganda,UGA,1924,156.8219
Uganda,UGA,1925,156.93004
Uganda,UGA,1926,157.03807
Uganda,UGA,1927,157.14586
Uganda,UGA,1928,157.25404
Uganda,UGA,1929,157.36288
Uganda,UGA,1930,157.4716
Uganda,UGA,1931,157.5791
Uganda,UGA,1932,157.68596
Uganda,UGA,1933,157.79259
Uganda,UGA,1934,157.90009
Uganda,UGA,1935,158.00806
Uganda,UGA,1936,158.11621
Uganda,UGA,1937,158.22388
Uganda,UGA,1938,158.33
Uganda,UGA,1939,158.43446
Uganda,UGA,1940,158.53621
Uganda,UGA,1941,158.63477
Uganda,UGA,1942,158.72986
Uganda,UGA,1943,158.82272
Uganda,UGA,1944,158.91365
Uganda,UGA,1945,159.00188
Uganda,UGA,1946,159.08763
Uganda,UGA,1947,159.17104
Uganda,UGA,1948,159.251
Uganda,UGA,1949,159.32793
Uganda,UGA,1950,159.403
Uganda,UGA,1951,159.47452
Uganda,UGA,1952,159.54057
Uganda,UGA,1953,159.60062
Uganda,UGA,1954,159.65295
Uganda,UGA,1955,159.69736
Uganda,UGA,1956,159.73328
Uganda,UGA,1957,159.76102
Uganda,UGA,1958,159.78128
Uganda,UGA,1959,159.79396
Uganda,UGA,1960,159.79857
Uganda,UGA,1961,159.79509
Uganda,UGA,1962,159.7828
Uganda,UGA,1963,159.76039
Uganda,UGA,1964,159.72676
Uganda,UGA,1965,159.6823
Uganda,UGA,1966,159.62796
Uganda,UGA,1967,159.56523
Uganda,UGA,1968,159.49437
Uganda,UGA,1969,159.41614
Uganda,UGA,1970,159.33084
Uganda,UGA,1971,159.23932
Uganda,UGA,1972,159.14246
Uganda,UGA,1973,159.04207
Uganda,UGA,1974,158.93947
Uganda,UGA,1975,158.83441
Uganda,UGA,1976,158.72667
Uganda,UGA,1977,158.61671
Uganda,UGA,1978,158.50533
Uganda,UGA,1979,158.39261
Uganda,UGA,1980,158.28033
Uganda,UGA,1981,158.1701
Uganda,UGA,1982,158.06345
Uganda,UGA,1983,157.96045
Uganda,UGA,1984,157.8605
Uganda,UGA,1985,157.76228
Uganda,UGA,1986,157.66566
Uganda,UGA,1987,157.56918
Uganda,UGA,1988,157.47266
Uganda,UGA,1989,157.37712
Uganda,UGA,1990,157.28148
Uganda,UGA,1991,157.18735
Uganda,UGA,1992,157.09375
Uganda,UGA,1993,157.00023
Uganda,UGA,1994,156.90642
Uganda,UGA,1995,156.8126
Uganda,UGA,1996,156.7188
Ukraine,UKR,1896,153.95282
Ukraine,UKR,1897,154.13283
Ukraine,UKR,1898,154.31291
Ukraine,UKR,1899,154.49283
Ukraine,UKR,1900,154.6728
Ukraine,UKR,1901,154.8522
Ukraine,UKR,1902,155.03116
Ukraine,UKR,1903,155.20912
Ukraine,UKR,1904,155.38573
Ukraine,UKR,1905,155.5613
Ukraine,UKR,1906,155.73569
Ukraine,UKR,1907,155.9092
Ukraine,UKR,1908,156.08176
Ukraine,UKR,1909,156.25319
Ukraine,UKR,1910,156.42412
Ukraine,UKR,1911,156.59549
Ukraine,UKR,1912,156.76846
Ukraine,UKR,1913,156.94324
Ukraine,UKR,1914,157.11978
Ukraine,UKR,1915,157.29866
Ukraine,UKR,1916,157.47958
Ukraine,UKR,1917,157.66235
Ukraine,UKR,1918,157.84573
Ukraine,UKR,1919,158.0278
Ukraine,UKR,1920,158.20828
Ukraine,UKR,1921,158.38576
Ukraine,UKR,1922,158.55954
Ukraine,UKR,1923,158.7284
Ukraine,UKR,1924,158.89235
Ukraine,UKR,1925,159.05266
Ukraine,UKR,1926,159.20998
Ukraine,UKR,1927,159.36493
Ukraine,UKR,1928,159.51804
Ukraine,UKR,1929,159.66968
Ukraine,UKR,1930,159.82129
Ukraine,UKR,1931,159.97156
Ukraine,UKR,1932,160.12152
Ukraine,UKR,1933,160.27124
Ukraine,UKR,1934,160.42221
Ukraine,UKR,1935,160.57443
Ukraine,UKR,1936,160.72766
Ukraine,UKR,1937,160.8811
Ukraine,UKR,1938,161.03415
Ukraine,UKR,1939,161.18619
Ukraine,UKR,1940,161.33672
Ukraine,UKR,1941,161.485
Ukraine,UKR,1942,161.63084
Ukraine,UKR,1943,161.7744
Ukraine,UKR,1944,161.91621
Ukraine,UKR,1945,162.05687
Ukraine,UKR,1946,162.19621
Ukraine,UKR,1947,162.33353
Ukraine,UKR,1948,162.46849
Ukraine,UKR,1949,162.60178
Ukraine,UKR,1950,162.73392
Ukraine,UKR,1951,162.86552
Ukraine,UKR,1952,162.99611
Ukraine,UKR,1953,163.12619
Ukraine,UKR,1954,163.25575
Ukraine,UKR,1955,163.38463
Ukraine,UKR,1956,163.51274
Ukraine,UKR,1957,163.64037
Ukraine,UKR,1958,163.76817
Ukraine,UKR,1959,163.89622
Ukraine,UKR,1960,164.02367
Ukraine,UKR,1961,164.14963
Ukraine,UKR,1962,164.27327
Ukraine,UKR,1963,164.39204
Ukraine,UKR,1964,164.50386
Ukraine,UKR,1965,164.60793
Ukraine,UKR,1966,164.70433
Ukraine,UKR,1967,164.79364
Ukraine,UKR,1968,164.87585
Ukraine,UKR,1969,164.95197
Ukraine,UKR,1970,165.02182
Ukraine,UKR,1971,165.08627
Ukraine,UKR,1972,165.14589
Ukraine,UKR,1973,165.20169
Ukraine,UKR,1974,165.25485
Ukraine,UKR,1975,165.3057
Ukraine,UKR,1976,165.35439
Ukraine,UKR,1977,165.40042
Ukraine,UKR,1978,165.44415
Ukraine,UKR,1979,165.48698
Ukraine,UKR,1980,165.53069
Ukraine,UKR,1981,165.5763
Ukraine,UKR,1982,165.62431
Ukraine,UKR,1983,165.67494
Ukraine,UKR,1984,165.7273
Ukraine,UKR,1985,165.78069
Ukraine,UKR,1986,165.83414
Ukraine,UKR,1987,165.88663
Ukraine,UKR,1988,165.93776
Ukraine,UKR,1989,165.98758
Ukraine,UKR,1990,166.0367
Ukraine,UKR,1991,166.08582
Ukraine,UKR,1992,166.13565
Ukraine,UKR,1993,166.18617
Ukraine,UKR,1994,166.237
Ukraine,UKR,1995,166.28818
Ukraine,UKR,1996,166.33923
United Arab Emirates,ARE,1896,149.60703
United Arab Emirates,ARE,1897,149.7492
United Arab Emirates,ARE,1898,149.89166
United Arab Emirates,ARE,1899,150.034
United Arab Emirates,ARE,1900,150.17618
United Arab Emirates,ARE,1901,150.31767
United Arab Emirates,ARE,1902,150.45844
United Arab Emirates,ARE,1903,150.59842
United Arab Emirates,ARE,1904,150.73735
United Arab Emirates,ARE,1905,150.87544
United Arab Emirates,ARE,1906,151.013
United Arab Emirates,ARE,1907,151.14978
United Arab Emirates,ARE,1908,151.28569
United Arab Emirates,ARE,1909,151.42111
United Arab Emirates,ARE,1910,151.5563
United Arab Emirates,ARE,1911,151.69197
United Arab Emirates,ARE,1912,151.82884
United Arab Emirates,ARE,1913,151.96664
United Arab Emirates,ARE,1914,152.1057
United Arab Emirates,ARE,1915,152.24625
United Arab Emirates,ARE,1916,152.38841
United Arab Emirates,ARE,1917,152.53198
United Arab Emirates,ARE,1918,152.67711
United Arab Emirates,ARE,1919,152.823
United Arab Emirates,ARE,1920,152.96935
United Arab Emirates,ARE,1921,153.11525
United Arab Emirates,ARE,1922,153.2602
United Arab Emirates,ARE,1923,153.40295
United Arab Emirates,ARE,1924,153.54398
United Arab Emirates,ARE,1925,153.68428
United Arab Emirates,ARE,1926,153.82356
United Arab Emirates,ARE,1927,153.96236
United Arab Emirates,ARE,1928,154.1004
United Arab Emirates,ARE,1929,154.23866
United Arab Emirates,ARE,1930,154.37767
United Arab Emirates,ARE,1931,154.51633
United Arab Emirates,ARE,1932,154.65492
United Arab Emirates,ARE,1933,154.79431
United Arab Emirates,ARE,1934,154.93477
United Arab Emirates,ARE,1935,155.07578
United Arab Emirates,ARE,1936,155.21695
United Arab Emirates,ARE,1937,155.3571
United Arab Emirates,ARE,1938,155.49545
United Arab Emirates,ARE,1939,155.63184
United Arab Emirates,ARE,1940,155.7661
United Arab Emirates,ARE,1941,155.89769
United Arab Emirates,ARE,1942,156.02676
United Arab Emirates,ARE,1943,156.15459
United Arab Emirates,ARE,1944,156.2815
United Arab Emirates,ARE,1945,156.40765
United Arab Emirates,ARE,1946,156.53294
United Arab Emirates,ARE,1947,156.65724
United Arab Emirates,ARE,1948,156.77895
United Arab Emirates,ARE,1949,156.8982
United Arab Emirates,ARE,1950,157.01518
United Arab Emirates,ARE,1951,157.13057
United Arab Emirates,ARE,1952,157.2427
United Arab Emirates,ARE,1953,157.35161
United Arab Emirates,ARE,1954,157.457
United Arab Emirates,ARE,1955,157.55891
United Arab Emirates,ARE,1956,157.65662
United Arab Emirates,ARE,1957,157.75076
United Arab Emirates,ARE,1958,157.84158
United Arab Emirates,ARE,1959,157.92789
United Arab Emirates,ARE,1960,158.01048
United Arab Emirates,ARE,1961,158.08926
United Arab Emirates,ARE,1962,158.16328
United Arab Emirates,ARE,1963,158.2307
United Arab Emirates,ARE,1964,158.29144
United Arab Emirates,ARE,1965,158.34547
United Arab Emirates,ARE,1966,158.39449
United Arab Emirates,ARE,1967,158.43977
United Arab Emirates,ARE,1968,158.48143
United Arab Emirates,ARE,1969,158.51878
United Arab Emirates,ARE,1970,158.55115
United Arab Emirates,ARE,1971,158.57932
United Arab Emirates,ARE,1972,158.60344
United Arab Emirates,ARE,1973,158.62418
United Arab Emirates,ARE,1974,158.64323
United Arab Emirates,ARE,1975,158.65942
United Arab Emirates,ARE,1976,158.6732
United Arab Emirates,ARE,1977,158.68344
United Arab Emirates,ARE,1978,158.6907
United Arab Emirates,ARE,1979,158.69585
United Arab Emirates,ARE,1980,158.70052
United Arab Emirates,ARE,1981,158.70538
United Arab Emirates,ARE,1982,158.71178
United Arab Emirates,ARE,1983,158.71968
United Arab Emirates,ARE,1984,158.72803
United Arab Emirates,ARE,1985,158.73605
United Arab Emirates,ARE,1986,158.74255
United Arab Emirates,ARE,1987,158.74686
United Arab Emirates,ARE,1988,158.74791
United Arab Emirates,ARE,1989,158.74588
United Arab Emirates,ARE,1990,158.74033
United Arab Emirates,ARE,1991,158.73318
United Arab Emirates,ARE,1992,158.72472
United Arab Emirates,ARE,1993,158.71518
United Arab Emirates,ARE,1994,158.70393
United Arab Emirates,ARE,1995,158.6922
United Arab Emirates,ARE,1996,158.68059
United Kingdom,GBR,1896,153.3825
United Kingdom,GBR,1897,153.53851
United Kingdom,GBR,1898,153.69481
United Kingdom,GBR,1899,153.85109
United Kingdom,GBR,1900,154.00746
United Kingdom,GBR,1901,154.16386
United Kingdom,GBR,1902,154.32066
United Kingdom,GBR,1903,154.47751
United Kingdom,GBR,1904,154.63425
United Kingdom,GBR,1905,154.791
United Kingdom,GBR,1906,154.9483
United Kingdom,GBR,1907,155.10657
United Kingdom,GBR,1908,155.2657
United Kingdom,GBR,1909,155.42587
United Kingdom,GBR,1910,155.59006
United Kingdom,GBR,1911,155.76015
United Kingdom,GBR,1912,155.93779
United Kingdom,GBR,1913,156.12321
United Kingdom,GBR,1914,156.31612
United Kingdom,GBR,1915,156.51585
United Kingdom,GBR,1916,156.72133
United Kingdom,GBR,1917,156.93135
United Kingdom,GBR,1918,157.14351
United Kingdom,GBR,1919,157.35579
United Kingdom,GBR,1920,157.56812
United Kingdom,GBR,1921,157.77959
United Kingdom,GBR,1922,157.99063
United Kingdom,GBR,1923,158.20003
United Kingdom,GBR,1924,158.40825
United Kingdom,GBR,1925,158.6183
United Kingdom,GBR,1926,158.83017
United Kingdom,GBR,1927,159.0434
United Kingdom,GBR,1928,159.25792
United Kingdom,GBR,1929,159.47319
United Kingdom,GBR,1930,159.68698
United Kingdom,GBR,1931,159.89493
United Kingdom,GBR,1932,160.09573
United Kingdom,GBR,1933,160.28996
United Kingdom,GBR,1934,160.47878
United Kingdom,GBR,1935,160.66225
United Kingdom,GBR,1936,160.84067
United Kingdom,GBR,1937,161.01315
United Kingdom,GBR,1938,161.17764
United Kingdom,GBR,1939,161.33258
United Kingdom,GBR,1940,161.47542
United Kingdom,GBR,1941,161.60405
United Kingdom,GBR,1942,161.71936
United Kingdom,GBR,1943,161.82327
United Kingdom,GBR,1944,161.917
United Kingdom,GBR,1945,162.00218
United Kingdom,GBR,1946,162.08147
United Kingdom,GBR,1947,162.15572
United Kingdom,GBR,1948,162.22606
United Kingdom,GBR,1949,162.29417
United Kingdom,GBR,1950,162.36272
United Kingdom,GBR,1951,162.43272
United Kingdom,GBR,1952,162.50415
United Kingdom,GBR,1953,162.57825
United Kingdom,GBR,1954,162.65453
United Kingdom,GBR,1955,162.73193
United Kingdom,GBR,1956,162.80943
United Kingdom,GBR,1957,162.8874
United Kingdom,GBR,1958,162.96637
United Kingdom,GBR,1959,163.0452
United Kingdom,GBR,1960,163.12402
United Kingdom,GBR,1961,163.20311
United Kingdom,GBR,1962,163.28069
United Kingdom,GBR,1963,163.35402
United Kingdom,GBR,1964,163.4196
United Kingdom,GBR,1965,163.4759
United Kingdom,GBR,1966,163.52234
United Kingdom,GBR,1967,163.5606
United Kingdom,GBR,1968,163.59192
United Kingdom,GBR,1969,163.61845
United Kingdom,GBR,1970,163.64125
United Kingdom,GBR,1971,163.66228
United Kingdom,GBR,1972,163.68266
United Kingdom,GBR,1973,163.7025
United Kingdom,GBR,1974,163.72205
United Kingdom,GBR,1975,163.74045
United Kingdom,GBR,1976,163.7573
United Kingdom,GBR,1977,163.77223
United Kingdom,GBR,1978,163.78522
United Kingdom,GBR,1979,163.79764
United Kingdom,GBR,1980,163.8121
United Kingdom,GBR,1981,163.83032
United Kingdom,GBR,1982,163.85402
United Kingdom,GBR,1983,163.88419
United Kingdom,GBR,1984,163.91959
United Kingdom,GBR,1985,163.95879
United Kingdom,GBR,1986,164.0002
United Kingdom,GBR,1987,164.04245
United Kingdom,GBR,1988,164.08414
United Kingdom,GBR,1989,164.12495
United Kingdom,GBR,1990,164.16461
United Kingdom,GBR,1991,164.20482
United Kingdom,GBR,1992,164.24501
United Kingdom,GBR,1993,164.285
United Kingdom,GBR,1994,164.32407
United Kingdom,GBR,1995,164.36305
United Kingdom,GBR,1996,164.40205
United States,USA,1896,158.51492
United States,USA,1897,158.57022
United States,USA,1898,158.62584
United States,USA,1899,158.6818
United States,USA,1900,158.73798
United States,USA,1901,158.79465
United States,USA,1902,158.85193
United States,USA,1903,158.90971
United States,USA,1904,158.96748
United States,USA,1905,159.0254
United States,USA,1906,159.08426
United States,USA,1907,159.1443
United States,USA,1908,159.20569
United States,USA,1909,159.26869
United States,USA,1910,159.33527
United States,USA,1911,159.40735
United States,USA,1912,159.48608
United States,USA,1913,159.57143
United States,USA,1914,159.66321
United States,USA,1915,159.76125
United States,USA,1916,159.86531
United States,USA,1917,159.97449
United States,USA,1918,160.0877
United States,USA,1919,160.20378
United States,USA,1920,160.32304
United States,USA,1921,160.4456
United States,USA,1922,160.57155
United States,USA,1923,160.69998
United States,USA,1924,160.83104
United States,USA,1925,160.96675
United States,USA,1926,161.10638
United States,USA,1927,161.24918
United States,USA,1928,161.39479
United States,USA,1929,161.54245
United States,USA,1930,161.69037
United States,USA,1931,161.83427
United States,USA,1932,161.97311
United States,USA,1933,162.10724
United States,USA,1934,162.23752
United States,USA,1935,162.36436
United States,USA,1936,162.48756
United States,USA,1937,162.60634
United States,USA,1938,162.7182
United States,USA,1939,162.82079
United States,USA,1940,162.91165
United States,USA,1941,162.9893
United States,USA,1942,163.05473
United States,USA,1943,163.10991
United States,USA,1944,163.1566
United States,USA,1945,163.19695
United States,USA,1946,163.23288
United States,USA,1947,163.26538
United States,USA,1948,163.29553
United States,USA,1949,163.32495
United States,USA,1950,163.35568
United States,USA,1951,163.38843
United States,USA,1952,163.42279
United States,USA,1953,163.45992
United States,USA,1954,163.49933
United States,USA,1955,163.54025
United States,USA,1956,163.58113
United States,USA,1957,163.62296
United States,USA,1958,163.66609
United States,USA,1959,163.71036
United States,USA,1960,163.75604
United States,USA,1961,163.80338
United States,USA,1962,163.85048
United States,USA,1963,163.89464
United States,USA,1964,163.93294
United States,USA,1965,163.96356
United States,USA,1966,163.98589
United States,USA,1967,164.00139
United States,USA,1968,164.01064
United States,USA,1969,164.0152
United States,USA,1970,164.01524
United States,USA,1971,164.01189
United States,USA,1972,164.00578
United States,USA,1973,163.99722
United States,USA,1974,163.98587
United States,USA,1975,163.9711
United States,USA,1976,163.95221
United States,USA,1977,163.92899
United States,USA,1978,163.90121
United States,USA,1979,163.87048
United States,USA,1980,163.83958
United States,USA,1981,163.81013
United States,USA,1982,163.78397
United States,USA,1983,163.76233
United States,USA,1984,163.74405
United States,USA,1985,163.72807
United States,USA,1986,163.71347
United States,USA,1987,163.6991
United States,USA,1988,163.6834
United States,USA,1989,163.66672
United States,USA,1990,163.64879
United States,USA,1991,163.63103
United States,USA,1992,163.61307
United States,USA,1993,163.59491
United States,USA,1994,163.57594
United States,USA,1995,163.55708
United States,USA,1996,163.53813
Uruguay,URY,1896,149.60764
Uruguay,URY,1897,149.78043
Uruguay,URY,1898,149.95361
Uruguay,URY,1899,150.12665
Uruguay,URY,1900,150.29942
Uruguay,URY,1901,150.47209
Uruguay,URY,1902,150.64429
Uruguay,URY,1903,150.8159
Uruguay,URY,1904,150.98654
Uruguay,URY,1905,151.1562
Uruguay,URY,1906,151.32487
Uruguay,URY,1907,151.4929
Uruguay,URY,1908,151.66026
Uruguay,URY,1909,151.82692
Uruguay,URY,1910,151.99402
Uruguay,URY,1911,152.16219
Uruguay,URY,1912,152.33182
Uruguay,URY,1913,152.50352
Uruguay,URY,1914,152.67749
Uruguay,URY,1915,152.85385
Uruguay,URY,1916,153.03323
Uruguay,URY,1917,153.21593
Uruguay,URY,1918,153.40108
Uruguay,URY,1919,153.58798
Uruguay,URY,1920,153.77682
Uruguay,URY,1921,153.96625
Uruguay,URY,1922,154.15488
Uruguay,URY,1923,154.342
Uruguay,URY,1924,154.5279
Uruguay,URY,1925,154.71323
Uruguay,URY,1926,154.89789
Uruguay,URY,1927,155.08215
Uruguay,URY,1928,155.26552
Uruguay,URY,1929,155.44818
Uruguay,URY,1930,155.62901
Uruguay,URY,1931,155.8062
Uruguay,URY,1932,155.97899
Uruguay,URY,1933,156.14801
Uruguay,URY,1934,156.31444
Uruguay,URY,1935,156.47852
Uruguay,URY,1936,156.6407
Uruguay,URY,1937,156.80072
Uruguay,URY,1938,156.95851
Uruguay,URY,1939,157.11288
Uruguay,URY,1940,157.2635
Uruguay,URY,1941,157.41005
Uruguay,URY,1942,157.55286
Uruguay,URY,1943,157.69333
Uruguay,URY,1944,157.83183
Uruguay,URY,1945,157.96829
Uruguay,URY,1946,158.10365
Uruguay,URY,1947,158.23843
Uruguay,URY,1948,158.37254
Uruguay,URY,1949,158.50568
Uruguay,URY,1950,158.63756
Uruguay,URY,1951,158.7678
Uruguay,URY,1952,158.89479
Uruguay,URY,1953,159.01872
Uruguay,URY,1954,159.13951
Uruguay,URY,1955,159.25827
Uruguay,URY,1956,159.37463
Uruguay,URY,1957,159.48923
Uruguay,URY,1958,159.60243
Uruguay,URY,1959,159.71426
Uruguay,URY,1960,159.8247
Uruguay,URY,1961,159.93338
Uruguay,URY,1962,160.03993
Uruguay,URY,1963,160.14215
Uruguay,URY,1964,160.23836
Uruguay,URY,1965,160.32802
Uruguay,URY,1966,160.41093
Uruguay,URY,1967,160.48796
Uruguay,URY,1968,160.55936
Uruguay,URY,1969,160.62666
Uruguay,URY,1970,160.69029
Uruguay,URY,1971,160.75174
Uruguay,URY,1972,160.81197
Uruguay,URY,1973,160.87125
Uruguay,URY,1974,160.92996
Uruguay,URY,1975,160.98706
Uruguay,URY,1976,161.04167
Uruguay,URY,1977,161.09384
Uruguay,URY,1978,161.14418
Uruguay,URY,1979,161.19365
Uruguay,URY,1980,161.24382
Uruguay,URY,1981,161.29544
Uruguay,URY,1982,161.34946
Uruguay,URY,1983,161.40584
Uruguay,URY,1984,161.46411
Uruguay,URY,1985,161.52318
Uruguay,URY,1986,161.58163
Uruguay,URY,1987,161.63895
Uruguay,URY,1988,161.69432
Uruguay,URY,1989,161.74818
Uruguay,URY,1990,161.80135
Uruguay,URY,1991,161.85472
Uruguay,URY,1992,161.90877
Uruguay,URY,1993,161.96353
Uruguay,URY,1994,162.01834
Uruguay,URY,1995,162.07323
Uruguay,URY,1996,162.1282
Uzbekistan,UZB,1896,150.87547
Uzbekistan,UZB,1897,151.03821
Uzbekistan,UZB,1898,151.20146
Uzbekistan,UZB,1899,151.36487
Uzbekistan,UZB,1900,151.52821
Uzbekistan,UZB,1901,151.69124
Uzbekistan,UZB,1902,151.85405
Uzbekistan,UZB,1903,152.01602
Uzbekistan,UZB,1904,152.17693
Uzbekistan,UZB,1905,152.33699
Uzbekistan,UZB,1906,152.49611
Uzbekistan,UZB,1907,152.65428
Uzbekistan,UZB,1908,152.81131
Uzbekistan,UZB,1909,152.96721
Uzbekistan,UZB,1910,153.12305
Uzbekistan,UZB,1911,153.27895
Uzbekistan,UZB,1912,153.43533
Uzbekistan,UZB,1913,153.59229
Uzbekistan,UZB,1914,153.7498
Uzbekistan,UZB,1915,153.90808
Uzbekistan,UZB,1916,154.0672
Uzbekistan,UZB,1917,154.22746
Uzbekistan,UZB,1918,154.38858
Uzbekistan,UZB,1919,154.54947
Uzbekistan,UZB,1920,154.71039
Uzbekistan,UZB,1921,154.87009
Uzbekistan,UZB,1922,155.0285
Uzbekistan,UZB,1923,155.18483
Uzbekistan,UZB,1924,155.33922
Uzbekistan,UZB,1925,155.4926
Uzbekistan,UZB,1926,155.64496
Uzbekistan,UZB,1927,155.79633
Uzbekistan,UZB,1928,155.947
Uzbekistan,UZB,1929,156.09703
Uzbekistan,UZB,1930,156.2465
Uzbekistan,UZB,1931,156.3941
Uzbekistan,UZB,1932,156.54
Uzbekistan,UZB,1933,156.68442
Uzbekistan,UZB,1934,156.82811
Uzbekistan,UZB,1935,156.97096
Uzbekistan,UZB,1936,157.11238
Uzbekistan,UZB,1937,157.25185
Uzbekistan,UZB,1938,157.38838
Uzbekistan,UZB,1939,157.5209
Uzbekistan,UZB,1940,157.64925
Uzbekistan,UZB,1941,157.77333
Uzbekistan,UZB,1942,157.89265
Uzbekistan,UZB,1943,158.00839
Uzbekistan,UZB,1944,158.12115
Uzbekistan,UZB,1945,158.23102
Uzbekistan,UZB,1946,158.33774
Uzbekistan,UZB,1947,158.44112
Uzbekistan,UZB,1948,158.54013
Uzbekistan,UZB,1949,158.63446
Uzbekistan,UZB,1950,158.72447
Uzbekistan,UZB,1951,158.80989
Uzbekistan,UZB,1952,158.88965
Uzbekistan,UZB,1953,158.96443
Uzbekistan,UZB,1954,159.03372
Uzbekistan,UZB,1955,159.09807
Uzbekistan,UZB,1956,159.15707
Uzbekistan,UZB,1957,159.21112
Uzbekistan,UZB,1958,159.26105
Uzbekistan,UZB,1959,159.30681
Uzbekistan,UZB,1960,159.3491
Uzbekistan,UZB,1961,159.38744
Uzbekistan,UZB,1962,159.42087
Uzbekistan,UZB,1963,159.44781
Uzbekistan,UZB,1964,159.46762
Uzbekistan,UZB,1965,159.47961
Uzbekistan,UZB,1966,159.48407
Uzbekistan,UZB,1967,159.48235
Uzbekistan,UZB,1968,159.47423
Uzbekistan,UZB,1969,159.45958
Uzbekistan,UZB,1970,159.4386
Uzbekistan,UZB,1971,159.41168
Uzbekistan,UZB,1972,159.37988
Uzbekistan,UZB,1973,159.3436
Uzbekistan,UZB,1974,159.30444
Uzbekistan,UZB,1975,159.26172
Uzbekistan,UZB,1976,159.2154
Uzbekistan,UZB,1977,159.16508
Uzbekistan,UZB,1978,159.11153
Uzbekistan,UZB,1979,159.05515
Uzbekistan,UZB,1980,158.9972
Uzbekistan,UZB,1981,158.93848
Uzbekistan,UZB,1982,158.87968
Uzbekistan,UZB,1983,158.82103
Uzbekistan,UZB,1984,158.76204
Uzbekistan,UZB,1985,158.70174
Uzbekistan,UZB,1986,158.6387
Uzbekistan,UZB,1987,158.57222
Uzbekistan,UZB,1988,158.50125
Uzbekistan,UZB,1989,158.42574
Uzbekistan,UZB,1990,158.3453
Uzbekistan,UZB,1991,158.26137
Uzbekistan,UZB,1992,158.17503
Uzbekistan,UZB,1993,158.08687
Uzbekistan,UZB,1994,157.99702
Uzbekistan,UZB,1995,157.90634
Uzbekistan,UZB,1996,157.81598
Vanuatu,VUT,1896,152.7164
Vanuatu,VUT,1897,152.86656
Vanuatu,VUT,1898,153.01723
Vanuatu,VUT,1899,153.16803
Vanuatu,VUT,1900,153.31831
Vanuatu,VUT,1901,153.46768
Vanuatu,VUT,1902,153.61586
Vanuatu,VUT,1903,153.76202
Vanuatu,VUT,1904,153.90598
Vanuatu,VUT,1905,154.0476
Vanuatu,VUT,1906,154.1864
Vanuatu,VUT,1907,154.32224
Vanuatu,VUT,1908,154.45526
Vanuatu,VUT,1909,154.58556
Vanuatu,VUT,1910,154.71346
Vanuatu,VUT,1911,154.83957
Vanuatu,VUT,1912,154.96419
Vanuatu,VUT,1913,155.0874
Vanuatu,VUT,1914,155.20941
Vanuatu,VUT,1915,155.33
Vanuatu,VUT,1916,155.44933
Vanuatu,VUT,1917,155.56723
Vanuatu,VUT,1918,155.68343
Vanuatu,VUT,1919,155.79745
Vanuatu,VUT,1920,155.9096
Vanuatu,VUT,1921,156.01949
Vanuatu,VUT,1922,156.1265
Vanuatu,VUT,1923,156.23048
Vanuatu,VUT,1924,156.3316
Vanuatu,VUT,1925,156.431
Vanuatu,VUT,1926,156.52945
Vanuatu,VUT,1927,156.6263
Vanuatu,VUT,1928,156.72166
Vanuatu,VUT,1929,156.8158
Vanuatu,VUT,1930,156.9085
Vanuatu,VUT,1931,156.99825
Vanuatu,VUT,1932,157.0854
Vanuatu,VUT,1933,157.17094
Vanuatu,VUT,1934,157.25606
Vanuatu,VUT,1935,157.34096
Vanuatu,VUT,1936,157.42601
Vanuatu,VUT,1937,157.5111
Vanuatu,VUT,1938,157.59575
Vanuatu,VUT,1939,157.67986
Vanuatu,VUT,1940,157.7629
Vanuatu,VUT,1941,157.84468
Vanuatu,VUT,1942,157.92595
Vanuatu,VUT,1943,158.00783
Vanuatu,VUT,1944,158.0901
Vanuatu,VUT,1945,158.17319
Vanuatu,VUT,1946,158.25719
Vanuatu,VUT,1947,158.3415
Vanuatu,VUT,1948,158.42561
Vanuatu,VUT,1949,158.5088
Vanuatu,VUT,1950,158.59145
Vanuatu,VUT,1951,158.67316
Vanuatu,VUT,1952,158.75343
Vanuatu,VUT,1953,158.83157
Vanuatu,VUT,1954,158.90733
Vanuatu,VUT,1955,158.98099
Vanuatu,VUT,1956,159.05235
Vanuatu,VUT,1957,159.12183
Vanuatu,VUT,1958,159.18907
Vanuatu,VUT,1959,159.254
Vanuatu,VUT,1960,159.31625
Vanuatu,VUT,1961,159.37561
Vanuatu,VUT,1962,159.43149
Vanuatu,VUT,1963,159.48218
Vanuatu,VUT,1964,159.52618
Vanuatu,VUT,1965,159.56291
Vanuatu,VUT,1966,159.59212
Vanuatu,VUT,1967,159.61455
Vanuatu,VUT,1968,159.63005
Vanuatu,VUT,1969,159.63882
Vanuatu,VUT,1970,159.64099
Vanuatu,VUT,1971,159.63643
Vanuatu,VUT,1972,159.6256
Vanuatu,VUT,1973,159.60841
Vanuatu,VUT,1974,159.58517
Vanuatu,VUT,1975,159.55551
Vanuatu,VUT,1976,159.51909
Vanuatu,VUT,1977,159.47545
Vanuatu,VUT,1978,159.42545
Vanuatu,VUT,1979,159.37016
Vanuatu,VUT,1980,159.31111
Vanuatu,VUT,1981,159.24951
Vanuatu,VUT,1982,159.18614
Vanuatu,VUT,1983,159.12173
Vanuatu,VUT,1984,159.05609
Vanuatu,VUT,1985,158.98894
Vanuatu,VUT,1986,158.9199
Vanuatu,VUT,1987,158.8486
Vanuatu,VUT,1988,158.77519
Vanuatu,VUT,1989,158.70052
Vanuatu,VUT,1990,158.62486
Vanuatu,VUT,1991,158.54912
Vanuatu,VUT,1992,158.47348
Vanuatu,VUT,1993,158.398
Vanuatu,VUT,1994,158.32253
Vanuatu,VUT,1995,158.24698
Vanuatu,VUT,1996,158.17175
Venezuela,VEN,1896,144.73544
Venezuela,VEN,1897,144.94507
Venezuela,VEN,1898,145.15515
Venezuela,VEN,1899,145.3652
Venezuela,VEN,1900,145.57501
Venezuela,VEN,1901,145.7846
Venezuela,VEN,1902,145.9934
Venezuela,VEN,1903,146.20152
Venezuela,VEN,1904,146.40831
Venezuela,VEN,1905,146.61433
Venezuela,VEN,1906,146.81973
Venezuela,VEN,1907,147.02435
Venezuela,VEN,1908,147.22824
Venezuela,VEN,1909,147.43126
Venezuela,VEN,1910,147.63423
Venezuela,VEN,1911,147.83797
Venezuela,VEN,1912,148.04309
Venezuela,VEN,1913,148.25005
Venezuela,VEN,1914,148.45897
Venezuela,VEN,1915,148.67033
Venezuela,VEN,1916,148.88423
Venezuela,VEN,1917,149.10059
Venezuela,VEN,1918,149.31888
Venezuela,VEN,1919,149.53801
Venezuela,VEN,1920,149.75833
Venezuela,VEN,1921,149.97838
Venezuela,VEN,1922,150.19681
Venezuela,VEN,1923,150.4124
Venezuela,VEN,1924,150.62534
Venezuela,VEN,1925,150.8364
Venezuela,VEN,1926,151.04573
Venezuela,VEN,1927,151.25343
Venezuela,VEN,1928,151.45924
Venezuela,VEN,1929,151.66362
Venezuela,VEN,1930,151.86536
Venezuela,VEN,1931,152.06303
Venezuela,VEN,1932,152.25597
Venezuela,VEN,1933,152.44534
Venezuela,VEN,1934,152.6321
Venezuela,VEN,1935,152.81664
Venezuela,VEN,1936,152.99998
Venezuela,VEN,1937,153.18123
Venezuela,VEN,1938,153.36043
Venezuela,VEN,1939,153.53593
Venezuela,VEN,1940,153.70728
Venezuela,VEN,1941,153.87402
Venezuela,VEN,1942,154.0364
Venezuela,VEN,1943,154.19551
Venezuela,VEN,1944,154.35204
Venezuela,VEN,1945,154.50644
Venezuela,VEN,1946,154.65955
Venezuela,VEN,1947,154.81137
Venezuela,VEN,1948,154.96132
Venezuela,VEN,1949,155.10889
Venezuela,VEN,1950,155.2534
Venezuela,VEN,1951,155.39368
Venezuela,VEN,1952,155.52878
Venezuela,VEN,1953,155.65796
Venezuela,VEN,1954,155.78029
Venezuela,VEN,1955,155.89638
Venezuela,VEN,1956,156.0063
Venezuela,VEN,1957,156.10983
Venezuela,VEN,1958,156.2075
Venezuela,VEN,1959,156.29924
Venezuela,VEN,1960,156.38506
Venezuela,VEN,1961,156.46486
Venezuela,VEN,1962,156.53914
Venezuela,VEN,1963,156.60663
Venezuela,VEN,1964,156.66612
Venezuela,VEN,1965,156.71703
Venezuela,VEN,1966,156.75946
Venezuela,VEN,1967,156.79445
Venezuela,VEN,1968,156.82236
Venezuela,VEN,1969,156.84521
Venezuela,VEN,1970,156.86337
Venezuela,VEN,1971,156.87848
Venezuela,VEN,1972,156.8914
Venezuela,VEN,1973,156.90292
Venezuela,VEN,1974,156.91399
Venezuela,VEN,1975,156.92474
Venezuela,VEN,1976,156.93439
Venezuela,VEN,1977,156.94336
Venezuela,VEN,1978,156.95229
Venezuela,VEN,1979,156.96216
Venezuela,VEN,1980,156.97491
Venezuela,VEN,1981,156.9915
Venezuela,VEN,1982,157.01358
Venezuela,VEN,1983,157.04012
Venezuela,VEN,1984,157.07033
Venezuela,VEN,1985,157.10306
Venezuela,VEN,1986,157.13632
Venezuela,VEN,1987,157.16899
Venezuela,VEN,1988,157.2002
Venezuela,VEN,1989,157.23004
Venezuela,VEN,1990,157.25888
Venezuela,VEN,1991,157.28796
Venezuela,VEN,1992,157.31754
Venezuela,VEN,1993,157.34727
Venezuela,VEN,1994,157.37665
Venezuela,VEN,1995,157.40611
Venezuela,VEN,1996,157.4353
Vietnam,VNM,1896,144.78065
Vietnam,VNM,1897,144.8971
Vietnam,VNM,1898,145.01404
Vietnam,VNM,1899,145.13118
Vietnam,VNM,1900,145.24785
Vietnam,VNM,1901,145.36427
Vietnam,VNM,1902,145.48007
Vietnam,VNM,1903,145.59464
Vietnam,VNM,1904,145.70746
Vietnam,VNM,1905,145.8187
Vietnam,VNM,1906,145.92847
Vietnam,VNM,1907,146.03651
Vietnam,VNM,1908,146.14313
Vietnam,VNM,1909,146.24832
Vietnam,VNM,1910,146.35307
Vietnam,VNM,1911,146.45764
Vietnam,VNM,1912,146.56303
Vietnam,VNM,1913,146.66936
Vietnam,VNM,1914,146.77673
Vietnam,VNM,1915,146.8857
Vietnam,VNM,1916,146.99673
Vietnam,VNM,1917,147.11066
Vietnam,VNM,1918,147.2275
Vietnam,VNM,1919,147.34795
Vietnam,VNM,1920,147.47273
Vietnam,VNM,1921,147.60197
Vietnam,VNM,1922,147.73605
Vietnam,VNM,1923,147.875
Vietnam,VNM,1924,148.01926
Vietnam,VNM,1925,148.17192
Vietnam,VNM,1926,148.3326
Vietnam,VNM,1927,148.49977
Vietnam,VNM,1928,148.6722
Vietnam,VNM,1929,148.84866
Vietnam,VNM,1930,149.02779
Vietnam,VNM,1931,149.2081
Vietnam,VNM,1932,149.39055
Vietnam,VNM,1933,149.57593
Vietnam,VNM,1934,149.76535
Vietnam,VNM,1935,149.95824
Vietnam,VNM,1936,150.15367
Vietnam,VNM,1937,150.34962
Vietnam,VNM,1938,150.5443
Vietnam,VNM,1939,150.7355
Vietnam,VNM,1940,150.92241
Vietnam,VNM,1941,151.10556
Vietnam,VNM,1942,151.2859
Vietnam,VNM,1943,151.465
Vietnam,VNM,1944,151.6441
Vietnam,VNM,1945,151.8219
Vietnam,VNM,1946,151.9974
Vietnam,VNM,1947,152.16905
Vietnam,VNM,1948,152.33502
Vietnam,VNM,1949,152.49397
Vietnam,VNM,1950,152.64415
Vietnam,VNM,1951,152.78426
Vietnam,VNM,1952,152.91249
Vietnam,VNM,1953,153.028
Vietnam,VNM,1954,153.13004
Vietnam,VNM,1955,153.21886
Vietnam,VNM,1956,153.2947
Vietnam,VNM,1957,153.3584
Vietnam,VNM,1958,153.41096
Vietnam,VNM,1959,153.45322
Vietnam,VNM,1960,153.48671
Vietnam,VNM,1961,153.51208
Vietnam,VNM,1962,153.5298
Vietnam,VNM,1963,153.53899
Vietnam,VNM,1964,153.53983
Vietnam,VNM,1965,153.53377
Vietnam,VNM,1966,153.52306
Vietnam,VNM,1967,153.50986
Vietnam,VNM,1968,153.49437
Vietnam,VNM,1969,153.47635
Vietnam,VNM,1970,153.45587
Vietnam,VNM,1971,153.4337
Vietnam,VNM,1972,153.41045
Vietnam,VNM,1973,153.38747
Vietnam,VNM,1974,153.36562
Vietnam,VNM,1975,153.34485
Vietnam,VNM,1976,153.32596
Vietnam,VNM,1977,153.30872
Vietnam,VNM,1978,153.29343
Vietnam,VNM,1979,153.28069
Vietnam,VNM,1980,153.27214
Vietnam,VNM,1981,153.26888
Vietnam,VNM,1982,153.2702
Vietnam,VNM,1983,153.27643
Vietnam,VNM,1984,153.28711
Vietnam,VNM,1985,153.3013
Vietnam,VNM,1986,153.31862
Vietnam,VNM,1987,153.33798
Vietnam,VNM,1988,153.35918
Vietnam,VNM,1989,153.38237
Vietnam,VNM,1990,153.4073
Vietnam,VNM,1991,153.43459
Vietnam,VNM,1992,153.46405
Vietnam,VNM,1993,153.49557
Vietnam,VNM,1994,153.52805
Vietnam,VNM,1995,153.5605
Vietnam,VNM,1996,153.5935
World,OWID_WRL,1896,151.1473
World,OWID_WRL,1897,151.2914
World,OWID_WRL,1898,151.43575
World,OWID_WRL,1899,151.58015
World,OWID_WRL,1900,151.72443
World,OWID_WRL,1901,151.86832
World,OWID_WRL,1902,152.01175
World,OWID_WRL,1903,152.1542
World,OWID_WRL,1904,152.2954
World,OWID_WRL,1905,152.43549
World,OWID_WRL,1906,152.5745
World,OWID_WRL,1907,152.71245
World,OWID_WRL,1908,152.8495
World,OWID_WRL,1909,152.98586
World,OWID_WRL,1910,153.12227
World,OWID_WRL,1911,153.25954
World,OWID_WRL,1912,153.39824
World,OWID_WRL,1913,153.53854
World,OWID_WRL,1914,153.68048
World,OWID_WRL,1915,153.82422
World,OWID_WRL,1916,153.96964
World,OWID_WRL,1917,154.11674
World,OWID_WRL,1918,154.265
World,OWID_WRL,1919,154.41354
World,OWID_WRL,1920,154.56232
World,OWID_WRL,1921,154.7104
World,OWID_WRL,1922,154.85736
World,OWID_WRL,1923,155.00221
World,OWID_WRL,1924,155.14534
World,OWID_WRL,1925,155.28815
World,OWID_WRL,1926,155.43077
World,OWID_WRL,1927,155.57317
World,OWID_WRL,1928,155.71548
World,OWID_WRL,1929,155.85776
World,OWID_WRL,1930,155.9996
World,OWID_WRL,1931,156.13968
World,OWID_WRL,1932,156.27815
World,OWID_WRL,1933,156.4159
World,OWID_WRL,1934,156.55379
World,OWID_WRL,1935,156.6918
World,OWID_WRL,1936,156.82973
World,OWID_WRL,1937,156.96677
World,OWID_WRL,1938,157.10197
World,OWID_WRL,1939,157.23448
World,OWID_WRL,1940,157.3634
World,OWID_WRL,1941,157.48831
World,OWID_WRL,1942,157.60944
World,OWID_WRL,1943,157.72801
World,OWID_WRL,1944,157.84477
World,OWID_WRL,1945,157.9599
World,OWID_WRL,1946,158.07372
World,OWID_WRL,1947,158.1861
World,OWID_WRL,1948,158.29633
World,OWID_WRL,1949,158.4044
World,OWID_WRL,1950,158.51057
World,OWID_WRL,1951,158.61441
World,OWID_WRL,1952,158.71474
World,OWID_WRL,1953,158.81148
World,OWID_WRL,1954,158.90414
World,OWID_WRL,1955,158.99297
World,OWID_WRL,1956,159.07776
World,OWID_WRL,1957,159.15913
World,OWID_WRL,1958,159.23763
World,OWID_WRL,1959,159.31302
World,OWID_WRL,1960,159.38531
World,OWID_WRL,1961,159.45432
World,OWID_WRL,1962,159.51927
World,OWID_WRL,1963,159.57848
World,OWID_WRL,1964,159.63048
World,OWID_WRL,1965,159.67491
World,OWID_WRL,1966,159.71233
World,OWID_WRL,1967,159.74376
World,OWID_WRL,1968,159.76942
World,OWID_WRL,1969,159.78989
World,OWID_WRL,1970,159.80508
World,OWID_WRL,1971,159.81567
World,OWID_WRL,1972,159.82208
World,OWID_WRL,1973,159.82489
World,OWID_WRL,1974,159.825
World,OWID_WRL,1975,159.82191
World,OWID_WRL,1976,159.81537
World,OWID_WRL,1977,159.80504
World,OWID_WRL,1978,159.79135
World,OWID_WRL,1979,159.775
World,OWID_WRL,1980,159.75792
World,OWID_WRL,1981,159.74126
World,OWID_WRL,1982,159.72607
World,OWID_WRL,1983,159.71266
World,OWID_WRL,1984,159.70035
World,OWID_WRL,1985,159.68826
World,OWID_WRL,1986,159.67557
World,OWID_WRL,1987,159.66139
World,OWID_WRL,1988,159.64519
World,OWID_WRL,1989,159.62752
World,OWID_WRL,1990,159.6084
World,OWID_WRL,1991,159.58913
World,OWID_WRL,1992,159.56987
World,OWID_WRL,1993,159.55058
World,OWID_WRL,1994,159.53094
World,OWID_WRL,1995,159.5113
World,OWID_WRL,1996,159.49168
Yemen,YEM,1896,145.1016
Yemen,YEM,1897,145.26184
Yemen,YEM,1898,145.42227
Yemen,YEM,1899,145.58278
Yemen,YEM,1900,145.74324
Yemen,YEM,1901,145.90298
Yemen,YEM,1902,146.06255
Yemen,YEM,1903,146.22118
Yemen,YEM,1904,146.3787
Yemen,YEM,1905,146.53534
Yemen,YEM,1906,146.69148
Yemen,YEM,1907,146.84703
Yemen,YEM,1908,147.0017
Yemen,YEM,1909,147.15608
Yemen,YEM,1910,147.3104
Yemen,YEM,1911,147.46515
Yemen,YEM,1912,147.62126
Yemen,YEM,1913,147.77882
Yemen,YEM,1914,147.93752
Yemen,YEM,1915,148.09758
Yemen,YEM,1916,148.2593
Yemen,YEM,1917,148.42282
Yemen,YEM,1918,148.58818
Yemen,YEM,1919,148.75435
Yemen,YEM,1920,148.92136
Yemen,YEM,1921,149.08789
Yemen,YEM,1922,149.25351
Yemen,YEM,1923,149.41711
Yemen,YEM,1924,149.5793
Yemen,YEM,1925,149.74095
Yemen,YEM,1926,149.90211
Yemen,YEM,1927,150.06273
Yemen,YEM,1928,150.22325
Yemen,YEM,1929,150.3846
Yemen,YEM,1930,150.54724
Yemen,YEM,1931,150.7099
Yemen,YEM,1932,150.87318
Yemen,YEM,1933,151.03787
Yemen,YEM,1934,151.20401
Yemen,YEM,1935,151.37108
Yemen,YEM,1936,151.53845
Yemen,YEM,1937,151.70505
Yemen,YEM,1938,151.86961
Yemen,YEM,1939,152.03256
Yemen,YEM,1940,152.19345
Yemen,YEM,1941,152.35187
Yemen,YEM,1942,152.50734
Yemen,YEM,1943,152.66113
Yemen,YEM,1944,152.81337
Yemen,YEM,1945,152.9644
Yemen,YEM,1946,153.1136
Yemen,YEM,1947,153.26022
Yemen,YEM,1948,153.40303
Yemen,YEM,1949,153.54181
Yemen,YEM,1950,153.67683
Yemen,YEM,1951,153.80795
Yemen,YEM,1952,153.93379
Yemen,YEM,1953,154.05397
Yemen,YEM,1954,154.16818
Yemen,YEM,1955,154.2767
Yemen,YEM,1956,154.3786
Yemen,YEM,1957,154.47438
Yemen,YEM,1958,154.56438
Yemen,YEM,1959,154.6475
Yemen,YEM,1960,154.72412
Yemen,YEM,1961,154.79402
Yemen,YEM,1962,154.85635
Yemen,YEM,1963,154.90965
Yemen,YEM,1964,154.95361
Yemen,YEM,1965,154.98846
Yemen,YEM,1966,155.01588
Yemen,YEM,1967,155.0374
Yemen,YEM,1968,155.05252
Yemen,YEM,1969,155.0611
Yemen,YEM,1970,155.063
Yemen,YEM,1971,155.05902
Yemen,YEM,1972,155.04906
Yemen,YEM,1973,155.03383
Yemen,YEM,1974,155.01558
Yemen,YEM,1975,154.99326
Yemen,YEM,1976,154.96701
Yemen,YEM,1977,154.93608
Yemen,YEM,1978,154.9011
Yemen,YEM,1979,154.86273
Yemen,YEM,1980,154.8228
Yemen,YEM,1981,154.78217
Yemen,YEM,1982,154.74236
Yemen,YEM,1983,154.7027
Yemen,YEM,1984,154.66241
Yemen,YEM,1985,154.62077
Yemen,YEM,1986,154.57693
Yemen,YEM,1987,154.53003
Yemen,YEM,1988,154.47911
Yemen,YEM,1989,154.4241
Yemen,YEM,1990,154.36465
Yemen,YEM,1991,154.303
Yemen,YEM,1992,154.23918
Yemen,YEM,1993,154.17401
Yemen,YEM,1994,154.10675
Yemen,YEM,1995,154.03853
Yemen,YEM,1996,153.97038
Zambia,ZMB,1896,151.53284
Zambia,ZMB,1897,151.67393
Zambia,ZMB,1898,151.8153
Zambia,ZMB,1899,151.95659
Zambia,ZMB,1900,152.0975
Zambia,ZMB,1901,152.23788
Zambia,ZMB,1902,152.37813
Zambia,ZMB,1903,152.51741
Zambia,ZMB,1904,152.65564
Zambia,ZMB,1905,152.79274
Zambia,ZMB,1906,152.92812
Zambia,ZMB,1907,153.06233
Zambia,ZMB,1908,153.19543
Zambia,ZMB,1909,153.32747
Zambia,ZMB,1910,153.45944
Zambia,ZMB,1911,153.5917
Zambia,ZMB,1912,153.72452
Zambia,ZMB,1913,153.85791
Zambia,ZMB,1914,153.99226
Zambia,ZMB,1915,154.12793
Zambia,ZMB,1916,154.26428
Zambia,ZMB,1917,154.40182
Zambia,ZMB,1918,154.54008
Zambia,ZMB,1919,154.67847
Zambia,ZMB,1920,154.81691
Zambia,ZMB,1921,154.9548
Zambia,ZMB,1922,155.0917
Zambia,ZMB,1923,155.22636
Zambia,ZMB,1924,155.35915
Zambia,ZMB,1925,155.49185
Zambia,ZMB,1926,155.62474
Zambia,ZMB,1927,155.75815
Zambia,ZMB,1928,155.89287
Zambia,ZMB,1929,156.02893
Zambia,ZMB,1930,156.166
Zambia,ZMB,1931,156.30301
Zambia,ZMB,1932,156.44025
Zambia,ZMB,1933,156.57841
Zambia,ZMB,1934,156.71872
Zambia,ZMB,1935,156.86061
Zambia,ZMB,1936,157.00378
Zambia,ZMB,1937,157.147
Zambia,ZMB,1938,157.28935
Zambia,ZMB,1939,157.43047
Zambia,ZMB,1940,157.56908
Zambia,ZMB,1941,157.70464
Zambia,ZMB,1942,157.83699
Zambia,ZMB,1943,157.96706
Zambia,ZMB,1944,158.09483
Zambia,ZMB,1945,158.2198
Zambia,ZMB,1946,158.34172
Zambia,ZMB,1947,158.46056
Zambia,ZMB,1948,158.57527
Zambia,ZMB,1949,158.68568
Zambia,ZMB,1950,158.79274
Zambia,ZMB,1951,158.89508
Zambia,ZMB,1952,158.99065
Zambia,ZMB,1953,159.0785
Zambia,ZMB,1954,159.15753
Zambia,ZMB,1955,159.227
Zambia,ZMB,1956,159.28633
Zambia,ZMB,1957,159.33597
Zambia,ZMB,1958,159.37598
Zambia,ZMB,1959,159.40599
Zambia,ZMB,1960,159.42528
Zambia,ZMB,1961,159.43382
Zambia,ZMB,1962,159.43095
Zambia,ZMB,1963,159.41519
Zambia,ZMB,1964,159.38535
Zambia,ZMB,1965,159.34247
Zambia,ZMB,1966,159.2875
Zambia,ZMB,1967,159.2218
Zambia,ZMB,1968,159.14603
Zambia,ZMB,1969,159.06084
Zambia,ZMB,1970,158.96689
Zambia,ZMB,1971,158.86507
Zambia,ZMB,1972,158.75664
Zambia,ZMB,1973,158.6433
Zambia,ZMB,1974,158.52628
Zambia,ZMB,1975,158.40578
Zambia,ZMB,1976,158.28116
Zambia,ZMB,1977,158.15317
Zambia,ZMB,1978,158.02257
Zambia,ZMB,1979,157.88985
Zambia,ZMB,1980,157.7566
Zambia,ZMB,1981,157.62437
Zambia,ZMB,1982,157.49489
Zambia,ZMB,1983,157.3687
Zambia,ZMB,1984,157.24513
Zambia,ZMB,1985,157.12334
Zambia,ZMB,1986,157.00291
Zambia,ZMB,1987,156.88237
Zambia,ZMB,1988,156.76186
Zambia,ZMB,1989,156.64223
Zambia,ZMB,1990,156.52295
Zambia,ZMB,1991,156.40524
Zambia,ZMB,1992,156.28825
Zambia,ZMB,1993,156.17155
Zambia,ZMB,1994,156.05458
Zambia,ZMB,1995,155.93794
Zambia,ZMB,1996,155.82137
Zimbabwe,ZWE,1896,155.30153
Zimbabwe,ZWE,1897,155.41713
Zimbabwe,ZWE,1898,155.5332
Zimbabwe,ZWE,1899,155.64941
Zimbabwe,ZWE,1900,155.7652
Zimbabwe,ZWE,1901,155.88058
Zimbabwe,ZWE,1902,155.9955
Zimbabwe,ZWE,1903,156.10922
Zimbabwe,ZWE,1904,156.22162
Zimbabwe,ZWE,1905,156.33257
Zimbabwe,ZWE,1906,156.4426
Zimbabwe,ZWE,1907,156.55162
Zimbabwe,ZWE,1908,156.65952
Zimbabwe,ZWE,1909,156.76683
Zimbabwe,ZWE,1910,156.8739
Zimbabwe,ZWE,1911,156.98128
Zimbabwe,ZWE,1912,157.08972
Zimbabwe,ZWE,1913,157.19853
Zimbabwe,ZWE,1914,157.30803
Zimbabwe,ZWE,1915,157.41852
Zimbabwe,ZWE,1916,157.52956
Zimbabwe,ZWE,1917,157.64122
Zimbabwe,ZWE,1918,157.75319
Zimbabwe,ZWE,1919,157.8651
Zimbabwe,ZWE,1920,157.97667
Zimbabwe,ZWE,1921,158.08687
Zimbabwe,ZWE,1922,158.195
Zimbabwe,ZWE,1923,158.3006
Zimbabwe,ZWE,1924,158.40399
Zimbabwe,ZWE,1925,158.5064
Zimbabwe,ZWE,1926,158.60829
Zimbabwe,ZWE,1927,158.7093
Zimbabwe,ZWE,1928,158.81009
Zimbabwe,ZWE,1929,158.9105
Zimbabwe,ZWE,1930,159.0102
Zimbabwe,ZWE,1931,159.10818
Zimbabwe,ZWE,1932,159.20473
Zimbabwe,ZWE,1933,159.30037
Zimbabwe,ZWE,1934,159.39575
Zimbabwe,ZWE,1935,159.49075
Zimbabwe,ZWE,1936,159.5852
Zimbabwe,ZWE,1937,159.6788
Zimbabwe,ZWE,1938,159.77086
Zimbabwe,ZWE,1939,159.86078
Zimbabwe,ZWE,1940,159.94771
Zimbabwe,ZWE,1941,160.03114
Zimbabwe,ZWE,1942,160.11063
Zimbabwe,ZWE,1943,160.18756
Zimbabwe,ZWE,1944,160.2625
Zimbabwe,ZWE,1945,160.33466
Zimbabwe,ZWE,1946,160.4032
Zimbabwe,ZWE,1947,160.4682
Zimbabwe,ZWE,1948,160.52873
Zimbabwe,ZWE,1949,160.58473
Zimbabwe,ZWE,1950,160.63687
Zimbabwe,ZWE,1951,160.68462
Zimbabwe,ZWE,1952,160.72594
Zimbabwe,ZWE,1953,160.76085
Zimbabwe,ZWE,1954,160.7878
Zimbabwe,ZWE,1955,160.80736
Zimbabwe,ZWE,1956,160.81955
Zimbabwe,ZWE,1957,160.82512
Zimbabwe,ZWE,1958,160.82573
Zimbabwe,ZWE,1959,160.82224
Zimbabwe,ZWE,1960,160.8147
Zimbabwe,ZWE,1961,160.80351
Zimbabwe,ZWE,1962,160.78868
Zimbabwe,ZWE,1963,160.76892
Zimbabwe,ZWE,1964,160.74315
Zimbabwe,ZWE,1965,160.71123
Zimbabwe,ZWE,1966,160.67416
Zimbabwe,ZWE,1967,160.63281
Zimbabwe,ZWE,1968,160.58669
Zimbabwe,ZWE,1969,160.53587
Zimbabwe,ZWE,1970,160.47997
Zimbabwe,ZWE,1971,160.41843
Zimbabwe,ZWE,1972,160.35197
Zimbabwe,ZWE,1973,160.28055
Zimbabwe,ZWE,1974,160.20578
Zimbabwe,ZWE,1975,160.12709
Zimbabwe,ZWE,1976,160.0442
Zimbabwe,ZWE,1977,159.95688
Zimbabwe,ZWE,1978,159.86545
Zimbabwe,ZWE,1979,159.77025
Zimbabwe,ZWE,1980,159.67406
Zimbabwe,ZWE,1981,159.5786
Zimbabwe,ZWE,1982,159.48535
Zimbabwe,ZWE,1983,159.39459
Zimbabwe,ZWE,1984,159.3058
Zimbabwe,ZWE,1985,159.2177
Zimbabwe,ZWE,1986,159.12979
Zimbabwe,ZWE,1987,159.04065
Zimbabwe,ZWE,1988,158.95013
Zimbabwe,ZWE,1989,158.85901
Zimbabwe,ZWE,1990,158.767
Zimbabwe,ZWE,1991,158.67528
Zimbabwe,ZWE,1992,158.58394
Zimbabwe,ZWE,1993,158.49226
Zimbabwe,ZWE,1994,158.40002
Zimbabwe,ZWE,1995,158.30779
Zimbabwe,ZWE,1996,158.21518